seed,deletion_rate,window_label,half_life,selected_half_life,selected,validation_coverage,validation_mean_size,validation_query_count
17,0,count_250,7,7,True,0.9093904448,3780.499671,6070
17,0,count_250,14,7,False,0.9093904448,3780.499671,6070
17,0,count_250,30,7,False,0.9093904448,3780.499671,6070
17,0,count_250,inf,7,False,0.9093904448,3780.499671,6070
17,0,count_500,7,7,True,0.8991762768,3567.784514,6070
17,0,count_500,14,7,False,0.8991762768,3567.784514,6070
17,0,count_500,30,7,False,0.8991762768,3567.784514,6070
17,0,count_500,inf,7,False,0.8991762768,3567.784514,6070
17,0,count_1000,7,inf,False,0.9009884679,3590.639374,6070
17,0,count_1000,14,inf,False,0.9013179572,3595.736244,6070
17,0,count_1000,30,inf,False,0.9013179572,3595.736244,6070
17,0,count_1000,inf,inf,True,0.9009884679,3587.635914,6070
17,0,count_2000,7,7,True,0.9018121911,3584.1257,6070
17,0,count_2000,14,7,False,0.902306425,3588.392751,6070
17,0,count_2000,30,7,False,0.9024711697,3591.899341,6070
17,0,count_2000,inf,7,False,0.9024711697,3587.810708,6070
17,0.1,count_250,7,7,True,0.9113673806,3859.753377,6070
17,0.1,count_250,14,7,False,0.9113673806,3859.753377,6070
17,0.1,count_250,30,7,False,0.9113673806,3859.753377,6070
17,0.1,count_250,inf,7,False,0.9113673806,3859.753377,6070
17,0.1,count_500,7,7,True,0.8998352554,3676.708896,6070
17,0.1,count_500,14,7,False,0.8998352554,3676.708896,6070
17,0.1,count_500,30,7,False,0.8998352554,3676.708896,6070
17,0.1,count_500,inf,7,False,0.8998352554,3676.708896,6070
17,0.1,count_1000,7,inf,False,0.9029654036,3708.705437,6070
17,0.1,count_1000,14,inf,False,0.9029654036,3708.705437,6070
17,0.1,count_1000,30,inf,False,0.9029654036,3708.705437,6070
17,0.1,count_1000,inf,inf,True,0.9026359143,3697.21631,6070
17,0.1,count_2000,7,inf,False,0.9003294893,3626.919605,6070
17,0.1,count_2000,14,inf,False,0.9001647446,3627.731631,6070
17,0.1,count_2000,30,inf,False,0.9001647446,3627.237727,6070
17,0.1,count_2000,inf,inf,True,0.9,3622.018122,6070
17,0.2,count_250,7,7,True,0.9087314662,3846.675124,6070
17,0.2,count_250,14,7,False,0.9087314662,3846.675124,6070
17,0.2,count_250,30,7,False,0.9087314662,3846.675124,6070
17,0.2,count_250,inf,7,False,0.9087314662,3846.675124,6070
17,0.2,count_500,7,7,True,0.8993410214,3754.580066,6070
17,0.2,count_500,14,7,False,0.8993410214,3754.580066,6070
17,0.2,count_500,30,7,False,0.8993410214,3754.580066,6070
17,0.2,count_500,inf,7,False,0.8993410214,3754.580066,6070
17,0.2,count_1000,7,inf,False,0.9018121911,3742.74827,6070
17,0.2,count_1000,14,inf,False,0.9018121911,3742.74827,6070
17,0.2,count_1000,30,inf,False,0.9018121911,3742.74827,6070
17,0.2,count_1000,inf,inf,True,0.9016474465,3741.525371,6070
17,0.2,count_2000,7,inf,False,0.9013179572,3709.157002,6070
17,0.2,count_2000,14,inf,False,0.9011532125,3712.518781,6070
17,0.2,count_2000,30,inf,False,0.9009884679,3709.855189,6070
17,0.2,count_2000,inf,inf,True,0.9008237232,3708.254201,6070
17,0.3,count_250,7,7,True,0.9110378913,3985.16804,6070
17,0.3,count_250,14,7,False,0.9110378913,3985.16804,6070
17,0.3,count_250,30,7,False,0.9110378913,3985.16804,6070
17,0.3,count_250,inf,7,False,0.9110378913,3985.16804,6070
17,0.3,count_500,7,7,True,0.9006589786,3818.586326,6070
17,0.3,count_500,14,7,False,0.9006589786,3818.586326,6070
17,0.3,count_500,30,7,False,0.9006589786,3818.586326,6070
17,0.3,count_500,inf,7,False,0.9006589786,3818.586326,6070
17,0.3,count_1000,7,inf,False,0.9034596376,3829.211038,6070
17,0.3,count_1000,14,inf,False,0.9034596376,3830.178913,6070
17,0.3,count_1000,30,inf,False,0.9034596376,3830.178913,6070
17,0.3,count_1000,inf,inf,True,0.9032948929,3823.529654,6070
17,0.3,count_2000,7,inf,False,0.9003294893,3779.012026,6070
17,0.3,count_2000,14,inf,False,0.9003294893,3781.647446,6070
17,0.3,count_2000,30,inf,False,0.9004942339,3781.58056,6070
17,0.3,count_2000,inf,inf,True,0.9004942339,3776.679077,6070
29,0,count_250,7,7,True,0.9090609555,3920.385173,6070
29,0,count_250,14,7,False,0.9090609555,3920.385173,6070
29,0,count_250,30,7,False,0.9090609555,3920.385173,6070
29,0,count_250,inf,7,False,0.9090609555,3920.385173,6070
29,0,count_500,7,7,True,0.8995057661,3701.714168,6070
29,0,count_500,14,7,False,0.8995057661,3701.714168,6070
29,0,count_500,30,7,False,0.8995057661,3701.714168,6070
29,0,count_500,inf,7,False,0.8995057661,3701.714168,6070
29,0,count_1000,7,inf,False,0.9014827018,3761.78402,6070
29,0,count_1000,14,inf,False,0.9014827018,3761.78402,6070
29,0,count_1000,30,inf,False,0.9014827018,3761.78402,6070
29,0,count_1000,inf,inf,True,0.9013179572,3759.432619,6070
29,0,count_2000,7,7,True,0.8990115321,3711.048435,6070
29,0,count_2000,14,7,False,0.8988467875,3712.692586,6070
29,0,count_2000,30,7,False,0.8988467875,3712.792916,6070
29,0,count_2000,inf,7,False,0.8985172982,3711.348435,6070
29,0.1,count_250,7,7,True,0.9110378913,3856.214333,6070
29,0.1,count_250,14,7,False,0.9110378913,3856.214333,6070
29,0.1,count_250,30,7,False,0.9110378913,3856.214333,6070
29,0.1,count_250,inf,7,False,0.9110378913,3856.214333,6070
29,0.1,count_500,7,7,True,0.9003294893,3638.123064,6070
29,0.1,count_500,14,7,False,0.9003294893,3638.123064,6070
29,0.1,count_500,30,7,False,0.9003294893,3638.123064,6070
29,0.1,count_500,inf,7,False,0.9003294893,3638.123064,6070
29,0.1,count_1000,7,inf,False,0.9034596376,3689.404613,6070
29,0.1,count_1000,14,inf,False,0.9034596376,3689.404613,6070
29,0.1,count_1000,30,inf,False,0.9034596376,3689.404613,6070
29,0.1,count_1000,inf,inf,True,0.9032948929,3684.66425,6070
29,0.1,count_2000,7,inf,False,0.9014827018,3640.278748,6070
29,0.1,count_2000,14,inf,False,0.9013179572,3638.035914,6070
29,0.1,count_2000,30,inf,False,0.9013179572,3638.165404,6070
29,0.1,count_2000,inf,inf,True,0.9013179572,3636.361285,6070
29,0.2,count_250,7,7,True,0.913509061,4092.761779,6070
29,0.2,count_250,14,7,False,0.913509061,4092.761779,6070
29,0.2,count_250,30,7,False,0.913509061,4092.761779,6070
29,0.2,count_250,inf,7,False,0.913509061,4092.761779,6070
29,0.2,count_500,7,7,True,0.8995057661,3818.783526,6070
29,0.2,count_500,14,7,False,0.8995057661,3818.783526,6070
29,0.2,count_500,30,7,False,0.8995057661,3818.783526,6070
29,0.2,count_500,inf,7,False,0.8995057661,3818.783526,6070
29,0.2,count_1000,7,inf,False,0.9041186161,3903.253542,6070
29,0.2,count_1000,14,inf,False,0.9041186161,3903.253542,6070
29,0.2,count_1000,30,inf,False,0.9041186161,3903.253542,6070
29,0.2,count_1000,inf,inf,True,0.9037891269,3893.405107,6070
29,0.2,count_2000,7,7,True,0.9018121911,3845.859802,6070
29,0.2,count_2000,14,7,False,0.9019769357,3846.816474,6070
29,0.2,count_2000,30,7,False,0.9021416804,3847.458979,6070
29,0.2,count_2000,inf,7,False,0.9021416804,3845.921417,6070
29,0.3,count_250,7,7,True,0.9153212521,4146.15173,6070
29,0.3,count_250,14,7,False,0.9153212521,4146.15173,6070
29,0.3,count_250,30,7,False,0.9153212521,4146.15173,6070
29,0.3,count_250,inf,7,False,0.9153212521,4146.15173,6070
29,0.3,count_500,7,7,True,0.8998352554,3842.949259,6070
29,0.3,count_500,14,7,False,0.8998352554,3842.949259,6070
29,0.3,count_500,30,7,False,0.8998352554,3842.949259,6070
29,0.3,count_500,inf,7,False,0.8998352554,3842.949259,6070
29,0.3,count_1000,7,inf,False,0.9029654036,3872.734267,6070
29,0.3,count_1000,14,inf,False,0.9029654036,3872.734267,6070
29,0.3,count_1000,30,inf,False,0.9029654036,3872.734267,6070
29,0.3,count_1000,inf,inf,True,0.9024711697,3865.034761,6070
29,0.3,count_2000,7,7,True,0.9021416804,3837.590774,6070
29,0.3,count_2000,14,7,False,0.902306425,3839.308896,6070
29,0.3,count_2000,30,7,False,0.902306425,3841.485338,6070
29,0.3,count_2000,inf,7,False,0.9019769357,3839.231301,6070
43,0,count_250,7,7,True,0.9059308072,3339.867875,6070
43,0,count_250,14,7,False,0.9059308072,3339.867875,6070
43,0,count_250,30,7,False,0.9059308072,3339.867875,6070
43,0,count_250,inf,7,False,0.9059308072,3339.867875,6070
43,0,count_500,7,inf,False,0.8967051071,3117.315486,6070
43,0,count_500,14,inf,False,0.8967051071,3117.315486,6070
43,0,count_500,30,inf,False,0.8967051071,3117.315486,6070
43,0,count_500,inf,inf,True,0.8967051071,3116.58682,6070
43,0,count_1000,7,inf,False,0.9004942339,3164.104448,6070
43,0,count_1000,14,inf,False,0.9008237232,3169.385667,6070
43,0,count_1000,30,inf,False,0.9008237232,3169.385667,6070
43,0,count_1000,inf,inf,True,0.9008237232,3163.110379,6070
43,0,count_2000,7,inf,False,0.9003294893,3138.850247,6070
43,0,count_2000,14,inf,False,0.9003294893,3134.74827,6070
43,0,count_2000,30,inf,False,0.9004942339,3134.620264,6070
43,0,count_2000,inf,inf,True,0.9004942339,3125.612521,6070
43,0.1,count_250,7,7,True,0.9077429984,3683.878748,6070
43,0.1,count_250,14,7,False,0.9077429984,3683.878748,6070
43,0.1,count_250,30,7,False,0.9077429984,3683.878748,6070
43,0.1,count_250,inf,7,False,0.9077429984,3683.878748,6070
43,0.1,count_500,7,7,True,0.897199341,3491.28089,6070
43,0.1,count_500,14,7,False,0.897199341,3491.28089,6070
43,0.1,count_500,30,7,False,0.897199341,3491.28089,6070
43,0.1,count_500,inf,7,False,0.897199341,3491.28089,6070
43,0.1,count_1000,7,inf,False,0.8993410214,3526.961779,6070
43,0.1,count_1000,14,inf,False,0.8993410214,3526.961779,6070
43,0.1,count_1000,30,inf,False,0.8993410214,3526.961779,6070
43,0.1,count_1000,inf,inf,True,0.8993410214,3521.97397,6070
43,0.1,count_2000,7,14,False,0.8980230643,3486.319605,6070
43,0.1,count_2000,14,14,True,0.8980230643,3484.649918,6070
43,0.1,count_2000,30,14,False,0.8983525535,3488.114003,6070
43,0.1,count_2000,inf,14,False,0.8983525535,3485.815486,6070
43,0.2,count_250,7,7,True,0.9110378913,3755.021252,6070
43,0.2,count_250,14,7,False,0.9110378913,3755.021252,6070
43,0.2,count_250,30,7,False,0.9110378913,3755.021252,6070
43,0.2,count_250,inf,7,False,0.9110378913,3755.021252,6070
43,0.2,count_500,7,7,True,0.9011532125,3553.017792,6070
43,0.2,count_500,14,7,False,0.9011532125,3553.017792,6070
43,0.2,count_500,30,7,False,0.9011532125,3553.017792,6070
43,0.2,count_500,inf,7,False,0.9011532125,3553.017792,6070
43,0.2,count_1000,7,inf,False,0.9004942339,3564.140857,6070
43,0.2,count_1000,14,inf,False,0.9004942339,3564.140857,6070
43,0.2,count_1000,30,inf,False,0.9004942339,3564.140857,6070
43,0.2,count_1000,inf,inf,True,0.9,3556.934102,6070
43,0.2,count_2000,7,inf,False,0.9003294893,3530.160956,6070
43,0.2,count_2000,14,inf,False,0.8998352554,3528.338386,6070
43,0.2,count_2000,30,inf,False,0.8998352554,3528.501483,6070
43,0.2,count_2000,inf,inf,True,0.8995057661,3524.219934,6070
43,0.3,count_250,7,7,True,0.9088962109,3878.144481,6070
43,0.3,count_250,14,7,False,0.9088962109,3878.144481,6070
43,0.3,count_250,30,7,False,0.9088962109,3878.144481,6070
43,0.3,count_250,inf,7,False,0.9088962109,3878.144481,6070
43,0.3,count_500,7,7,True,0.8990115321,3719.981054,6070
43,0.3,count_500,14,7,False,0.8990115321,3719.981054,6070
43,0.3,count_500,30,7,False,0.8990115321,3719.981054,6070
43,0.3,count_500,inf,7,False,0.8990115321,3719.981054,6070
43,0.3,count_1000,7,inf,False,0.8990115321,3704.002471,6070
43,0.3,count_1000,14,inf,False,0.8990115321,3704.002471,6070
43,0.3,count_1000,30,inf,False,0.8990115321,3704.002471,6070
43,0.3,count_1000,inf,inf,True,0.8986820428,3699.282702,6070
43,0.3,count_2000,7,inf,False,0.8937397035,3631.918781,6070
43,0.3,count_2000,14,inf,False,0.8937397035,3631.664086,6070
43,0.3,count_2000,30,inf,False,0.8937397035,3630.946787,6070
43,0.3,count_2000,inf,inf,True,0.8932454695,3623.746623,6070
59,0,count_250,7,7,True,0.9121911038,3824.907084,6070
59,0,count_250,14,7,False,0.9121911038,3824.907084,6070
59,0,count_250,30,7,False,0.9121911038,3824.907084,6070
59,0,count_250,inf,7,False,0.9121911038,3824.907084,6070
59,0,count_500,7,7,True,0.9044481054,3656.891598,6070
59,0,count_500,14,7,False,0.9044481054,3656.891598,6070
59,0,count_500,30,7,False,0.9044481054,3656.891598,6070
59,0,count_500,inf,7,False,0.9044481054,3656.891598,6070
59,0,count_1000,7,inf,False,0.9059308072,3656.28056,6070
59,0,count_1000,14,inf,False,0.9060955519,3660.024712,6070
59,0,count_1000,30,inf,False,0.9060955519,3660.024712,6070
59,0,count_1000,inf,inf,True,0.9059308072,3656.219934,6070
59,0,count_2000,7,7,True,0.902800659,3576.568369,6070
59,0,count_2000,14,7,False,0.902800659,3583.921417,6070
59,0,count_2000,30,7,False,0.9029654036,3584.943493,6070
59,0,count_2000,inf,7,False,0.9026359143,3578.19341,6070
59,0.1,count_250,7,7,True,0.9108731466,3585.45799,6070
59,0.1,count_250,14,7,False,0.9108731466,3585.45799,6070
59,0.1,count_250,30,7,False,0.9108731466,3585.45799,6070
59,0.1,count_250,inf,7,False,0.9108731466,3585.45799,6070
59,0.1,count_500,7,7,True,0.8996705107,3389.399341,6070
59,0.1,count_500,14,7,False,0.8996705107,3389.399341,6070
59,0.1,count_500,30,7,False,0.8996705107,3389.399341,6070
59,0.1,count_500,inf,7,False,0.8996705107,3389.399341,6070
59,0.1,count_1000,7,inf,False,0.9021416804,3426.474135,6070
59,0.1,count_1000,14,inf,False,0.9021416804,3426.474135,6070
59,0.1,count_1000,30,inf,False,0.9021416804,3426.474135,6070
59,0.1,count_1000,inf,inf,True,0.9018121911,3421.763262,6070
59,0.1,count_2000,7,inf,False,0.9011532125,3410.337727,6070
59,0.1,count_2000,14,inf,False,0.9009884679,3408.241186,6070
59,0.1,count_2000,30,inf,False,0.9008237232,3406.865074,6070
59,0.1,count_2000,inf,inf,True,0.9008237232,3405.176936,6070
59,0.2,count_250,7,7,True,0.9113673806,3866.727018,6070
59,0.2,count_250,14,7,False,0.9113673806,3866.727018,6070
59,0.2,count_250,30,7,False,0.9113673806,3866.727018,6070
59,0.2,count_250,inf,7,False,0.9113673806,3866.727018,6070
59,0.2,count_500,7,7,True,0.9008237232,3699.486326,6070
59,0.2,count_500,14,7,False,0.9008237232,3699.486326,6070
59,0.2,count_500,30,7,False,0.9008237232,3699.486326,6070
59,0.2,count_500,inf,7,False,0.9008237232,3699.486326,6070
59,0.2,count_1000,7,inf,False,0.9018121911,3704.974959,6070
59,0.2,count_1000,14,inf,False,0.9018121911,3704.974959,6070
59,0.2,count_1000,30,inf,False,0.9018121911,3704.974959,6070
59,0.2,count_1000,inf,inf,True,0.9011532125,3697.74827,6070
59,0.2,count_2000,7,inf,False,0.8995057661,3595.704119,6070
59,0.2,count_2000,14,inf,False,0.8998352554,3594.451895,6070
59,0.2,count_2000,30,inf,False,0.8998352554,3594.540527,6070
59,0.2,count_2000,inf,inf,True,0.8998352554,3588.529489,6070
59,0.3,count_250,7,7,True,0.9120263591,3983.452883,6070
59,0.3,count_250,14,7,False,0.9120263591,3983.452883,6070
59,0.3,count_250,30,7,False,0.9120263591,3983.452883,6070
59,0.3,count_250,inf,7,False,0.9120263591,3983.452883,6070
59,0.3,count_500,7,7,True,0.8988467875,3751.390939,6070
59,0.3,count_500,14,7,False,0.8988467875,3751.390939,6070
59,0.3,count_500,30,7,False,0.8988467875,3751.390939,6070
59,0.3,count_500,inf,7,False,0.8988467875,3751.390939,6070
59,0.3,count_1000,7,inf,False,0.9021416804,3792.850741,6070
59,0.3,count_1000,14,inf,False,0.9021416804,3792.850741,6070
59,0.3,count_1000,30,inf,False,0.9021416804,3792.850741,6070
59,0.3,count_1000,inf,inf,True,0.9019769357,3790.433773,6070
59,0.3,count_2000,7,inf,False,0.8996705107,3713.157496,6070
59,0.3,count_2000,14,inf,False,0.8995057661,3711.176606,6070
59,0.3,count_2000,30,inf,False,0.8995057661,3710.925206,6070
59,0.3,count_2000,inf,inf,True,0.8995057661,3705.704119,6070
71,0,count_250,7,7,True,0.9072487644,3601.783361,6070
71,0,count_250,14,7,False,0.9072487644,3601.783361,6070
71,0,count_250,30,7,False,0.9072487644,3601.783361,6070
71,0,count_250,inf,7,False,0.9072487644,3601.783361,6070
71,0,count_500,7,7,True,0.8995057661,3500.026689,6070
71,0,count_500,14,7,False,0.8995057661,3500.026689,6070
71,0,count_500,30,7,False,0.8995057661,3500.026689,6070
71,0,count_500,inf,7,False,0.8995057661,3500.026689,6070
71,0,count_1000,7,inf,False,0.9032948929,3531.492422,6070
71,0,count_1000,14,inf,False,0.9032948929,3531.415486,6070
71,0,count_1000,30,inf,False,0.9032948929,3531.415486,6070
71,0,count_1000,inf,inf,True,0.9032948929,3522.7514,6070
71,0,count_2000,7,inf,False,0.9006589786,3505.036079,6070
71,0,count_2000,14,inf,False,0.9008237232,3506.639374,6070
71,0,count_2000,30,inf,False,0.9008237232,3507.464415,6070
71,0,count_2000,inf,inf,True,0.9003294893,3501.071664,6070
71,0.1,count_250,7,7,True,0.9088962109,3654.744646,6070
71,0.1,count_250,14,7,False,0.9088962109,3654.744646,6070
71,0.1,count_250,30,7,False,0.9088962109,3654.744646,6070
71,0.1,count_250,inf,7,False,0.9088962109,3654.744646,6070
71,0.1,count_500,7,7,True,0.9,3492.146129,6070
71,0.1,count_500,14,7,False,0.9,3492.146129,6070
71,0.1,count_500,30,7,False,0.9,3492.146129,6070
71,0.1,count_500,inf,7,False,0.9,3492.146129,6070
71,0.1,count_1000,7,inf,False,0.9013179572,3526.300824,6070
71,0.1,count_1000,14,inf,False,0.9013179572,3524.14168,6070
71,0.1,count_1000,30,inf,False,0.9013179572,3524.14168,6070
71,0.1,count_1000,inf,inf,True,0.9008237232,3511.353707,6070
71,0.1,count_2000,7,7,True,0.9018121911,3480.126194,6070
71,0.1,count_2000,14,7,False,0.9021416804,3481.872817,6070
71,0.1,count_2000,30,7,False,0.9024711697,3485.244152,6070
71,0.1,count_2000,inf,7,False,0.9024711697,3481.946952,6070
71,0.2,count_250,7,7,True,0.9084019769,3741.19341,6070
71,0.2,count_250,14,7,False,0.9084019769,3741.19341,6070
71,0.2,count_250,30,7,False,0.9084019769,3741.19341,6070
71,0.2,count_250,inf,7,False,0.9084019769,3741.19341,6070
71,0.2,count_500,7,7,True,0.8993410214,3620.085832,6070
71,0.2,count_500,14,7,False,0.8993410214,3620.085832,6070
71,0.2,count_500,30,7,False,0.8993410214,3620.085832,6070
71,0.2,count_500,inf,7,False,0.8993410214,3620.085832,6070
71,0.2,count_1000,7,inf,False,0.9019769357,3642.436738,6070
71,0.2,count_1000,14,inf,False,0.9019769357,3644.355684,6070
71,0.2,count_1000,30,inf,False,0.9019769357,3644.355684,6070
71,0.2,count_1000,inf,inf,True,0.9014827018,3633.652883,6070
71,0.2,count_2000,7,inf,False,0.8988467875,3597.481713,6070
71,0.2,count_2000,14,inf,False,0.8990115321,3597.737397,6070
71,0.2,count_2000,30,inf,False,0.8991762768,3598.550412,6070
71,0.2,count_2000,inf,inf,True,0.8990115321,3595.541186,6070
71,0.3,count_250,7,7,True,0.9085667216,3893.415486,6070
71,0.3,count_250,14,7,False,0.9085667216,3893.415486,6070
71,0.3,count_250,30,7,False,0.9085667216,3893.415486,6070
71,0.3,count_250,inf,7,False,0.9085667216,3893.415486,6070
71,0.3,count_500,7,7,True,0.8998352554,3712.368204,6070
71,0.3,count_500,14,7,False,0.8998352554,3712.368204,6070
71,0.3,count_500,30,7,False,0.8998352554,3712.368204,6070
71,0.3,count_500,inf,7,False,0.8998352554,3712.368204,6070
71,0.3,count_1000,7,inf,False,0.9044481054,3764.288633,6070
71,0.3,count_1000,14,inf,False,0.9049423394,3769.43229,6070
71,0.3,count_1000,30,inf,False,0.9049423394,3769.43229,6070
71,0.3,count_1000,inf,inf,True,0.9049423394,3763.40346,6070
71,0.3,count_2000,7,7,True,0.9011532125,3743.950412,6070
71,0.3,count_2000,14,7,False,0.9011532125,3745.427348,6070
71,0.3,count_2000,30,7,False,0.9011532125,3750.582372,6070
71,0.3,count_2000,inf,7,False,0.9009884679,3747.062932,6070
