seed,deletion_rate,history_mode,baseline,query_count,mrr,hits_at_1,hits_at_3,hits_at_10
17,0,train_only,frequency,38596,0.09261339151,0.04373510208,0.09529484921,0.1831018758
17,0,train_only,relation_frequency,38596,0.1419074947,0.07345320759,0.1568038139,0.2788371852
17,0,train_only,repeat,38596,0.2908521258,0.2215773655,0.3205772619,0.4203544409
17,0,prequential,frequency,38596,0.09358460908,0.04373510208,0.09547621515,0.1936211006
17,0,prequential,relation_frequency,38596,0.1523348774,0.07998238159,0.1672453104,0.2994869935
17,0,prequential,repeat,38596,0.3661224637,0.284614986,0.4070888175,0.5178515908
17,0.1,train_only,frequency,38596,0.09263799755,0.04373510208,0.09529484921,0.1831018758
17,0.1,train_only,relation_frequency,38596,0.141931736,0.07376412063,0.155456524,0.2781376308
17,0.1,train_only,repeat,38596,0.2868357859,0.2177945901,0.3147735517,0.4158202923
17,0.1,prequential,frequency,38596,0.09371396892,0.04373510208,0.09534666805,0.1935951912
17,0.1,prequential,relation_frequency,38596,0.1526006518,0.08050057001,0.1667012126,0.2991760804
17,0.1,prequential,repeat,38596,0.3650804471,0.2839413411,0.4052492486,0.5163747539
17,0.2,train_only,frequency,38596,0.09265476793,0.04373510208,0.09529484921,0.1831018758
17,0.2,train_only,relation_frequency,38596,0.1415172944,0.07389366774,0.1547569696,0.2768939787
17,0.2,train_only,repeat,38596,0.2835473825,0.2160327495,0.311405327,0.4099906726
17,0.2,prequential,frequency,38596,0.09385684192,0.04373510208,0.09529484921,0.1935951912
17,0.2,prequential,relation_frequency,38596,0.1527010176,0.08070784537,0.167219401,0.2994092652
17,0.2,prequential,repeat,38596,0.3649479944,0.2844595295,0.4048346979,0.5139910872
17,0.3,train_only,frequency,38596,0.09268656233,0.04373510208,0.09529484921,0.1827909628
17,0.3,train_only,relation_frequency,38596,0.1414947536,0.0741009431,0.1548865167,0.2776712613
17,0.3,train_only,repeat,38596,0.2792035774,0.2122499741,0.3059643486,0.4048087885
17,0.3,prequential,frequency,38596,0.09398417015,0.04373510208,0.09550212457,0.1936211006
17,0.3,prequential,relation_frequency,38596,0.1531755506,0.08130376205,0.1676339517,0.2999274536
17,0.3,prequential,repeat,38596,0.3638353849,0.2834231527,0.4041092341,0.5116851487
29,0,train_only,frequency,38596,0.09261339151,0.04373510208,0.09529484921,0.1831018758
29,0,train_only,relation_frequency,38596,0.1419074947,0.07345320759,0.1568038139,0.2788371852
29,0,train_only,repeat,38596,0.2908521258,0.2215773655,0.3205772619,0.4203544409
29,0,prequential,frequency,38596,0.09358460908,0.04373510208,0.09547621515,0.1936211006
29,0,prequential,relation_frequency,38596,0.1523348774,0.07998238159,0.1672453104,0.2994869935
29,0,prequential,repeat,38596,0.3661224637,0.284614986,0.4070888175,0.5178515908
29,0.1,train_only,frequency,38596,0.09272685218,0.04373510208,0.09529484921,0.1836718831
29,0.1,train_only,relation_frequency,38596,0.1424167384,0.07402321484,0.1573997305,0.2778008084
29,0.1,train_only,repeat,38596,0.2870605901,0.2183386879,0.3164058452,0.4148098249
29,0.1,prequential,frequency,38596,0.09372844656,0.04373510208,0.09534666805,0.1936729195
29,0.1,prequential,relation_frequency,38596,0.152653747,0.08013783812,0.1679707742,0.2996942688
29,0.1,prequential,repeat,38596,0.3652586132,0.2840708882,0.4058192559,0.5156492901
29,0.2,train_only,frequency,38596,0.09273853015,0.04373510208,0.09529484921,0.1836718831
29,0.2,train_only,relation_frequency,38596,0.1424833534,0.07467095036,0.1565706291,0.2778267178
29,0.2,train_only,repeat,38596,0.2833498213,0.2158513836,0.3118716965,0.408721111
29,0.2,prequential,frequency,38596,0.09379905497,0.04373510208,0.09534666805,0.1937247383
29,0.2,prequential,relation_frequency,38596,0.1531537778,0.08104466784,0.16771168,0.2995647217
29,0.2,prequential,repeat,38596,0.3645337507,0.2841486164,0.4044978754,0.5128769821
29,0.3,train_only,frequency,38596,0.09271801234,0.04373510208,0.09529484921,0.1836718831
29,0.3,train_only,relation_frequency,38596,0.1396897236,0.07062908073,0.1541869624,0.2779044461
29,0.3,train_only,repeat,38596,0.2767264871,0.2098663074,0.3037361385,0.4012332884
29,0.3,prequential,frequency,38596,0.09396097594,0.04373510208,0.09550212457,0.1935692818
29,0.3,prequential,relation_frequency,38596,0.1533654757,0.08140739973,0.1673230387,0.2997460877
29,0.3,prequential,repeat,38596,0.3632531566,0.2831899679,0.4033837703,0.5108301378
43,0,train_only,frequency,38596,0.09261339151,0.04373510208,0.09529484921,0.1831018758
43,0,train_only,relation_frequency,38596,0.1419074947,0.07345320759,0.1568038139,0.2788371852
43,0,train_only,repeat,38596,0.2908521258,0.2215773655,0.3205772619,0.4203544409
43,0,prequential,frequency,38596,0.09358460908,0.04373510208,0.09547621515,0.1936211006
43,0,prequential,relation_frequency,38596,0.1523348774,0.07998238159,0.1672453104,0.2994869935
43,0,prequential,repeat,38596,0.3661224637,0.284614986,0.4070888175,0.5178515908
43,0.1,train_only,frequency,38596,0.09267629816,0.04373510208,0.09529484921,0.1827909628
43,0.1,train_only,relation_frequency,38596,0.1417759329,0.07355684527,0.155456524,0.2771271634
43,0.1,train_only,repeat,38596,0.286720419,0.2175614053,0.3155249249,0.4158980205
43,0.1,prequential,frequency,38596,0.09373009941,0.04373510208,0.09560576226,0.1935951912
43,0.1,prequential,relation_frequency,38596,0.1526318414,0.08042284175,0.1670639445,0.2999792725
43,0.1,prequential,repeat,38596,0.3647210458,0.2832936056,0.4058451653,0.5161674785
43,0.2,train_only,frequency,38596,0.09179766623,0.04373510208,0.08459425847,0.1831018758
43,0.2,train_only,relation_frequency,38596,0.1416732529,0.07358275469,0.1555860711,0.2769976163
43,0.2,train_only,repeat,38596,0.2820887009,0.2132086227,0.3118457871,0.4088506581
43,0.2,prequential,frequency,38596,0.09368829608,0.04373510208,0.09560576226,0.1935174629
43,0.2,prequential,relation_frequency,38596,0.1531098493,0.08117421494,0.1679707742,0.299953363
43,0.2,prequential,repeat,38596,0.3633532439,0.2817131309,0.4051715204,0.5136801741
43,0.3,train_only,frequency,38596,0.09191666194,0.04373510208,0.08459425847,0.1899419629
43,0.3,train_only,relation_frequency,38596,0.1394908677,0.0708363561,0.1530469479,0.2759612395
43,0.3,train_only,repeat,38596,0.2757031124,0.2075344595,0.3038397761,0.4036946834
43,0.3,prequential,frequency,38596,0.09382891516,0.04373510208,0.0959166753,0.1935174629
43,0.3,prequential,relation_frequency,38596,0.1532874376,0.08127785263,0.1683075966,0.2998497254
43,0.3,prequential,repeat,38596,0.3624587176,0.2816094932,0.4041092341,0.5114001451
59,0,train_only,frequency,38596,0.09261339151,0.04373510208,0.09529484921,0.1831018758
59,0,train_only,relation_frequency,38596,0.1419074947,0.07345320759,0.1568038139,0.2788371852
59,0,train_only,repeat,38596,0.2908521258,0.2215773655,0.3205772619,0.4203544409
59,0,prequential,frequency,38596,0.09358460908,0.04373510208,0.09547621515,0.1936211006
59,0,prequential,relation_frequency,38596,0.1523348774,0.07998238159,0.1672453104,0.2994869935
59,0,prequential,repeat,38596,0.3661224637,0.284614986,0.4070888175,0.5178515908
59,0.1,train_only,frequency,38596,0.09179366356,0.04373510208,0.08459425847,0.1831018758
59,0.1,train_only,relation_frequency,38596,0.1415984936,0.0733495699,0.1551456109,0.2786299098
59,0.1,train_only,repeat,38596,0.2875749226,0.2185200539,0.3167685771,0.4156389263
59,0.1,prequential,frequency,38596,0.09373841931,0.04373510208,0.09555394341,0.1936211006
59,0.1,prequential,relation_frequency,38596,0.1526462419,0.08052647943,0.1671416727,0.2993315369
59,0.1,prequential,repeat,38596,0.3653900126,0.2842781635,0.4066483573,0.5165561198
59,0.2,train_only,frequency,38596,0.09266353402,0.04373510208,0.09529484921,0.1827909628
59,0.2,train_only,relation_frequency,38596,0.1414101373,0.07394548658,0.1539278682,0.2783189968
59,0.2,train_only,repeat,38596,0.2823364936,0.2138563582,0.311405327,0.4085138356
59,0.2,prequential,frequency,38596,0.09381962396,0.04373510208,0.09555394341,0.1936211006
59,0.2,prequential,relation_frequency,38596,0.1525779343,0.08052647943,0.1669603068,0.29964245
59,0.2,prequential,repeat,38596,0.3637661749,0.2825940512,0.405948803,0.5139651777
59,0.3,train_only,frequency,38596,0.09267181306,0.04373510208,0.09529484921,0.1827650534
59,0.3,train_only,relation_frequency,38596,0.14058152,0.07337547932,0.152684216,0.2764535185
59,0.3,train_only,repeat,38596,0.2779081299,0.2104881335,0.306171624,0.403668774
59,0.3,prequential,frequency,38596,0.09396249637,0.04373510208,0.09555394341,0.1936211006
59,0.3,prequential,relation_frequency,38596,0.1531514194,0.08130376205,0.1671157633,0.2995906312
59,0.3,prequential,repeat,38596,0.3632844122,0.2830086019,0.4042906001,0.5114260545
71,0,train_only,frequency,38596,0.09261339151,0.04373510208,0.09529484921,0.1831018758
71,0,train_only,relation_frequency,38596,0.1419074947,0.07345320759,0.1568038139,0.2788371852
71,0,train_only,repeat,38596,0.2908521258,0.2215773655,0.3205772619,0.4203544409
71,0,prequential,frequency,38596,0.09358460908,0.04373510208,0.09547621515,0.1936211006
71,0,prequential,relation_frequency,38596,0.1523348774,0.07998238159,0.1672453104,0.2994869935
71,0,prequential,repeat,38596,0.3661224637,0.284614986,0.4070888175,0.5178515908
71,0.1,train_only,frequency,38596,0.09277216064,0.04373510208,0.09529484921,0.1827909628
71,0.1,train_only,relation_frequency,38596,0.1408944283,0.07293501917,0.1535910457,0.2764276091
71,0.1,train_only,repeat,38596,0.285714624,0.2167323039,0.3135558089,0.4139029951
71,0.1,prequential,frequency,38596,0.09369647798,0.04373510208,0.09552803399,0.1935951912
71,0.1,prequential,relation_frequency,38596,0.1528629629,0.08094103016,0.1674784952,0.2995647217
71,0.1,prequential,repeat,38596,0.3647471667,0.2832936056,0.4058451653,0.5158824749
71,0.2,train_only,frequency,38596,0.09272035791,0.04373510208,0.09529484921,0.1831018758
71,0.2,train_only,relation_frequency,38596,0.1401100465,0.07192455177,0.153668774,0.2758576018
71,0.2,train_only,repeat,38596,0.2810614098,0.2130531661,0.3085552907,0.407244274
71,0.2,prequential,frequency,38596,0.09379126685,0.04373510208,0.09557985283,0.1935951912
71,0.2,prequential,relation_frequency,38596,0.1526550923,0.08052647943,0.167038035,0.2995647217
71,0.2,prequential,repeat,38596,0.3635974193,0.2824126853,0.4040574153,0.5131101669
71,0.3,train_only,frequency,38596,0.09270410538,0.04373510208,0.09529484921,0.1831018758
71,0.3,train_only,relation_frequency,38596,0.1400237161,0.07205409887,0.1540055964,0.2759353301
71,0.3,train_only,repeat,38596,0.2776901074,0.2103067675,0.3052907037,0.4018551145
71,0.3,prequential,frequency,38596,0.09389554592,0.04373510208,0.09529484921,0.1935951912
71,0.3,prequential,relation_frequency,38596,0.1531068532,0.0808633019,0.1674266763,0.2996942688
71,0.3,prequential,repeat,38596,0.362847211,0.2820499534,0.4037465022,0.5115556016
