seed,deletion_rate,method,query_count,label_count,multi_answer_query_count,multi_answer_query_fraction,mean_answer_count,max_answer_count,full_set_coverage,partial_answer_recall,label_weighted_partial_recall,mean_size,median_size,p90_size,singleton_rate,multi_answer_full_set_coverage,multi_answer_partial_recall,multi_answer_mean_answer_count,full_vocabulary_set_rate,normalized_mean_size,normalized_p90_size
17,0,static,33964,38596,3439,0.1012542692,1.136379696,17,0.8278471323,0.8478496139,0.825759146,2821.68237,479,7128,0.03706866094,0.5033439953,0.7008910398,2.34690317,0.2212048051,0.3958589183,1
17,0,rolling,33964,38596,3439,0.1012542692,1.136379696,17,0.8996584619,0.9156427651,0.898745984,3904.856937,5692,7128,0.01316099399,0.6490258796,0.8068888843,2.34690317,0.3326757743,0.5478194356,1
17,0,weighted,33964,38596,3439,0.1012542692,1.136379696,17,0.8990107172,0.9151159468,0.8980723391,3888.393564,5604,7128,0.01345542339,0.6461180576,0.8051753463,2.34690317,0.3307619833,0.5455097592,1
17,0,adaptive,33964,38596,3439,0.1012542692,1.136379696,17,0.8992168178,0.9152869962,0.8983314333,3894.161553,5640.5,7128,0.01333765163,0.6472811864,0.8059923058,2.34690317,0.3311447415,0.5463189609,1
17,0,top1,33964,38596,3439,0.1012542692,1.136379696,17,0.2262101048,0.2421586559,0.2302052026,1,1,1,1,0,0.157509912,2.34690317,0,0.000140291807,0.000140291807
17,0.1,static,33964,38596,3439,0.1012542692,1.136379696,17,0.8204863974,0.8412123574,0.8197481604,2750.216612,405.5,7128,0.03541985632,0.491421925,0.6961141343,2.34690317,0.2111058768,0.385832858,1
17,0.1,rolling,33964,38596,3439,0.1012542692,1.136379696,17,0.898156872,0.9142058445,0.8979168826,3908.997085,5673.5,7128,0.01304322224,0.648153533,0.80665522,2.34690317,0.3244906371,0.5484002645,1
17,0.1,weighted,33964,38596,3439,0.1012542692,1.136379696,17,0.8973913556,0.9135168797,0.8971914188,3892.623601,5592.5,7128,0.01333765163,0.6464088398,0.8056665605,2.34690317,0.3226651749,0.5461031989,1
17,0.1,adaptive,33964,38596,3439,0.1012542692,1.136379696,17,0.8973913556,0.9135168797,0.8971914188,3892.686344,5595,7128,0.01333765163,0.6464088398,0.8056665605,2.34690317,0.3226651749,0.5461120012,1
17,0.1,top1,33964,38596,3439,0.1012542692,1.136379696,17,0.2224708515,0.238413584,0.227147891,1,1,1,1,0,0.1574524479,2.34690317,0,0.000140291807,0.000140291807
17,0.2,static,33964,38596,3439,0.1012542692,1.136379696,17,0.8219879873,0.8416989955,0.8194631568,2820.668531,461.5,7128,0.0351843128,0.4975283513,0.6921967672,2.34690317,0.2199976446,0.3957166851,1
17,0.2,rolling,33964,38596,3439,0.1012542692,1.136379696,17,0.9001295489,0.9157427893,0.8987978029,3997.587151,6091,7128,0.01360263809,0.6536783949,0.807876736,2.34690317,0.3375927453,0.5608287249,1
17,0.2,weighted,33964,38596,3439,0.1012542692,1.136379696,17,0.899099046,0.914807976,0.8978132449,3980.782799,6019,7128,0.01377929572,0.6513521372,0.8064955206,2.34690317,0.3355317395,0.558471212,1
17,0.2,adaptive,33964,38596,3439,0.1012542692,1.136379696,17,0.8992168178,0.9149110262,0.8979687014,3984.377311,6047.5,7128,0.01380873866,0.6519337017,0.8069316939,2.34690317,0.3361205983,0.5589754926,1
17,0.2,top1,33964,38596,3439,0.1012542692,1.136379696,17,0.2215875633,0.2379090582,0.2269406156,1,1,1,1,0,0.1611931532,2.34690317,0,0.000140291807,0.000140291807
17,0.3,static,33964,38596,3439,0.1012542692,1.136379696,17,0.8261099988,0.8455349198,0.8222872837,2964.537275,620,7128,0.03453656813,0.4989822623,0.6908252445,2.34690317,0.2389294547,0.4159002911,1
17,0.3,rolling,33964,38596,3439,0.1012542692,1.136379696,17,0.9023966553,0.9181652099,0.9000155457,4169.369067,6653.5,7128,0.01033447179,0.6472811864,0.8030134308,2.34690317,0.3693027912,0.5849283203,1
17,0.3,weighted,33964,38596,3439,0.1012542692,1.136379696,17,0.9009539512,0.916770596,0.8985905275,4149.881669,6607.5,7128,0.01074667295,0.645245711,0.8014528997,2.34690317,0.3665645978,0.582194398,1
17,0.3,adaptive,33964,38596,3439,0.1012542692,1.136379696,17,0.9010422801,0.9168245747,0.8986682558,4151.087946,6610,7128,0.01074667295,0.6458272754,0.8016952182,2.34690317,0.3667118125,0.5823636288,1
17,0.3,top1,33964,38596,3439,0.1012542692,1.136379696,17,0.2195560005,0.2357042728,0.2247642243,1,1,1,1,0,0.1594823846,2.34690317,0,0.000140291807,0.000140291807
29,0,static,33964,38596,3439,0.1012542692,1.136379696,17,0.8281710046,0.8468992028,0.8242563996,2866.950124,520.5,7128,0.03951242492,0.5082872928,0.6932493527,2.34690317,0.2302732305,0.4022096133,1
29,0,rolling,33964,38596,3439,0.1012542692,1.136379696,17,0.9012483806,0.9162437282,0.8988237123,3953.910965,5990.5,7128,0.01436815452,0.6562954347,0.8043913882,2.34690317,0.3430102461,0.5547013138,1
29,0,weighted,33964,38596,3439,0.1012542692,1.136379696,17,0.9005123071,0.9155508377,0.8980464297,3939.29702,5928,7128,0.01451536921,0.6545507415,0.8030731756,2.34690317,0.3415086562,0.5526510971,1
29,0,adaptive,33964,38596,3439,0.1012542692,1.136379696,17,0.9006300789,0.9156450551,0.8982018862,3942.606318,5940.5,7128,0.0144270404,0.6554230881,0.8037128964,2.34690317,0.3418619715,0.5531153645,1
29,0,top1,33964,38596,3439,0.1012542692,1.136379696,17,0.2257390178,0.2418985766,0.2301533838,1,1,1,1,0,0.1595938511,2.34690317,0,0.000140291807,0.000140291807
29,0.1,static,33964,38596,3439,0.1012542692,1.136379696,17,0.8256094688,0.8448296446,0.8222613742,2819.987634,463.5,7128,0.03662701684,0.5033439953,0.6931648874,2.34690317,0.2198504299,0.3956211608,1
29,0.1,rolling,33964,38596,3439,0.1012542692,1.136379696,17,0.9004534213,0.9161645243,0.8990309877,3895.820074,5572.5,7128,0.01121775998,0.649607444,0.8047722898,2.34690317,0.3204275115,0.5465516378,1
29,0.1,weighted,33964,38596,3439,0.1012542692,1.136379696,17,0.899128489,0.9149671781,0.8977614261,3877.213491,5460,7128,0.01171828995,0.6464088398,0.8028337418,2.34690317,0.3186020492,0.5439412866,1
29,0.1,adaptive,33964,38596,3439,0.1012542692,1.136379696,17,0.8991873749,0.915026064,0.8978132449,3877.012808,5460,7128,0.01168884701,0.6464088398,0.8028337418,2.34690317,0.318719821,0.5439131324,1
29,0.1,top1,33964,38596,3439,0.1012542692,1.136379696,17,0.2245318573,0.2408032992,0.2293242823,1,1,1,1,0,0.1606988235,2.34690317,0,0.000140291807,0.000140291807
29,0.2,static,33964,38596,3439,0.1012542692,1.136379696,17,0.8310858556,0.8499386489,0.8264068815,3029.187198,724.5,7128,0.03471322577,0.5062518174,0.6924443937,2.34690317,0.2525320928,0.4249701457,1
29,0.2,rolling,33964,38596,3439,0.1012542692,1.136379696,17,0.9032799435,0.9179024433,0.8996009949,4108.187257,6546,7128,0.00918619715,0.6557138703,0.8001275328,2.34690317,0.3727770581,0.5763450136,1
29,0.2,weighted,33964,38596,3439,0.1012542692,1.136379696,17,0.9018961253,0.9166771263,0.8982277956,4087.274879,6486,7128,0.009362854787,0.6519337017,0.7979127417,2.34690317,0.3700388647,0.5734111784,1
29,0.2,adaptive,33964,38596,3439,0.1012542692,1.136379696,17,0.9019255682,0.9167065693,0.898253705,4087.925686,6488.5,7128,0.009362854787,0.6519337017,0.7979127417,2.34690317,0.3700683076,0.5735024812,1
29,0.2,top1,33964,38596,3439,0.1012542692,1.136379696,17,0.221734778,0.2377535014,0.2263965178,1,1,1,1,0,0.1582029429,2.34690317,0,0.000140291807,0.000140291807
29,0.3,static,33964,38596,3439,0.1012542692,1.136379696,17,0.8368861147,0.8560259182,0.8326510519,3153.88055,1012,7128,0.02652808856,0.5120674615,0.7010945873,2.34690317,0.2859498292,0.4424636013,1
29,0.3,rolling,33964,38596,3439,0.1012542692,1.136379696,17,0.9037510305,0.918234062,0.9003005493,4116.35626,6647.5,7128,0.008891767754,0.6606571678,0.8036934227,2.34690317,0.4054292781,0.5774910577,1
29,0.3,weighted,33964,38596,3439,0.1012542692,1.136379696,17,0.9031327288,0.9176540361,0.8995750855,4101.873601,6601.5,7128,0.009009539512,0.6589124746,0.8023267463,2.34690317,0.4030444,0.5754592595,1
29,0.3,adaptive,33964,38596,3439,0.1012542692,1.136379696,17,0.9032505005,0.9177826036,0.8997564514,4105.406784,6610,7128,0.009009539512,0.6592032568,0.8027241487,2.34690317,0.4035449299,0.575954936,1
29,0.3,top1,33964,38596,3439,0.1012542692,1.136379696,17,0.2181132964,0.2336138241,0.2222769199,1,1,1,1,0,0.1530851761,2.34690317,0,0.000140291807,0.000140291807
43,0,static,33964,38596,3439,0.1012542692,1.136379696,17,0.7961076434,0.8164216099,0.8049279718,2222.186344,178,7128,0.02467318337,0.5196277988,0.7202511071,2.34690317,0.1589624308,0.3117545376,1
43,0,rolling,33964,38596,3439,0.1012542692,1.136379696,17,0.891797197,0.9070160188,0.8976577884,3466.840596,1991,7128,0.009598398304,0.6836289619,0.8339319754,2.34690317,0.2367212342,0.4863693316,1
43,0,weighted,33964,38596,3439,0.1012542692,1.136379696,17,0.8903250501,0.9056297471,0.8962068608,3441.576169,1911,7128,0.009716170062,0.6807211399,0.8318722681,2.34690317,0.2349252149,0.4828249395,1
43,0,adaptive,33964,38596,3439,0.1012542692,1.136379696,17,0.8907666941,0.9060223196,0.8965955021,3448.39692,1928,7128,0.009686727123,0.6815934865,0.8322599778,2.34690317,0.235396302,0.4837818351,1
43,0,top1,33964,38596,3439,0.1012542692,1.136379696,17,0.2197032152,0.2357192747,0.2245569489,1,1,1,1,0,0.158176634,2.34690317,0,0.000140291807,0.000140291807
43,0.1,static,33964,38596,3439,0.1012542692,1.136379696,17,0.820162525,0.8402641429,0.8183749611,2700.027058,376,7128,0.03303497821,0.4952020936,0.6937282202,2.34690317,0.2056883759,0.3787916748,1
43,0.1,rolling,33964,38596,3439,0.1012542692,1.136379696,17,0.8990107172,0.914882997,0.8986682558,3869.061359,5463.5,7128,0.01030502885,0.6519337017,0.8086903493,2.34690317,0.3138028501,0.5427976093,1
43,0.1,weighted,33964,38596,3439,0.1012542692,1.136379696,17,0.8979802143,0.9139177593,0.8977096072,3850.735632,5353.5,7128,0.01059945825,0.6507705728,0.8081717877,2.34690317,0.3118301731,0.5402266599,1
43,0.1,adaptive,33964,38596,3439,0.1012542692,1.136379696,17,0.8980391002,0.9139619237,0.8977614261,3851.901602,5361,7128,0.01059945825,0.651061355,0.8083171788,2.34690317,0.3119185019,0.5403902359,1
43,0.1,top1,33964,38596,3439,0.1012542692,1.136379696,17,0.2254151454,0.2416169759,0.2299461084,1,1,1,1,0,0.1600113313,2.34690317,0,0.000140291807,0.000140291807
43,0.2,static,33964,38596,3439,0.1012542692,1.136379696,17,0.8102991403,0.8313841173,0.8092548451,2623.984778,313,7128,0.03521375574,0.4719395173,0.6801774233,2.34690317,0.1999764456,0.3681235659,1
43,0.2,rolling,33964,38596,3439,0.1012542692,1.136379696,17,0.8983040867,0.9143335206,0.8983573427,3861.156931,5370.5,7128,0.01183606171,0.6501890084,0.8084977298,2.34690317,0.3068248734,0.5416886828,1
43,0.2,weighted,33964,38596,3439,0.1012542692,1.136379696,17,0.8973030267,0.9134843021,0.8974246036,3841.886321,5266,7128,0.01207160523,0.6475719686,0.8073802953,2.34690317,0.3044399953,0.5389851741,1
43,0.2,adaptive,33964,38596,3439,0.1012542692,1.136379696,17,0.8973619126,0.9135473941,0.8975023318,3846.04069,5297.5,7128,0.01204216229,0.6475719686,0.8074218357,2.34690317,0.3047933106,0.5395679981,1
43,0.2,top1,33964,38596,3439,0.1012542692,1.136379696,17,0.2219408786,0.2379832264,0.2266297026,1,1,1,1,0,0.158436261,2.34690317,0,0.000140291807,0.000140291807
43,0.3,static,33964,38596,3439,0.1012542692,1.136379696,17,0.8271405017,0.8466585886,0.8242563996,2930.510452,565,7128,0.02991402662,0.5018900843,0.6946531845,2.34690317,0.2396949711,0.4111266067,1
43,0.3,rolling,33964,38596,3439,0.1012542692,1.136379696,17,0.9001589919,0.9161910635,0.8994455384,3989.689318,6209.5,7128,0.006300789071,0.6464088398,0.8047436121,2.34690317,0.3588799906,0.5597207236,1
43,0.3,weighted,33964,38596,3439,0.1012542692,1.136379696,17,0.8994818043,0.9156046583,0.8987200746,3975.967731,6155,7128,0.00638911789,0.6437917999,0.8030231507,2.34690317,0.3571428571,0.5577956973,1
43,0.3,adaptive,33964,38596,3439,0.1012542692,1.136379696,17,0.8994818043,0.9156046583,0.8987200746,3976.051996,6155,7128,0.00638911789,0.6437917999,0.8030231507,2.34690317,0.3571134142,0.5578075191,1
43,0.3,top1,33964,38596,3439,0.1012542692,1.136379696,17,0.2206159463,0.236674698,0.2254119598,1,1,1,1,0,0.1585982682,2.34690317,0,0.000140291807,0.000140291807
59,0,static,33964,38596,3439,0.1012542692,1.136379696,17,0.8195147804,0.8397009298,0.8188931495,2614.759098,336,7128,0.04001295489,0.4984006979,0.6977616694,2.34690317,0.1964727358,0.3668292786,1
59,0,rolling,33964,38596,3439,0.1012542692,1.136379696,17,0.8990696031,0.9148469177,0.8990309877,3741.091479,4587,7128,0.01687080438,0.6536783949,0.8094971545,2.34690317,0.2967259451,0.5248444836,1
59,0,weighted,33964,38596,3439,0.1012542692,1.136379696,17,0.8980685432,0.9139071973,0.8980464297,3722.696355,4488,7128,0.01713579084,0.6519337017,0.8083582575,2.34690317,0.294841597,0.5222637984,1
59,0,adaptive,33964,38596,3439,0.1012542692,1.136379696,17,0.898127429,0.9139660831,0.8980982485,3724.199358,4494.5,7128,0.01707690496,0.6519337017,0.8083582575,2.34690317,0.2950476976,0.5224746574,1
59,0,top1,33964,38596,3439,0.1012542692,1.136379696,17,0.2232952538,0.2391420164,0.2274847134,1,1,1,1,0,0.1565046364,2.34690317,0,0.000140291807,0.000140291807
59,0.1,static,33964,38596,3439,0.1012542692,1.136379696,17,0.814332823,0.8351522788,0.817260856,2533.157373,286,7128,0.03465433989,0.5018900843,0.7075056697,2.34690317,0.1879048404,0.3553812251,1
59,0.1,rolling,33964,38596,3439,0.1012542692,1.136379696,17,0.8942998469,0.9107509396,0.8976577884,3610.121364,3831,7128,0.01283712166,0.6545507415,0.8170238183,2.34690317,0.2785890943,0.5064704495,1
59,0.1,weighted,33964,38596,3439,0.1012542692,1.136379696,17,0.8930043576,0.9096090442,0.8964141362,3590.709045,3639.5,7128,0.01310210811,0.651061355,0.8150513457,2.34690317,0.2768814038,0.5037470602,1
59,0.1,adaptive,33964,38596,3439,0.1012542692,1.136379696,17,0.8930043576,0.9096090442,0.8964141362,3590.709045,3639.5,7128,0.01310210811,0.651061355,0.8150513457,2.34690317,0.2768814038,0.5037470602,1
59,0.1,top1,33964,38596,3439,0.1012542692,1.136379696,17,0.2219114356,0.2376878156,0.2262151518,1,1,1,1,0,0.1558095284,2.34690317,0,0.000140291807,0.000140291807
59,0.2,static,33964,38596,3439,0.1012542692,1.136379696,17,0.816276057,0.836808126,0.8147735517,2756.804087,403,7128,0.0409845719,0.4850247165,0.6878020327,2.34690317,0.2128135673,0.3867570268,1
59,0.2,rolling,33964,38596,3439,0.1012542692,1.136379696,17,0.8984513014,0.9143981816,0.8971136905,3891.553351,5512.5,7128,0.01651748911,0.6429194533,0.8004128646,2.34690317,0.3187492639,0.5459530514,1
59,0.2,weighted,33964,38596,3439,0.1012542692,1.136379696,17,0.8977741138,0.9137995085,0.896465955,3879.401454,5457.5,7128,0.0168119185,0.6408839779,0.7991528084,2.34690317,0.3172771169,0.54424824,1
59,0.2,adaptive,33964,38596,3439,0.1012542692,1.136379696,17,0.8977741138,0.9137995085,0.896465955,3880.434607,5462,7128,0.0168119185,0.6408839779,0.7991528084,2.34690317,0.3175126605,0.5443931828,1
59,0.2,top1,33964,38596,3439,0.1012542692,1.136379696,17,0.2191143564,0.2346151644,0.2231319308,1,1,1,1,0,0.1530879455,2.34690317,0,0.000140291807,0.000140291807
59,0.3,static,33964,38596,3439,0.1012542692,1.136379696,17,0.8217524438,0.8416604159,0.8187895119,2929.334266,547,7128,0.03327052173,0.492875836,0.6894894926,2.34690317,0.2360440466,0.4109615973,1
59,0.3,rolling,33964,38596,3439,0.1012542692,1.136379696,17,0.9028677423,0.9184318788,0.8999637268,4098.308003,6492,7128,0.008891767754,0.6490258796,0.8027392647,2.34690317,0.3631197739,0.5749590352,1
59,0.3,weighted,33964,38596,3439,0.1012542692,1.136379696,17,0.9018961253,0.9175780335,0.8990828065,4081.997321,6451,7128,0.009127311271,0.646699622,0.8015761359,2.34690317,0.3609409963,0.5726707801,1
59,0.3,adaptive,33964,38596,3439,0.1012542692,1.136379696,17,0.9020138971,0.9176958053,0.8991864442,4083.56448,6455,7128,0.009127311271,0.646699622,0.8015761359,2.34690317,0.3610587681,0.5728906397,1
59,0.3,top1,33964,38596,3439,0.1012542692,1.136379696,17,0.2177599812,0.2336320506,0.2226655612,1,1,1,1,0,0.1567545706,2.34690317,0,0.000140291807,0.000140291807
71,0,static,33964,38596,3439,0.1012542692,1.136379696,17,0.8174243316,0.8373123947,0.8171831278,2643.46829,349,7128,0.037039218,0.4954928758,0.6919099083,2.34690317,0.1977387822,0.370856943,1
71,0,rolling,33964,38596,3439,0.1012542692,1.136379696,17,0.8973324697,0.9134701009,0.8989532594,3728.098663,4527.5,7128,0.01263102108,0.6536783949,0.8130556866,2.34690317,0.2917206454,0.523021698,1
71,0,weighted,33964,38596,3439,0.1012542692,1.136379696,17,0.8965963962,0.9127732846,0.898253705,3713.424685,4444,7128,0.01283712166,0.6525152661,0.8122802673,2.34690317,0.2903073843,0.5209630591,1
71,0,adaptive,33964,38596,3439,0.1012542692,1.136379696,17,0.8967436109,0.9129278601,0.8984091616,3716.024909,4458,7128,0.01280767872,0.6525152661,0.8123529629,2.34690317,0.2904840419,0.5213278491,1
71,0,top1,33964,38596,3439,0.1012542692,1.136379696,17,0.2225886232,0.2382952515,0.2265260649,1,1,1,1,0,0.1551206515,2.34690317,0,0.000140291807,0.000140291807
71,0.1,static,33964,38596,3439,0.1012542692,1.136379696,17,0.8217524438,0.8412430388,0.8211731786,2702.673066,387,7128,0.03327052173,0.5103227682,0.7028143563,2.34690317,0.2059828053,0.379162888,1
71,0.1,rolling,33964,38596,3439,0.1012542692,1.136379696,17,0.8983629726,0.9136199561,0.8986682558,3770.629137,4704,7128,0.009598398304,0.6626926432,0.8133725468,2.34690317,0.3049110823,0.528988375,1
71,0.1,weighted,33964,38596,3439,0.1012542692,1.136379696,17,0.8972441409,0.9125256602,0.8973468753,3749.021287,4579,7128,0.00992227064,0.6597848212,0.8107070433,2.34690317,0.302643976,0.5259569707,1
71,0.1,adaptive,33964,38596,3439,0.1012542692,1.136379696,17,0.8973324697,0.9126090818,0.897450513,3749.98254,4587,7128,0.00986338476,0.6600756034,0.8109493618,2.34690317,0.3026734189,0.5260918266,1
71,0.1,top1,33964,38596,3439,0.1012542692,1.136379696,17,0.2190554705,0.2345241016,0.2230542025,1,1,1,1,0,0.1527701621,2.34690317,0,0.000140291807,0.000140291807
71,0.2,static,33964,38596,3439,0.1012542692,1.136379696,17,0.8178365328,0.8379159166,0.816949943,2735.510158,395,7128,0.03939465316,0.4937481826,0.6920547224,2.34690317,0.2083971264,0.383769663,1
71,0.2,rolling,33964,38596,3439,0.1012542692,1.136379696,17,0.898156872,0.9135215298,0.8978650637,3856.618449,5248,7128,0.01327876575,0.6568769991,0.8086203077,2.34690317,0.3084147921,0.541051971,1
71,0.2,weighted,33964,38596,3439,0.1012542692,1.136379696,17,0.8975091273,0.9129037188,0.8970359623,3838.085561,5135,7128,0.01348486633,0.6545507415,0.8065896786,2.34690317,0.3065010011,0.5384519586,1
71,0.2,adaptive,33964,38596,3439,0.1012542692,1.136379696,17,0.8975091273,0.9129037188,0.8970359623,3838.131551,5136,7128,0.01348486633,0.6545507415,0.8065896786,2.34690317,0.3065010011,0.5384584106,1
71,0.2,top1,33964,38596,3439,0.1012542692,1.136379696,17,0.2185549405,0.234354314,0.2231837496,1,1,1,1,0,0.1560366155,2.34690317,0,0.000140291807,0.000140291807
71,0.3,static,33964,38596,3439,0.1012542692,1.136379696,17,0.8214580144,0.8416662227,0.8194372474,2849.959163,495,7128,0.03559651396,0.4888048851,0.6883837125,2.34690317,0.2198504299,0.3998259207,1
71,0.3,rolling,33964,38596,3439,0.1012542692,1.136379696,17,0.9007184077,0.9160296243,0.8991864442,3973.455335,5918.5,7128,0.01298433636,0.6519337017,0.8031492174,2.34690317,0.3268166294,0.5574432288,1
71,0.3,weighted,33964,38596,3439,0.1012542692,1.136379696,17,0.8996879048,0.9151198374,0.8980982485,3952.782211,5828.5,7128,0.01336709457,0.6487350974,0.8011428202,2.34690317,0.324578966,0.5545429588,1
71,0.3,adaptive,33964,38596,3439,0.1012542692,1.136379696,17,0.8996879048,0.9151198374,0.8980982485,3952.782211,5828.5,7128,0.01336709457,0.6487350974,0.8011428202,2.34690317,0.324578966,0.5545429588,1
71,0.3,top1,33964,38596,3439,0.1012542692,1.136379696,17,0.2165233777,0.232207433,0.2212146336,1,1,1,1,0,0.1548977185,2.34690317,0,0.000140291807,0.000140291807
