seed,deletion_rate,method,timestamp_count,label_row_count,unique_query_count,observed_label_coverage,full_set_coverage,macro_time_full_set_coverage,partial_answer_recall,positive_label_undercoverage,positive_full_set_undercoverage,fraction_timestamps_label_below_target,fraction_timestamps_full_set_below_target,mean_size,median_size,p90_size,full_vocabulary_set_rate,pool_score_count_mean,pool_span_blocks_mean
17,0,margin_rolling,73,38596,33964,0.898745984,0.8996584619,0.8999650582,0.9156427651,0.007808384137,0.007609165514,0.5890410959,0.4931506849,3904.85676,5143.520168,7128,0.3326757743,1000,2.424657534
17,0,rank_rolling,73,38596,33964,0.898745984,0.8872040985,0.8906687521,0.8920199118,0.009772179892,0.0177023342,0.4931506849,0.6712328767,3354.147126,3354.147126,3354.147126,0,1000,2.424657534
17,0,adaptive_mass_rolling,73,38596,33964,0.8986423464,0.8870274408,0.8896858935,0.8933134383,0.01040932046,0.01813567607,0.4520547945,0.6438356164,2951.363414,2580.243316,4362.916464,0,1000,2.424657534
17,0,aps_rolling,73,38596,33964,0.8970359623,0.9034566011,0.903159881,0.9151675654,0.01020114802,0.007013773661,0.4794520548,0.3835616438,4765.19821,6836.842186,7127,0,1000,2.424657534
29,0,margin_rolling,73,38596,33964,0.8988237123,0.9012483806,0.901110411,0.9162437282,0.008967514429,0.007758439944,0.5890410959,0.4657534247,3953.910994,5229.891856,7128,0.3430102461,1000,2.424657534
29,0,rank_rolling,73,38596,33964,0.8984091616,0.8872040985,0.8898156886,0.8915237282,0.01035267807,0.01677717554,0.4657534247,0.6575342466,3284.538865,3284.538865,3284.538865,0,1000,2.424657534
29,0,adaptive_mass_rolling,73,38596,33964,0.8993159913,0.8881168296,0.8904768035,0.8939699458,0.009155284516,0.01641889835,0.5205479452,0.6438356164,2924.718319,2550.842363,4362.541544,0,1000,2.424657534
29,0,aps_rolling,73,38596,33964,0.8989532594,0.9071664115,0.9063074393,0.9176279436,0.009750034873,0.006003328354,0.5342465753,0.3561643836,4848.345012,6892.876781,7127,0,1000,2.424657534
43,0,margin_rolling,73,38596,33964,0.8976577884,0.891797197,0.8913694705,0.9070160188,0.009842408533,0.01336696608,0.5616438356,0.6164383562,3466.84036,2934.589683,7128,0.2367212342,1000,2.424657534
43,0,rank_rolling,73,38596,33964,0.8988496217,0.8877929572,0.8895699111,0.8937659249,0.009393018322,0.0167102222,0.4931506849,0.6438356164,3812.230008,3812.230008,3812.230008,0,1000,2.424657534
43,0,adaptive_mass_rolling,73,38596,33964,0.8992641725,0.8880579437,0.8896649219,0.8951531781,0.008944913497,0.01614350681,0.5068493151,0.6301369863,3535.964492,3217.296667,4723.822118,0,1000,2.424657534
43,0,aps_rolling,73,38596,33964,0.8970100529,0.8938582028,0.8924849499,0.9071544474,0.01116322956,0.01282827967,0.5342465753,0.5479452055,4379.605229,6020.669297,7125.574579,0,1000,2.424657534
59,0,margin_rolling,73,38596,33964,0.8990309877,0.8990696031,0.8987776829,0.9148469177,0.008254430133,0.008793747851,0.5342465753,0.5205479452,3741.091391,4144.15911,7128,0.2967259451,1000,2.424657534
59,0,rank_rolling,73,38596,33964,0.9003782775,0.8892062183,0.8909463871,0.8943323743,0.009562674491,0.01683196911,0.4931506849,0.6712328767,3348.027117,3348.027117,3348.027117,0,1000,2.424657534
59,0,adaptive_mass_rolling,73,38596,33964,0.8990309877,0.8877635143,0.8893367278,0.8943996024,0.009823998454,0.01724098239,0.4931506849,0.6575342466,2971.631316,2608.601019,4367.030585,0,1000,2.424657534
59,0,aps_rolling,73,38596,33964,0.897450513,0.9042810034,0.9033862277,0.9147777268,0.009646429202,0.006245268081,0.5068493151,0.397260274,4725.627988,6707.39533,7126.975957,0,1000,2.424657534
71,0,margin_rolling,73,38596,33964,0.8989532594,0.8973324697,0.8974917564,0.9134701009,0.008265139249,0.009750494245,0.5753424658,0.5205479452,3728.098869,4249.39745,7128,0.2917206454,1000,2.424657534
71,0,rank_rolling,73,38596,33964,0.8991346253,0.8878812861,0.8903503218,0.8929461026,0.009113266836,0.01621413699,0.5068493151,0.6712328767,3462.945531,3462.945531,3462.945531,0,1000,2.424657534
71,0,adaptive_mass_rolling,73,38596,33964,0.8990309877,0.8876162996,0.8898064114,0.8942640948,0.008717383502,0.01641221562,0.5205479452,0.6849315068,3066.509098,2710.139883,4426.364191,0,1000,2.424657534
71,0,aps_rolling,73,38596,33964,0.8974764224,0.901572253,0.9002647355,0.9135553191,0.010129055,0.008352604743,0.5342465753,0.4794520548,4716.052732,6708.471676,7126.994753,0,1000,2.424657534
17,0.1,margin_rolling,73,38596,33964,0.8979168826,0.898156872,0.8982630096,0.9142058445,0.008702711884,0.008847300635,0.5205479452,0.5068493151,3908.996644,5198.88903,7128,0.3244906371,1000,2.424657534
17,0.1,rank_rolling,73,38596,33964,0.8977096072,0.8859380521,0.8888602401,0.8907700591,0.01042957928,0.0185834933,0.5479452055,0.698630137,3379.025704,3379.025704,3379.025704,0,1000,2.424657534
17,0.1,adaptive_mass_rolling,73,38596,33964,0.8987200746,0.8871746555,0.889391394,0.8934959845,0.009909209224,0.01793683603,0.5342465753,0.6712328767,2981.536391,2597.940113,4413.378041,0,1000,2.424657534
17,0.1,aps_rolling,73,38596,33964,0.8964141362,0.90154281,0.9014992437,0.9134961762,0.01054382585,0.007764544257,0.5342465753,0.4383561644,4770.268314,6801.366447,7126.969792,0,1000,2.424657534
29,0.1,margin_rolling,73,38596,33964,0.8990309877,0.9004534213,0.9003780316,0.9161645243,0.007926236048,0.007274131907,0.5205479452,0.4931506849,3895.820133,4996.637204,7128,0.3204275115,1000,2.424657534
29,0.1,rank_rolling,73,38596,33964,0.8985387087,0.887410199,0.8899305231,0.892319669,0.01012913196,0.01704004404,0.4657534247,0.6301369863,3328.671652,3328.671652,3328.671652,0,1000,2.424657534
29,0.1,adaptive_mass_rolling,73,38596,33964,0.8981759768,0.8871746555,0.8898892975,0.8934764961,0.01032636268,0.01708100043,0.5205479452,0.6164383562,2954.300053,2570.381993,4406.023313,0,1000,2.424657534
29,0.1,aps_rolling,73,38596,33964,0.8972691471,0.9039571311,0.9032831615,0.9153971385,0.01019714247,0.006768526278,0.5342465753,0.4109589041,4815.878136,6854.716347,7127,0,1000,2.424657534
43,0.1,margin_rolling,73,38596,33964,0.8986682558,0.8990107172,0.8991997919,0.914882997,0.008262634729,0.00819925709,0.5205479452,0.4794520548,3869.061536,4876.771611,7128,0.3138028501,1000,2.424657534
43,0.1,rank_rolling,73,38596,33964,0.8987978029,0.8877929572,0.889886366,0.892427346,0.01017285281,0.01650275715,0.4794520548,0.6164383562,3501.652779,3501.652779,3501.652779,0,1000,2.424657534
43,0.1,adaptive_mass_rolling,73,38596,33964,0.8985387087,0.8872040985,0.8882154431,0.8932738306,0.01025641354,0.01711379165,0.4794520548,0.6575342466,3101.657108,2744.652986,4458.47061,0,1000,2.424657534
43,0.1,aps_rolling,73,38596,33964,0.8956886724,0.9012189377,0.9008711309,0.9137080017,0.01064188238,0.00723340508,0.5616438356,0.4246575342,4751.913143,6776.528766,7126.975604,0,1000,2.424657534
59,0.1,margin_rolling,73,38596,33964,0.8976577884,0.8942998469,0.8942743194,0.9107509396,0.009603012098,0.01195652146,0.5890410959,0.5753424658,3610.121423,3561.256949,7128,0.2785890943,1000,2.424657534
59,0.1,rank_rolling,73,38596,33964,0.8981241579,0.8864974679,0.8884801518,0.8915029078,0.01145480869,0.01891653163,0.4931506849,0.6301369863,3411.334148,3411.334148,3411.334148,0,1000,2.424657534
59,0.1,adaptive_mass_rolling,73,38596,33964,0.8991605348,0.8877340714,0.8894914089,0.8943495494,0.01084580212,0.01780874728,0.4931506849,0.6849315068,3026.11839,2650.662908,4441.276758,0,1000,2.424657534
59,0.1,aps_rolling,73,38596,33964,0.8966991398,0.898156872,0.8975191554,0.9105612567,0.01085014395,0.01010499068,0.602739726,0.5753424658,4639.038217,6542.073166,7126.866647,0,1000,2.424657534
71,0.1,margin_rolling,73,38596,33964,0.8986682558,0.8983629726,0.8986431857,0.9136199561,0.00767182444,0.008190822124,0.5753424658,0.5753424658,3770.629255,4379.662761,7128,0.3049110823,1000,2.424657534
71,0.1,rank_rolling,73,38596,33964,0.8987200746,0.8874985279,0.8909166495,0.892512567,0.009351235397,0.01633311373,0.4931506849,0.6575342466,3465.978036,3465.978036,3465.978036,0,1000,2.424657534
71,0.1,adaptive_mass_rolling,73,38596,33964,0.898745984,0.8876162996,0.8900106795,0.8940362391,0.009039077585,0.01592332839,0.4657534247,0.6712328767,3109.948946,2750.497821,4466.890107,0,1000,2.424657534
71,0.1,aps_rolling,73,38596,33964,0.8978132449,0.9025733129,0.9021133231,0.9145846536,0.009211664691,0.007438715263,0.5342465753,0.4794520548,4739.316953,6735.695236,7126.969792,0,1000,2.424657534
17,0.2,margin_rolling,73,38596,33964,0.8987978029,0.9001295489,0.900552002,0.9157427893,0.007887948438,0.00736940609,0.4520547945,0.4657534247,3997.587269,5538.714138,7128,0.3375927453,1000,2.424657534
17,0.2,rank_rolling,73,38596,33964,0.8986682558,0.8873218702,0.8899900781,0.8921470072,0.009957556344,0.01726308737,0.4657534247,0.6438356164,3462.361471,3462.361471,3462.361471,0,1000,2.424657534
17,0.2,adaptive_mass_rolling,73,38596,33964,0.8975800601,0.8862913673,0.8890707685,0.8925385983,0.01035164338,0.01757451575,0.4794520548,0.6301369863,3042.839565,2648.163938,4471.320793,0,1000,2.424657534
17,0.2,aps_rolling,73,38596,33964,0.8968027775,0.9028971853,0.9033082267,0.9147108376,0.01022274323,0.006732486122,0.5068493151,0.4246575342,4857.103786,6875.12051,7126.964786,0,1000,2.424657534
29,0.2,margin_rolling,73,38596,33964,0.8996009949,0.9032799435,0.903348088,0.9179024433,0.008586639189,0.006342113606,0.5205479452,0.4246575342,4108.186933,5937.889913,7128,0.3727770581,1000,2.424657534
29,0.2,rank_rolling,73,38596,33964,0.8993678101,0.888411259,0.8902753999,0.8927421752,0.009440209767,0.01648000282,0.4794520548,0.6301369863,3404.5782,3404.5782,3404.5782,0,1000,2.424657534
29,0.2,adaptive_mass_rolling,73,38596,33964,0.9001710022,0.8892062183,0.8907724987,0.8949189899,0.008917464122,0.01618912791,0.5205479452,0.6712328767,3094.700035,2697.673566,4527.854346,0,1000,2.424657534
29,0.2,aps_rolling,73,38596,33964,0.8992123536,0.9068425392,0.9069889789,0.9177668161,0.0091730353,0.005122381197,0.5479452055,0.397260274,4945.866476,6969.760187,7127,0,1000,2.424657534
43,0.2,margin_rolling,73,38596,33964,0.8983573427,0.8983040867,0.8979771495,0.9143335206,0.007834249232,0.007949289998,0.5753424658,0.5479452055,3861.156901,4832.955953,7128,0.3068248734,1000,2.424657534
43,0.2,rank_rolling,73,38596,33964,0.8986423464,0.8871452126,0.8884040695,0.8922469029,0.01068171067,0.01801077537,0.4931506849,0.6712328767,3610.322371,3610.322371,3610.322371,0,1000,2.424657534
43,0.2,adaptive_mass_rolling,73,38596,33964,0.8993937196,0.8878812861,0.8883367644,0.8945649736,0.01053884904,0.01766768892,0.4657534247,0.6575342466,3214.272612,2843.272377,4585.658109,0,1000,2.424657534
43,0.2,aps_rolling,73,38596,33964,0.8968286869,0.9006889648,0.8998519547,0.9135479989,0.01028299088,0.008599013272,0.5616438356,0.4657534247,4793.459045,6770.000206,7126.949959,0,1000,2.424657534
59,0.2,margin_rolling,73,38596,33964,0.8971136905,0.8984513014,0.8981314087,0.9143981816,0.009612032028,0.009574486298,0.5890410959,0.5753424658,3891.553586,5030.187787,7128,0.3187492639,1000,2.424657534
59,0.2,rank_rolling,73,38596,33964,0.8998600891,0.888882346,0.8905594945,0.893717753,0.01041917961,0.01705555704,0.5068493151,0.5753424658,3476.768431,3476.768431,3476.768431,0,1000,2.424657534
59,0.2,adaptive_mass_rolling,73,38596,33964,0.8996787232,0.8886468025,0.8899911585,0.8948886005,0.01032996587,0.01722085718,0.5205479452,0.6575342466,3097.072842,2710.862207,4521.588647,0,1000,2.424657534
59,0.2,aps_rolling,73,38596,33964,0.8966732304,0.9044576611,0.9034371507,0.9147323707,0.01028945907,0.006736959638,0.5205479452,0.4246575342,4853.669827,6806.955129,7126.976575,0,1000,2.424657534
71,0.2,margin_rolling,73,38596,33964,0.8978650637,0.898156872,0.8986659089,0.9135215298,0.008434121715,0.008133347655,0.5616438356,0.5342465753,3856.618184,4798.470292,7128,0.3084147921,1000,2.424657534
71,0.2,rank_rolling,73,38596,33964,0.8988755311,0.8875868567,0.8903428497,0.892894741,0.01012453885,0.01693159984,0.4657534247,0.6164383562,3560.022671,3560.022671,3560.022671,0,1000,2.424657534
71,0.2,adaptive_mass_rolling,73,38596,33964,0.9000414551,0.8890295607,0.8913895535,0.895669668,0.009004504138,0.01614816741,0.5342465753,0.6575342466,3209.494936,2840.145625,4578.306907,0,1000,2.424657534
71,0.2,aps_rolling,73,38596,33964,0.8980982485,0.9030444,0.9024612695,0.9145620106,0.009501058895,0.007298649829,0.5205479452,0.397260274,4837.915911,6801.704481,7126.98416,0,1000,2.424657534
17,0.3,margin_rolling,73,38596,33964,0.9000155457,0.9023966553,0.9025316877,0.9181652099,0.007768850243,0.006411150938,0.4931506849,0.4109589041,4169.369097,6109.797491,7128,0.3693027912,1000,2.424657534
17,0.3,rank_rolling,73,38596,33964,0.8977355166,0.8861441526,0.8886960265,0.8909894791,0.01117382637,0.01864083706,0.4931506849,0.6164383562,3417.782858,3417.782858,3417.782858,0,1000,2.424657534
17,0.3,adaptive_mass_rolling,73,38596,33964,0.8970100529,0.885496408,0.8875952108,0.8915062026,0.01220099884,0.0194364731,0.4520547945,0.6164383562,3041.038953,2619.696826,4504.261971,0,1000,2.424657534
17,0.3,aps_rolling,73,38596,33964,0.8972173282,0.9042515605,0.9041858808,0.9158506416,0.01011667128,0.006774688728,0.5205479452,0.397260274,4949.820133,6937.344953,7126.980627,0,1000,2.424657534
29,0.3,margin_rolling,73,38596,33964,0.9003005493,0.9037510305,0.9035109283,0.918234062,0.008698907958,0.006423849436,0.4931506849,0.397260274,4116.356024,5852.830438,7128,0.4054292781,1000,2.424657534
29,0.3,rank_rolling,73,38596,33964,0.8991087159,0.8881757155,0.8899669852,0.8925022853,0.009820848305,0.01651873717,0.4657534247,0.5890410959,3911.425922,3911.425922,3911.425922,0,1000,2.424657534
29,0.3,adaptive_mass_rolling,73,38596,33964,0.8990050782,0.8878812861,0.8893638977,0.8935146317,0.0102051334,0.01752255316,0.4931506849,0.6301369863,3614.478772,3202.420916,4748.674049,0,1000,2.424657534
29,0.3,aps_rolling,73,38596,33964,0.8986682558,0.9067836533,0.9061520373,0.9183624982,0.01026140316,0.006047803262,0.4931506849,0.3698630137,4998.658197,6962.116005,7126.816718,0,1000,2.424657534
43,0.3,margin_rolling,73,38596,33964,0.8994455384,0.9001589919,0.8994875146,0.9161910635,0.009288066923,0.008722866321,0.4931506849,0.5205479452,3989.688935,5532.100253,7128,0.3588799906,1000,2.424657534
43,0.3,rank_rolling,73,38596,33964,0.899238263,0.8881757155,0.8899855632,0.8925234562,0.009861799252,0.01646652606,0.4794520548,0.602739726,3763.329908,3763.329908,3763.329908,0,1000,2.424657534
43,0.3,adaptive_mass_rolling,73,38596,33964,0.8981759768,0.8866446826,0.8880818454,0.8925288541,0.01090341669,0.01853106771,0.5342465753,0.6438356164,3464.486868,3097.287628,4750.485237,0,1000,2.424657534
43,0.3,aps_rolling,73,38596,33964,0.8985646181,0.9032799435,0.902896578,0.9166711298,0.01010117338,0.007508357416,0.4931506849,0.4520547945,4852.453686,6881.745613,7126.958703,0,1000,2.424657534
59,0.3,margin_rolling,73,38596,33964,0.8999637268,0.9028677423,0.9020632818,0.9184318788,0.009133244942,0.007853625594,0.4931506849,0.4383561644,4098.307796,5837.325727,7128,0.3631197739,1000,2.424657534
59,0.3,rank_rolling,73,38596,33964,0.8984091616,0.8872629843,0.8884690344,0.8915627752,0.01124079978,0.01831673934,0.5205479452,0.602739726,3581.564951,3581.564951,3581.564951,0,1000,2.424657534
59,0.3,adaptive_mass_rolling,73,38596,33964,0.8984609804,0.8872040985,0.8880819074,0.8931850811,0.01093220153,0.01812416261,0.4931506849,0.6575342466,3202.324137,2810.405576,4590.86226,0,1000,2.424657534
59,0.3,aps_rolling,73,38596,33964,0.8984868898,0.9061064657,0.9047957161,0.9179514888,0.01004413379,0.006480037333,0.5205479452,0.3698630137,4869.196532,6892.316806,7126.980627,0,1000,2.424657534
71,0.3,margin_rolling,73,38596,33964,0.8991864442,0.9007184077,0.9006920065,0.9160296243,0.00761912323,0.006880829133,0.6164383562,0.5479452055,3973.455512,5399.043222,7128,0.3268166294,1000,2.424657534
71,0.3,rank_rolling,73,38596,33964,0.9014146544,0.8905017077,0.8923106875,0.8952634021,0.007658249632,0.01420190081,0.4794520548,0.6712328767,3666.700742,3666.700742,3666.700742,0,1000,2.424657534
71,0.3,adaptive_mass_rolling,73,38596,33964,0.900896466,0.8899717348,0.8913997054,0.8961098867,0.007930175789,0.01450759366,0.4657534247,0.7123287671,3272.497851,2893.43602,4638.178448,0,1000,2.424657534
71,0.3,aps_rolling,73,38596,33964,0.8963364079,0.9022788835,0.901614873,0.9144323448,0.009796099855,0.006780320022,0.5753424658,0.4931506849,4888.933783,6856.795342,7126.964786,0,1000,2.424657534
