target_coverage,selection_tolerance,statistic,deletion_rate,baseline_method,candidate_method,observed,ci95_low,ci95_high,pvalue_positive,iterations,block_length,seed_count,timestamp_count,direction
0.88,0,adaptive_mass_rolling_mean_size_reduction_vs_margin_rolling,0.3,margin_rolling,adaptive_mass_rolling,1054.474891,771.6628404,1323.321729,4.999750012e-05,20000,7,5,73,positive
0.88,0,adaptive_mass_rolling_relative_mean_size_reduction_vs_margin_rolling,0.3,margin_rolling,adaptive_mass_rolling,0.2800249876,0.2023581774,0.3507860286,4.999750012e-05,20000,7,5,73,positive
0.88,0,adaptive_mass_rolling_median_size_reduction_vs_margin_rolling,0.3,margin_rolling,adaptive_mass_rolling,1945.080803,1319.126915,2525.228501,4.999750012e-05,20000,7,5,73,positive
0.88,0,adaptive_mass_rolling_p90_size_reduction_vs_margin_rolling,0.3,margin_rolling,adaptive_mass_rolling,3491.810435,3018.232162,3961.427886,4.999750012e-05,20000,7,5,73,positive
0.88,0,adaptive_mass_rolling_observed_label_coverage_delta_vs_margin_rolling,0.3,margin_rolling,adaptive_mass_rolling,-0.0006166442118,-0.005115002801,0.003593963615,0.602319884,20000,7,5,73,not_negative
0.88,0,adaptive_mass_rolling_full_set_coverage_delta_vs_margin_rolling,0.3,margin_rolling,adaptive_mass_rolling,-0.0166175951,-0.02133388987,-0.01211178779,1,20000,7,5,73,not_negative
0.88,0,adaptive_mass_rolling_mean_size_reduction_vs_rank_rolling,0.3,rank_rolling,adaptive_mass_rolling,224.5868272,114.1668774,347.319205,4.999750012e-05,20000,7,5,73,positive
0.88,0,adaptive_mass_rolling_relative_mean_size_reduction_vs_rank_rolling,0.3,rank_rolling,adaptive_mass_rolling,0.08000748059,0.04178996942,0.1227609388,4.999750012e-05,20000,7,5,73,positive
0.88,0,adaptive_mass_rolling_median_size_reduction_vs_rank_rolling,0.3,rank_rolling,adaptive_mass_rolling,512.9637911,252.7348892,792.3415577,4.999750012e-05,20000,7,5,73,positive
0.88,0,adaptive_mass_rolling_p90_size_reduction_vs_rank_rolling,0.3,rank_rolling,adaptive_mass_rolling,-728.1352255,-1118.358101,-386.8166762,1,20000,7,5,73,positive
0.88,0,adaptive_mass_rolling_observed_label_coverage_delta_vs_rank_rolling,0.3,rank_rolling,adaptive_mass_rolling,-6.21826096e-05,-0.001121566366,0.0008598118639,0.5378731063,20000,7,5,73,not_negative
0.88,0,adaptive_mass_rolling_full_set_coverage_delta_vs_rank_rolling,0.3,rank_rolling,adaptive_mass_rolling,-5.888587917e-06,-0.001131213175,0.001052663863,0.4971751412,20000,7,5,73,not_negative
0.88,0.01,adaptive_mass_rolling_mean_size_reduction_vs_margin_rolling,0.3,margin_rolling,adaptive_mass_rolling,1192.888818,899.6765191,1484.074208,4.999750012e-05,20000,7,5,73,positive
0.88,0.01,adaptive_mass_rolling_relative_mean_size_reduction_vs_margin_rolling,0.3,margin_rolling,adaptive_mass_rolling,0.3185293151,0.2396272618,0.3945994332,4.999750012e-05,20000,7,5,73,positive
0.88,0.01,adaptive_mass_rolling_median_size_reduction_vs_margin_rolling,0.3,margin_rolling,adaptive_mass_rolling,2291.599647,1656.505689,2899.763151,4.999750012e-05,20000,7,5,73,positive
0.88,0.01,adaptive_mass_rolling_p90_size_reduction_vs_margin_rolling,0.3,margin_rolling,adaptive_mass_rolling,2915.468452,2728.453361,3096.054719,4.999750012e-05,20000,7,5,73,positive
0.88,0.01,adaptive_mass_rolling_observed_label_coverage_delta_vs_margin_rolling,0.3,margin_rolling,adaptive_mass_rolling,-8.291014613e-05,-0.004624886668,0.004118793343,0.5041747913,20000,7,5,73,not_negative
0.88,0.01,adaptive_mass_rolling_full_set_coverage_delta_vs_margin_rolling,0.3,margin_rolling,adaptive_mass_rolling,-0.01595218467,-0.0205364679,-0.01155880102,1,20000,7,5,73,not_negative
0.88,0.01,adaptive_mass_rolling_mean_size_reduction_vs_rank_rolling,0.3,rank_rolling,adaptive_mass_rolling,363.0007537,297.5224882,428.5316759,4.999750012e-05,20000,7,5,73,positive
0.88,0.01,adaptive_mass_rolling_relative_mean_size_reduction_vs_rank_rolling,0.3,rank_rolling,adaptive_mass_rolling,0.1294933804,0.1031047562,0.1571904702,4.999750012e-05,20000,7,5,73,positive
0.88,0.01,adaptive_mass_rolling_median_size_reduction_vs_rank_rolling,0.3,rank_rolling,adaptive_mass_rolling,859.4826346,760.2566035,949.8755337,4.999750012e-05,20000,7,5,73,positive
0.88,0.01,adaptive_mass_rolling_p90_size_reduction_vs_rank_rolling,0.3,rank_rolling,adaptive_mass_rolling,-1304.477208,-1432.793169,-1161.001867,1,20000,7,5,73,positive
0.88,0.01,adaptive_mass_rolling_observed_label_coverage_delta_vs_rank_rolling,0.3,rank_rolling,adaptive_mass_rolling,0.0004715514561,-0.0009443418408,0.001929010826,0.2615369232,20000,7,5,73,not_negative
0.88,0.01,adaptive_mass_rolling_full_set_coverage_delta_vs_rank_rolling,0.3,rank_rolling,adaptive_mass_rolling,0.0006595218467,-0.0009889547794,0.002374074049,0.2219389031,20000,7,5,73,not_negative
0.88,0.02,adaptive_mass_rolling_mean_size_reduction_vs_margin_rolling,0.3,margin_rolling,adaptive_mass_rolling,1192.888818,898.9506829,1482.532206,4.999750012e-05,20000,7,5,73,positive
0.88,0.02,adaptive_mass_rolling_relative_mean_size_reduction_vs_margin_rolling,0.3,margin_rolling,adaptive_mass_rolling,0.3185293151,0.2390281915,0.3952078426,4.999750012e-05,20000,7,5,73,positive
0.88,0.02,adaptive_mass_rolling_median_size_reduction_vs_margin_rolling,0.3,margin_rolling,adaptive_mass_rolling,2291.599647,1638.728826,2905.06032,4.999750012e-05,20000,7,5,73,positive
0.88,0.02,adaptive_mass_rolling_p90_size_reduction_vs_margin_rolling,0.3,margin_rolling,adaptive_mass_rolling,2915.468452,2725.076575,3095.580547,4.999750012e-05,20000,7,5,73,positive
0.88,0.02,adaptive_mass_rolling_observed_label_coverage_delta_vs_margin_rolling,0.3,margin_rolling,adaptive_mass_rolling,-8.291014613e-05,-0.004552535658,0.004126875853,0.5005249738,20000,7,5,73,not_negative
0.88,0.02,adaptive_mass_rolling_full_set_coverage_delta_vs_margin_rolling,0.3,margin_rolling,adaptive_mass_rolling,-0.01595218467,-0.02040950467,-0.01160674303,1,20000,7,5,73,not_negative
0.88,0.02,adaptive_mass_rolling_mean_size_reduction_vs_rank_rolling,0.3,rank_rolling,adaptive_mass_rolling,363.0007537,297.6717822,427.4985838,4.999750012e-05,20000,7,5,73,positive
0.88,0.02,adaptive_mass_rolling_relative_mean_size_reduction_vs_rank_rolling,0.3,rank_rolling,adaptive_mass_rolling,0.1294933804,0.1029920623,0.1568998531,4.999750012e-05,20000,7,5,73,positive
0.88,0.02,adaptive_mass_rolling_median_size_reduction_vs_rank_rolling,0.3,rank_rolling,adaptive_mass_rolling,859.4826346,756.9116243,949.0732122,4.999750012e-05,20000,7,5,73,positive
0.88,0.02,adaptive_mass_rolling_p90_size_reduction_vs_rank_rolling,0.3,rank_rolling,adaptive_mass_rolling,-1304.477208,-1433.384226,-1165.023577,1,20000,7,5,73,positive
0.88,0.02,adaptive_mass_rolling_observed_label_coverage_delta_vs_rank_rolling,0.3,rank_rolling,adaptive_mass_rolling,0.0004715514561,-0.0009323524594,0.001929430036,0.2609369532,20000,7,5,73,not_negative
0.88,0.02,adaptive_mass_rolling_full_set_coverage_delta_vs_rank_rolling,0.3,rank_rolling,adaptive_mass_rolling,0.0006595218467,-0.0009627734545,0.002356750169,0.215039248,20000,7,5,73,not_negative
0.88,0.03,adaptive_mass_rolling_mean_size_reduction_vs_margin_rolling,0.3,margin_rolling,adaptive_mass_rolling,1192.888818,894.1267089,1488.472618,4.999750012e-05,20000,7,5,73,positive
0.88,0.03,adaptive_mass_rolling_relative_mean_size_reduction_vs_margin_rolling,0.3,margin_rolling,adaptive_mass_rolling,0.3185293151,0.2389089526,0.3965550875,4.999750012e-05,20000,7,5,73,positive
0.88,0.03,adaptive_mass_rolling_median_size_reduction_vs_margin_rolling,0.3,margin_rolling,adaptive_mass_rolling,2291.599647,1661.649809,2917.008317,4.999750012e-05,20000,7,5,73,positive
0.88,0.03,adaptive_mass_rolling_p90_size_reduction_vs_margin_rolling,0.3,margin_rolling,adaptive_mass_rolling,2915.468452,2727.479293,3094.658307,4.999750012e-05,20000,7,5,73,positive
0.88,0.03,adaptive_mass_rolling_observed_label_coverage_delta_vs_margin_rolling,0.3,margin_rolling,adaptive_mass_rolling,-8.291014613e-05,-0.00466155504,0.004145172435,0.4972751362,20000,7,5,73,not_negative
0.88,0.03,adaptive_mass_rolling_full_set_coverage_delta_vs_margin_rolling,0.3,margin_rolling,adaptive_mass_rolling,-0.01595218467,-0.02045819191,-0.01161241828,1,20000,7,5,73,not_negative
0.88,0.03,adaptive_mass_rolling_mean_size_reduction_vs_rank_rolling,0.3,rank_rolling,adaptive_mass_rolling,363.0007537,297.6365413,429.3562951,4.999750012e-05,20000,7,5,73,positive
0.88,0.03,adaptive_mass_rolling_relative_mean_size_reduction_vs_rank_rolling,0.3,rank_rolling,adaptive_mass_rolling,0.1294933804,0.102961241,0.1571272757,4.999750012e-05,20000,7,5,73,positive
0.88,0.03,adaptive_mass_rolling_median_size_reduction_vs_rank_rolling,0.3,rank_rolling,adaptive_mass_rolling,859.4826346,758.0901143,949.0599497,4.999750012e-05,20000,7,5,73,positive
0.88,0.03,adaptive_mass_rolling_p90_size_reduction_vs_rank_rolling,0.3,rank_rolling,adaptive_mass_rolling,-1304.477208,-1435.027522,-1161.909559,1,20000,7,5,73,positive
0.88,0.03,adaptive_mass_rolling_observed_label_coverage_delta_vs_rank_rolling,0.3,rank_rolling,adaptive_mass_rolling,0.0004715514561,-0.0009284382756,0.001944662171,0.2542372881,20000,7,5,73,not_negative
0.88,0.03,adaptive_mass_rolling_full_set_coverage_delta_vs_rank_rolling,0.3,rank_rolling,adaptive_mass_rolling,0.0006595218467,-0.0009446880586,0.002376206899,0.2210389481,20000,7,5,73,not_negative
0.9,0,adaptive_mass_rolling_mean_size_reduction_vs_margin_rolling,0.3,margin_rolling,adaptive_mass_rolling,645.2215405,325.7235756,976.1317561,4.999750012e-05,20000,7,5,73,positive
0.9,0,adaptive_mass_rolling_relative_mean_size_reduction_vs_margin_rolling,0.3,margin_rolling,adaptive_mass_rolling,0.1546826105,0.07648984411,0.2361875621,4.999750012e-05,20000,7,5,73,positive
0.9,0,adaptive_mass_rolling_median_size_reduction_vs_margin_rolling,0.3,margin_rolling,adaptive_mass_rolling,2597.360016,2040.271294,3175.922028,4.999750012e-05,20000,7,5,73,positive
0.9,0,adaptive_mass_rolling_p90_size_reduction_vs_margin_rolling,0.3,margin_rolling,adaptive_mass_rolling,2790.706382,2437.778731,3168.819767,4.999750012e-05,20000,7,5,73,positive
0.9,0,adaptive_mass_rolling_observed_label_coverage_delta_vs_margin_rolling,0.3,margin_rolling,adaptive_mass_rolling,-0.0009016478392,-0.00511607349,0.003128902894,0.6561171941,20000,7,5,73,not_negative
0.9,0,adaptive_mass_rolling_full_set_coverage_delta_vs_margin_rolling,0.3,margin_rolling,adaptive_mass_rolling,-0.01430338005,-0.01871335215,-0.009970541876,1,20000,7,5,73,not_negative
0.9,0,adaptive_mass_rolling_mean_size_reduction_vs_rank_rolling,0.3,rank_rolling,adaptive_mass_rolling,243.9469438,111.8421509,392.1832641,4.999750012e-05,20000,7,5,73,positive
0.9,0,adaptive_mass_rolling_relative_mean_size_reduction_vs_rank_rolling,0.3,rank_rolling,adaptive_mass_rolling,0.0706612165,0.03092739935,0.1153378871,4.999750012e-05,20000,7,5,73,positive
0.9,0,adaptive_mass_rolling_median_size_reduction_vs_rank_rolling,0.3,rank_rolling,adaptive_mass_rolling,519.3014663,250.3562168,790.8465756,4.999750012e-05,20000,7,5,73,positive
0.9,0,adaptive_mass_rolling_p90_size_reduction_vs_rank_rolling,0.3,rank_rolling,adaptive_mass_rolling,-669.1327417,-992.1495171,-334.09084,1,20000,7,5,73,positive
0.9,0,adaptive_mass_rolling_observed_label_coverage_delta_vs_rank_rolling,0.3,rank_rolling,adaptive_mass_rolling,-0.0003005492797,-0.001555613048,0.0008838308219,0.6884155792,20000,7,5,73,not_negative
0.9,0,adaptive_mass_rolling_full_set_coverage_delta_vs_rank_rolling,0.3,rank_rolling,adaptive_mass_rolling,-0.0003768696267,-0.001855310217,0.001006722266,0.7100644968,20000,7,5,73,not_negative
0.9,0.01,adaptive_mass_rolling_mean_size_reduction_vs_margin_rolling,0.3,margin_rolling,adaptive_mass_rolling,750.4701566,424.9404807,1072.05424,4.999750012e-05,20000,7,5,73,positive
0.9,0.01,adaptive_mass_rolling_relative_mean_size_reduction_vs_margin_rolling,0.3,margin_rolling,adaptive_mass_rolling,0.1817129867,0.1015576962,0.2585923321,4.999750012e-05,20000,7,5,73,positive
0.9,0.01,adaptive_mass_rolling_median_size_reduction_vs_margin_rolling,0.3,margin_rolling,adaptive_mass_rolling,2821.570033,2331.033316,3334.353925,4.999750012e-05,20000,7,5,73,positive
0.9,0.01,adaptive_mass_rolling_p90_size_reduction_vs_margin_rolling,0.3,margin_rolling,adaptive_mass_rolling,2481.507607,2284.913703,2668.004436,4.999750012e-05,20000,7,5,73,positive
0.9,0.01,adaptive_mass_rolling_observed_label_coverage_delta_vs_margin_rolling,0.3,margin_rolling,adaptive_mass_rolling,-0.001072650016,-0.005284952064,0.0028922849,0.6872656367,20000,7,5,73,not_negative
0.9,0.01,adaptive_mass_rolling_full_set_coverage_delta_vs_margin_rolling,0.3,margin_rolling,adaptive_mass_rolling,-0.01453892357,-0.01881983144,-0.01031259515,1,20000,7,5,73,not_negative
0.9,0.01,adaptive_mass_rolling_mean_size_reduction_vs_rank_rolling,0.3,rank_rolling,adaptive_mass_rolling,349.19556,246.3738788,461.5466071,4.999750012e-05,20000,7,5,73,positive
0.9,0.01,adaptive_mass_rolling_relative_mean_size_reduction_vs_rank_rolling,0.3,rank_rolling,adaptive_mass_rolling,0.100874683,0.0667855761,0.1385897467,4.999750012e-05,20000,7,5,73,positive
0.9,0.01,adaptive_mass_rolling_median_size_reduction_vs_rank_rolling,0.3,rank_rolling,adaptive_mass_rolling,743.5114827,609.4996018,885.3561775,4.999750012e-05,20000,7,5,73,positive
0.9,0.01,adaptive_mass_rolling_p90_size_reduction_vs_rank_rolling,0.3,rank_rolling,adaptive_mass_rolling,-978.3315169,-1085.98997,-873.7541412,1,20000,7,5,73,positive
0.9,0.01,adaptive_mass_rolling_observed_label_coverage_delta_vs_rank_rolling,0.3,rank_rolling,adaptive_mass_rolling,-0.0004715514561,-0.001925501617,0.001069987921,0.7399630018,20000,7,5,73,not_negative
0.9,0.01,adaptive_mass_rolling_full_set_coverage_delta_vs_rank_rolling,0.3,rank_rolling,adaptive_mass_rolling,-0.0006124131433,-0.002413780364,0.001321544086,0.7487625619,20000,7,5,73,not_negative
0.9,0.02,adaptive_mass_rolling_mean_size_reduction_vs_margin_rolling,0.3,margin_rolling,adaptive_mass_rolling,750.4701566,422.559595,1067.322493,4.999750012e-05,20000,7,5,73,positive
0.9,0.02,adaptive_mass_rolling_relative_mean_size_reduction_vs_margin_rolling,0.3,margin_rolling,adaptive_mass_rolling,0.1817129867,0.102729504,0.2592861944,4.999750012e-05,20000,7,5,73,positive
0.9,0.02,adaptive_mass_rolling_median_size_reduction_vs_margin_rolling,0.3,margin_rolling,adaptive_mass_rolling,2821.570033,2320.090597,3319.416588,4.999750012e-05,20000,7,5,73,positive
0.9,0.02,adaptive_mass_rolling_p90_size_reduction_vs_margin_rolling,0.3,margin_rolling,adaptive_mass_rolling,2481.507607,2284.748973,2671.438556,4.999750012e-05,20000,7,5,73,positive
0.9,0.02,adaptive_mass_rolling_observed_label_coverage_delta_vs_margin_rolling,0.3,margin_rolling,adaptive_mass_rolling,-0.001072650016,-0.005291418993,0.002898284815,0.6860156992,20000,7,5,73,not_negative
0.9,0.02,adaptive_mass_rolling_full_set_coverage_delta_vs_margin_rolling,0.3,margin_rolling,adaptive_mass_rolling,-0.01453892357,-0.01877136291,-0.0102642796,1,20000,7,5,73,not_negative
0.9,0.02,adaptive_mass_rolling_mean_size_reduction_vs_rank_rolling,0.3,rank_rolling,adaptive_mass_rolling,349.19556,246.3249152,463.1970031,4.999750012e-05,20000,7,5,73,positive
0.9,0.02,adaptive_mass_rolling_relative_mean_size_reduction_vs_rank_rolling,0.3,rank_rolling,adaptive_mass_rolling,0.100874683,0.06661407996,0.1378385361,4.999750012e-05,20000,7,5,73,positive
0.9,0.02,adaptive_mass_rolling_median_size_reduction_vs_rank_rolling,0.3,rank_rolling,adaptive_mass_rolling,743.5114827,609.5154404,886.1729672,4.999750012e-05,20000,7,5,73,positive
0.9,0.02,adaptive_mass_rolling_p90_size_reduction_vs_rank_rolling,0.3,rank_rolling,adaptive_mass_rolling,-978.3315169,-1086.181146,-874.1517003,1,20000,7,5,73,positive
0.9,0.02,adaptive_mass_rolling_observed_label_coverage_delta_vs_rank_rolling,0.3,rank_rolling,adaptive_mass_rolling,-0.0004715514561,-0.001925849826,0.001073534341,0.7420128994,20000,7,5,73,not_negative
0.9,0.02,adaptive_mass_rolling_full_set_coverage_delta_vs_rank_rolling,0.3,rank_rolling,adaptive_mass_rolling,-0.0006124131433,-0.002374515443,0.001303544413,0.7466626669,20000,7,5,73,not_negative
0.9,0.03,adaptive_mass_rolling_mean_size_reduction_vs_margin_rolling,0.3,margin_rolling,adaptive_mass_rolling,750.4701566,422.2409977,1073.642756,4.999750012e-05,20000,7,5,73,positive
0.9,0.03,adaptive_mass_rolling_relative_mean_size_reduction_vs_margin_rolling,0.3,margin_rolling,adaptive_mass_rolling,0.1817129867,0.1027183479,0.2585181714,4.999750012e-05,20000,7,5,73,positive
0.9,0.03,adaptive_mass_rolling_median_size_reduction_vs_margin_rolling,0.3,margin_rolling,adaptive_mass_rolling,2821.570033,2320.326962,3325.327402,4.999750012e-05,20000,7,5,73,positive
0.9,0.03,adaptive_mass_rolling_p90_size_reduction_vs_margin_rolling,0.3,margin_rolling,adaptive_mass_rolling,2481.507607,2289.562245,2667.446568,4.999750012e-05,20000,7,5,73,positive
0.9,0.03,adaptive_mass_rolling_observed_label_coverage_delta_vs_margin_rolling,0.3,margin_rolling,adaptive_mass_rolling,-0.001072650016,-0.005359786528,0.00299588455,0.6937653117,20000,7,5,73,not_negative
0.9,0.03,adaptive_mass_rolling_full_set_coverage_delta_vs_margin_rolling,0.3,margin_rolling,adaptive_mass_rolling,-0.01453892357,-0.01881456698,-0.01031310917,1,20000,7,5,73,not_negative
0.9,0.03,adaptive_mass_rolling_mean_size_reduction_vs_rank_rolling,0.3,rank_rolling,adaptive_mass_rolling,349.19556,245.3290068,465.1536983,4.999750012e-05,20000,7,5,73,positive
0.9,0.03,adaptive_mass_rolling_relative_mean_size_reduction_vs_rank_rolling,0.3,rank_rolling,adaptive_mass_rolling,0.100874683,0.06597760746,0.1385576228,4.999750012e-05,20000,7,5,73,positive
0.9,0.03,adaptive_mass_rolling_median_size_reduction_vs_rank_rolling,0.3,rank_rolling,adaptive_mass_rolling,743.5114827,607.3404624,884.3214488,4.999750012e-05,20000,7,5,73,positive
0.9,0.03,adaptive_mass_rolling_p90_size_reduction_vs_rank_rolling,0.3,rank_rolling,adaptive_mass_rolling,-978.3315169,-1084.695203,-874.420585,1,20000,7,5,73,positive
0.9,0.03,adaptive_mass_rolling_observed_label_coverage_delta_vs_rank_rolling,0.3,rank_rolling,adaptive_mass_rolling,-0.0004715514561,-0.001917613462,0.001073191954,0.7427628619,20000,7,5,73,not_negative
0.9,0.03,adaptive_mass_rolling_full_set_coverage_delta_vs_rank_rolling,0.3,rank_rolling,adaptive_mass_rolling,-0.0006124131433,-0.002401151106,0.001257300991,0.7536623169,20000,7,5,73,not_negative
0.92,0,adaptive_mass_rolling_mean_size_reduction_vs_margin_rolling,0.3,margin_rolling,adaptive_mass_rolling,159.493711,-147.5139552,478.5309176,0.1653917304,20000,7,5,73,positive
0.92,0,adaptive_mass_rolling_relative_mean_size_reduction_vs_margin_rolling,0.3,margin_rolling,adaptive_mass_rolling,0.0322206358,-0.03668563592,0.1037958917,0.191940403,20000,7,5,73,positive
0.92,0,adaptive_mass_rolling_median_size_reduction_vs_margin_rolling,0.3,margin_rolling,adaptive_mass_rolling,2601.442945,2205.445463,3023.17511,4.999750012e-05,20000,7,5,73,positive
0.92,0,adaptive_mass_rolling_p90_size_reduction_vs_margin_rolling,0.3,margin_rolling,adaptive_mass_rolling,2211.484075,1917.78397,2538.540196,4.999750012e-05,20000,7,5,73,positive
0.92,0,adaptive_mass_rolling_observed_label_coverage_delta_vs_margin_rolling,0.3,margin_rolling,adaptive_mass_rolling,-0.001041558711,-0.004271726733,0.002142852931,0.7371631418,20000,7,5,73,not_negative
0.92,0,adaptive_mass_rolling_full_set_coverage_delta_vs_margin_rolling,0.3,margin_rolling,adaptive_mass_rolling,-0.0115004122,-0.01492005062,-0.007990309505,1,20000,7,5,73,not_negative
0.92,0,adaptive_mass_rolling_mean_size_reduction_vs_rank_rolling,0.3,rank_rolling,adaptive_mass_rolling,210.86332,85.94625148,350.5395195,4.999750012e-05,20000,7,5,73,positive
0.92,0,adaptive_mass_rolling_relative_mean_size_reduction_vs_rank_rolling,0.3,rank_rolling,adaptive_mass_rolling,0.04837976398,0.01898978254,0.08292968969,4.999750012e-05,20000,7,5,73,positive
0.92,0,adaptive_mass_rolling_median_size_reduction_vs_rank_rolling,0.3,rank_rolling,adaptive_mass_rolling,406.3923566,177.350127,639.3746637,4.999750012e-05,20000,7,5,73,positive
0.92,0,adaptive_mass_rolling_p90_size_reduction_vs_rank_rolling,0.3,rank_rolling,adaptive_mass_rolling,-437.0050665,-678.5739767,-189.9455683,1,20000,7,5,73,positive
0.92,0,adaptive_mass_rolling_observed_label_coverage_delta_vs_rank_rolling,0.3,rank_rolling,adaptive_mass_rolling,9.32739144e-05,-0.0007570162863,0.0009657763382,0.399980001,20000,7,5,73,not_negative
0.92,0,adaptive_mass_rolling_full_set_coverage_delta_vs_rank_rolling,0.3,rank_rolling,adaptive_mass_rolling,3.53315275e-05,-0.0009807125287,0.001042949234,0.4653267337,20000,7,5,73,not_negative
0.92,0.01,adaptive_mass_rolling_mean_size_reduction_vs_margin_rolling,0.3,margin_rolling,adaptive_mass_rolling,229.1771052,-91.07247668,544.8155077,0.08359582021,20000,7,5,73,positive
0.92,0.01,adaptive_mass_rolling_relative_mean_size_reduction_vs_margin_rolling,0.3,margin_rolling,adaptive_mass_rolling,0.04829712544,-0.02425590723,0.1186993608,0.09524523774,20000,7,5,73,positive
0.92,0.01,adaptive_mass_rolling_median_size_reduction_vs_margin_rolling,0.3,margin_rolling,adaptive_mass_rolling,2725.372983,2314.730936,3127.25336,4.999750012e-05,20000,7,5,73,positive
0.92,0.01,adaptive_mass_rolling_p90_size_reduction_vs_margin_rolling,0.3,margin_rolling,adaptive_mass_rolling,2089.297548,1868.774936,2327.194138,4.999750012e-05,20000,7,5,73,positive
0.92,0.01,adaptive_mass_rolling_observed_label_coverage_delta_vs_margin_rolling,0.3,margin_rolling,adaptive_mass_rolling,-0.0009690123329,-0.004193254585,0.002230444974,0.7235638218,20000,7,5,73,not_negative
0.92,0.01,adaptive_mass_rolling_full_set_coverage_delta_vs_margin_rolling,0.3,margin_rolling,adaptive_mass_rolling,-0.01148863503,-0.01495433895,-0.007999757337,1,20000,7,5,73,not_negative
0.92,0.01,adaptive_mass_rolling_mean_size_reduction_vs_rank_rolling,0.3,rank_rolling,adaptive_mass_rolling,280.5467142,167.6851147,396.6279654,4.999750012e-05,20000,7,5,73,positive
0.92,0.01,adaptive_mass_rolling_relative_mean_size_reduction_vs_rank_rolling,0.3,rank_rolling,adaptive_mass_rolling,0.06440548548,0.0371706568,0.09311191578,4.999750012e-05,20000,7,5,73,positive
0.92,0.01,adaptive_mass_rolling_median_size_reduction_vs_rank_rolling,0.3,rank_rolling,adaptive_mass_rolling,530.3223943,336.9782158,704.0230014,4.999750012e-05,20000,7,5,73,positive
0.92,0.01,adaptive_mass_rolling_p90_size_reduction_vs_rank_rolling,0.3,rank_rolling,adaptive_mass_rolling,-559.1915935,-725.9450635,-352.5312029,1,20000,7,5,73,positive
0.92,0.01,adaptive_mass_rolling_observed_label_coverage_delta_vs_rank_rolling,0.3,rank_rolling,adaptive_mass_rolling,0.0001658202923,-0.0008146585081,0.001251075081,0.3886305685,20000,7,5,73,not_negative
0.92,0.01,adaptive_mass_rolling_full_set_coverage_delta_vs_rank_rolling,0.3,rank_rolling,adaptive_mass_rolling,4.710870333e-05,-0.001083117311,0.001287766585,0.4738763062,20000,7,5,73,not_negative
0.92,0.02,adaptive_mass_rolling_mean_size_reduction_vs_margin_rolling,0.3,margin_rolling,adaptive_mass_rolling,229.1771052,-93.14074689,547.3034906,0.08224588771,20000,7,5,73,positive
0.92,0.02,adaptive_mass_rolling_relative_mean_size_reduction_vs_margin_rolling,0.3,margin_rolling,adaptive_mass_rolling,0.04829712544,-0.02488792939,0.1187405291,0.09974501275,20000,7,5,73,positive
0.92,0.02,adaptive_mass_rolling_median_size_reduction_vs_margin_rolling,0.3,margin_rolling,adaptive_mass_rolling,2725.372983,2316.005818,3121.943235,4.999750012e-05,20000,7,5,73,positive
0.92,0.02,adaptive_mass_rolling_p90_size_reduction_vs_margin_rolling,0.3,margin_rolling,adaptive_mass_rolling,2089.297548,1869.006758,2327.714009,4.999750012e-05,20000,7,5,73,positive
0.92,0.02,adaptive_mass_rolling_observed_label_coverage_delta_vs_margin_rolling,0.3,margin_rolling,adaptive_mass_rolling,-0.0009690123329,-0.004235516073,0.002209033999,0.7227638618,20000,7,5,73,not_negative
0.92,0.02,adaptive_mass_rolling_full_set_coverage_delta_vs_margin_rolling,0.3,margin_rolling,adaptive_mass_rolling,-0.01148863503,-0.01491482855,-0.008051299083,1,20000,7,5,73,not_negative
0.92,0.02,adaptive_mass_rolling_mean_size_reduction_vs_rank_rolling,0.3,rank_rolling,adaptive_mass_rolling,280.5467142,165.6828784,394.8961627,4.999750012e-05,20000,7,5,73,positive
0.92,0.02,adaptive_mass_rolling_relative_mean_size_reduction_vs_rank_rolling,0.3,rank_rolling,adaptive_mass_rolling,0.06440548548,0.03725718975,0.09308412193,4.999750012e-05,20000,7,5,73,positive
0.92,0.02,adaptive_mass_rolling_median_size_reduction_vs_rank_rolling,0.3,rank_rolling,adaptive_mass_rolling,530.3223943,338.1173083,704.278666,4.999750012e-05,20000,7,5,73,positive
0.92,0.02,adaptive_mass_rolling_p90_size_reduction_vs_rank_rolling,0.3,rank_rolling,adaptive_mass_rolling,-559.1915935,-728.3308106,-354.2768912,1,20000,7,5,73,positive
0.92,0.02,adaptive_mass_rolling_observed_label_coverage_delta_vs_rank_rolling,0.3,rank_rolling,adaptive_mass_rolling,0.0001658202923,-0.0008106688966,0.001212196548,0.3907304635,20000,7,5,73,not_negative
0.92,0.02,adaptive_mass_rolling_full_set_coverage_delta_vs_rank_rolling,0.3,rank_rolling,adaptive_mass_rolling,4.710870333e-05,-0.001114027452,0.001294487042,0.4771261437,20000,7,5,73,not_negative
0.92,0.03,adaptive_mass_rolling_mean_size_reduction_vs_margin_rolling,0.3,margin_rolling,adaptive_mass_rolling,229.1771052,-94.03946385,543.9868588,0.08659567022,20000,7,5,73,positive
0.92,0.03,adaptive_mass_rolling_relative_mean_size_reduction_vs_margin_rolling,0.3,margin_rolling,adaptive_mass_rolling,0.04829712544,-0.02400564829,0.1205782583,0.1010449478,20000,7,5,73,positive
0.92,0.03,adaptive_mass_rolling_median_size_reduction_vs_margin_rolling,0.3,margin_rolling,adaptive_mass_rolling,2725.372983,2311.519212,3128.481316,4.999750012e-05,20000,7,5,73,positive
0.92,0.03,adaptive_mass_rolling_p90_size_reduction_vs_margin_rolling,0.3,margin_rolling,adaptive_mass_rolling,2089.297548,1864.91425,2332.294271,4.999750012e-05,20000,7,5,73,positive
0.92,0.03,adaptive_mass_rolling_observed_label_coverage_delta_vs_margin_rolling,0.3,margin_rolling,adaptive_mass_rolling,-0.0009690123329,-0.004231030187,0.002257362482,0.7214139293,20000,7,5,73,not_negative
0.92,0.03,adaptive_mass_rolling_full_set_coverage_delta_vs_margin_rolling,0.3,margin_rolling,adaptive_mass_rolling,-0.01148863503,-0.01490240056,-0.008008984744,1,20000,7,5,73,not_negative
0.92,0.03,adaptive_mass_rolling_mean_size_reduction_vs_rank_rolling,0.3,rank_rolling,adaptive_mass_rolling,280.5467142,166.207339,395.6934212,4.999750012e-05,20000,7,5,73,positive
0.92,0.03,adaptive_mass_rolling_relative_mean_size_reduction_vs_rank_rolling,0.3,rank_rolling,adaptive_mass_rolling,0.06440548548,0.03740260358,0.09334187608,4.999750012e-05,20000,7,5,73,positive
0.92,0.03,adaptive_mass_rolling_median_size_reduction_vs_rank_rolling,0.3,rank_rolling,adaptive_mass_rolling,530.3223943,335.8528852,702.1012184,4.999750012e-05,20000,7,5,73,positive
0.92,0.03,adaptive_mass_rolling_p90_size_reduction_vs_rank_rolling,0.3,rank_rolling,adaptive_mass_rolling,-559.1915935,-725.1987743,-352.2203154,1,20000,7,5,73,positive
0.92,0.03,adaptive_mass_rolling_observed_label_coverage_delta_vs_rank_rolling,0.3,rank_rolling,adaptive_mass_rolling,0.0001658202923,-0.0008129739119,0.001241643302,0.3746812659,20000,7,5,73,not_negative
0.92,0.03,adaptive_mass_rolling_full_set_coverage_delta_vs_rank_rolling,0.3,rank_rolling,adaptive_mass_rolling,4.710870333e-05,-0.001094566688,0.001284860764,0.4757262137,20000,7,5,73,not_negative
