seed,deletion_rate,method,query_count,coverage,macro_time_coverage,positive_undercoverage,fraction_timestamps_below_target,mean_size,median_size,p90_size
17,0,static,38596,0.825759146,0.8221966634,0.07802817733,0.9863013699,2611.283345,559.9720696,7128
29,0,static,38596,0.8242563996,0.8201743189,0.07982568114,1,2660.431133,576.3560991,7128
43,0,static,38596,0.8049279718,0.8006855751,0.09931442489,1,2049.033656,204.7024303,7126.228081
59,0,static,38596,0.8188931495,0.8144968994,0.08560302977,0.9863013699,2419.567649,383.6945538,7127.977645
71,0,static,38596,0.8171831278,0.8136188029,0.08641460841,0.9863013699,2447.113198,396.0128511,7127.975034
17,0,expanding,38596,0.8592600269,0.8578277208,0.04241793855,0.9726027397,3014.141025,1028.090994,7128
29,0,expanding,38596,0.8590268422,0.8574343037,0.04256569627,0.9863013699,3072.899601,1107.276739,7128
43,0,expanding,38596,0.8476266971,0.8453724886,0.05462751144,1,2462.290237,355.282335,7127.969085
59,0,expanding,38596,0.8555290704,0.8537264237,0.04685770348,0.9589041096,2821.126412,689.1886206,7128
71,0,expanding,38596,0.8555808892,0.8537535098,0.04647682873,0.9589041096,2832.730879,698.3347497,7128
17,0,rolling_count_250,38596,0.9112602342,0.9108008914,0.006426943451,0.3150684932,3899.983418,5009.668541,7128
29,0,rolling_count_250,38596,0.9133848067,0.9118789235,0.005365574498,0.301369863,3967.899368,5181.959219,7128
43,0,rolling_count_250,38596,0.9048346979,0.9037602663,0.008666070248,0.4246575342,3389.662089,2629.009016,7128
59,0,rolling_count_250,38596,0.9107420458,0.9099723275,0.007017523082,0.3424657534,3736.778397,4057.61952,7128
71,0,rolling_count_250,38596,0.9099906726,0.9095015072,0.006435851608,0.3835616438,3722.522619,3981.170795,7128
17,0,rolling_count_500,38596,0.8982796145,0.8986974031,0.01029118055,0.5342465753,3666.881853,3877.24474,7128
29,0,rolling_count_500,38596,0.9011296507,0.9009100267,0.008689186654,0.4794520548,3745.363846,4194.557856,7128
43,0,rolling_count_500,38596,0.8984609804,0.89801229,0.009740243564,0.5205479452,3250.90227,2018.457327,7128
59,0,rolling_count_500,38596,0.8994455384,0.8988377386,0.009950424767,0.4794520548,3519.25925,3064.195538,7128
71,0,rolling_count_500,38596,0.8992900819,0.8992749381,0.008771578316,0.5068493151,3499.808737,2951.518914,7128
17,0,rolling_count_1000,38596,0.898745984,0.8993379484,0.007808384137,0.5890410959,3646.283112,3875.489455,7128
29,0,rolling_count_1000,38596,0.8988237123,0.8988753469,0.008967514429,0.5890410959,3698.816613,4007.214815,7128
43,0,rolling_count_1000,38596,0.8976577884,0.8968229768,0.009842408533,0.5616438356,3230.235776,1837.228702,7128
59,0,rolling_count_1000,38596,0.8990309877,0.8990298789,0.008254430133,0.5342465753,3491.08177,2877.656337,7128
71,0,rolling_count_1000,38596,0.8989532594,0.8990601925,0.008265139249,0.5753424658,3478.513007,2845.355037,7128
17,0,rolling_count_2000,38596,0.8964918644,0.8975662943,0.00924761264,0.5342465753,3601.676858,3607.330501,7128
29,0,rolling_count_2000,38596,0.895973676,0.8966724076,0.009431478454,0.5616438356,3642.615375,3677.177998,7128
43,0,rolling_count_2000,38596,0.8953000311,0.895168829,0.01055999029,0.5616438356,3187.239973,1627.348378,7128
59,0,rolling_count_2000,38596,0.895481397,0.8956797524,0.009709582931,0.5890410959,3429.544771,2578.821147,7128
71,0,rolling_count_2000,38596,0.8967768681,0.8977430562,0.008525987779,0.5479452055,3436.618924,2573.659706,7128
17,0,weighted_count_250,38596,0.9076847342,0.9069313336,0.008333184784,0.3835616438,3820.830034,4691.335553,7128
29,0,weighted_count_250,38596,0.9091874806,0.9077012733,0.006742385373,0.3150684932,3893.638434,4891.50355,7128
43,0,weighted_count_250,38596,0.902010571,0.9008550159,0.01025766319,0.4520547945,3331.656856,2393.202353,7128
59,0,weighted_count_250,38596,0.9073479117,0.9066939971,0.008130954095,0.4246575342,3666.154576,3730.71668,7128
71,0,weighted_count_250,38596,0.906441082,0.9057760213,0.007789779733,0.4383561644,3661.008187,3752.316924,7128
17,0,weighted_count_500,38596,0.8963104985,0.8968593056,0.01126607341,0.5342465753,3634.819826,3675.615971,7128
29,0,weighted_count_500,38596,0.8999378174,0.8997818218,0.009115202115,0.5205479452,3721.045367,4095.140377,7128
43,0,weighted_count_500,38596,0.8970100529,0.8965026894,0.0106403309,0.5479452055,3222.627708,1923.049617,7128
59,0,weighted_count_500,38596,0.8973468753,0.8968827198,0.01111886369,0.5205479452,3482.962613,2847.259353,7128
71,0,weighted_count_500,38596,0.8972691471,0.8972860079,0.01028197763,0.5479452055,3466.348689,2800.311587,7128
17,0,weighted_count_1000,38596,0.8980723391,0.8987021939,0.008264820206,0.602739726,3630.551819,3801.606747,7128
29,0,weighted_count_1000,38596,0.8980464297,0.8980724531,0.009483734496,0.6164383562,3684.843041,3934.517826,7128
43,0,weighted_count_1000,38596,0.8962068608,0.8954520216,0.01067435796,0.5890410959,3205.882216,1748.609985,7128
59,0,weighted_count_1000,38596,0.8980464297,0.8979373144,0.008873470173,0.5616438356,3473.00285,2788.186289,7128
71,0,weighted_count_1000,38596,0.898253705,0.898332895,0.008638803848,0.5753424658,3464.549202,2767.349933,7128
17,0,weighted_count_2000,38596,0.8961032231,0.8970652289,0.00940534379,0.5479452055,3597.528397,3590.501218,7128
29,0,weighted_count_2000,38596,0.8955850347,0.8963129815,0.009656632244,0.5753424658,3638.233029,3662.044797,7128
43,0,weighted_count_2000,38596,0.8948595709,0.8947541611,0.01083758665,0.5753424658,3179.848637,1609.473702,7128
59,0,weighted_count_2000,38596,0.8951963934,0.8955105925,0.009604955353,0.5890410959,3427.408902,2559.139807,7128
71,0,weighted_count_2000,38596,0.8962845891,0.8972427074,0.008784351714,0.5479452055,3427.787284,2508.979454,7128
17,0,time_window_3,38596,0.8957664007,0.8966829199,0.009341568977,0.5342465753,3591.750104,3594.367188,7128
29,0,time_window_3,38596,0.8954295782,0.8959939874,0.01051787357,0.5753424658,3640.317494,3756.265546,7128
43,0,time_window_3,38596,0.8956109441,0.8952389851,0.01089022718,0.5753424658,3189.078687,1671.798477,7128
59,0,time_window_3,38596,0.8955850347,0.895728676,0.009993492713,0.5753424658,3435.463235,2588.062286,7128
71,0,time_window_3,38596,0.8957404912,0.8963471853,0.009784014939,0.5753424658,3432.316173,2601.047103,7128
17,0,time_window_7,38596,0.8933050057,0.8940082035,0.01130080808,0.6164383562,3545.407296,3275.391206,7128
29,0,time_window_7,38596,0.892398176,0.8929532757,0.011730528,0.6164383562,3580.936936,3316.896958,7128
43,0,time_window_7,38596,0.8911545238,0.8914011721,0.01316233646,0.6712328767,3124.216033,1379.434138,7128
59,0,time_window_7,38596,0.8920354441,0.8921892478,0.01239541537,0.6849315068,3367.531506,2093.486423,7128
71,0,time_window_7,38596,0.8929940927,0.8934681689,0.01040277829,0.698630137,3380.402891,2188.486346,7128
17,0,time_window_14,38596,0.8877862991,0.8881491426,0.01519963227,0.7397260274,3457.021142,2655.546948,7128
29,0,time_window_14,38596,0.888149031,0.8883907335,0.01488461251,0.6575342466,3490.615737,2742.653669,7128
43,0,time_window_14,38596,0.8834853353,0.8834395166,0.01894494778,0.7808219178,3004.68704,1026.460022,7128
59,0,time_window_14,38596,0.8860762773,0.8863184352,0.01636746369,0.7397260274,3266.825474,1593.657218,7128
71,0,time_window_14,38596,0.886179915,0.8864886789,0.01586914852,0.8219178082,3277.634496,1682.034719,7128
17,0,time_window_30,38596,0.8770857084,0.8772120989,0.02424565725,0.8493150685,3272.530547,1812.5413,7128
29,0,time_window_30,38596,0.8761270598,0.8756809982,0.02521548043,0.9178082192,3313.205384,1858.232744,7128
43,0,time_window_30,38596,0.8701419836,0.869251652,0.03132920745,0.9315068493,2769.650482,616.8683024,7128
59,0,time_window_30,38596,0.8744947663,0.8741713967,0.02678727179,0.9452054795,3071.912167,1091.567287,7128
71,0,time_window_30,38596,0.8747279511,0.8745609782,0.02656660945,0.9178082192,3082.370816,1105.380324,7128
17,0.1,static,38596,0.8197481604,0.8157333042,0.08426669583,1,2544.770857,492.841823,7127.994051
29,0.1,static,38596,0.8222613742,0.8178744058,0.08224634205,0.9863013699,2609.836512,550.5645663,7127.994051
43,0.1,static,38596,0.8183749611,0.8144205925,0.08557940755,1,2499.341149,427.4789616,7127.983003
59,0.1,static,38596,0.817260856,0.8125378826,0.08761133965,0.9726027397,2343.599181,321.5158307,7127.936999
71,0.1,static,38596,0.8211731786,0.816442048,0.08361624407,0.9863013699,2498.662271,463.9477666,7127.989481
17,0.1,expanding,38596,0.856798632,0.8551141434,0.04496887856,0.9863013699,3004.913696,935.8543113,7128
29,0.1,expanding,38596,0.8577572805,0.8559279935,0.04431211884,0.9589041096,2990.583765,968.6949943,7128
43,0.1,expanding,38596,0.8560213494,0.8543098367,0.04577854154,0.9863013699,2931.732459,836.7893046,7128
59,0.1,expanding,38596,0.854337237,0.8519076391,0.04866771968,0.9589041096,2721.547207,534.7890455,7128
71,0.1,expanding,38596,0.8570059073,0.8542524317,0.04592279991,0.9589041096,2872.311431,800.2489377,7128
17,0.1,rolling_count_250,38596,0.9093688465,0.9089361741,0.007312628406,0.301369863,3876.70642,4902.361229,7128
29,0.1,rolling_count_250,38596,0.9125297958,0.9114325427,0.005706190969,0.3561643836,3881.662297,4729.960825,7128
43,0.1,rolling_count_250,38596,0.9093170277,0.9087012283,0.006712164721,0.3835616438,3823.255337,4639.759094,7128
59,0.1,rolling_count_250,38596,0.9071924552,0.9064792023,0.008302679143,0.397260274,3557.449088,3323.183646,7128
71,0.1,rolling_count_250,38596,0.9120634263,0.9112047033,0.005151382861,0.301369863,3802.279485,4442.64289,7128
17,0.1,rolling_count_500,38596,0.8996787232,0.8999743241,0.009612430711,0.4246575342,3667.717147,3883.330423,7128
29,0.1,rolling_count_500,38596,0.8997564514,0.8997165129,0.008961560613,0.4931506849,3650.14017,3789.095761,7128
43,0.1,rolling_count_500,38596,0.8994455384,0.8996505814,0.008758579393,0.5068493151,3623.55599,3714.68704,7128
59,0.1,rolling_count_500,38596,0.8993159913,0.8987371694,0.01019445974,0.4794520548,3395.449347,2417.601513,7128
71,0.1,rolling_count_500,38596,0.8998082703,0.8999333187,0.008268418143,0.4657534247,3545.689009,3226.457224,7128
17,0.1,rolling_count_1000,38596,0.8979168826,0.8982139646,0.008702711884,0.5205479452,3650.635999,3927.726267,7128
29,0.1,rolling_count_1000,38596,0.8990309877,0.8991757341,0.007926236048,0.5205479452,3639.152529,3819.80669,7128
43,0.1,rolling_count_1000,38596,0.8986682558,0.899049369,0.008262634729,0.5205479452,3611.085916,3595.265157,7128
59,0.1,rolling_count_1000,38596,0.8976577884,0.8976409458,0.009603012098,0.5890410959,3365.597575,2152.528811,7128
71,0.1,rolling_count_1000,38596,0.8986682558,0.8989569673,0.00767182444,0.5753424658,3517.721733,3085.757125,7128
17,0.1,rolling_count_2000,38596,0.8960514043,0.8971838371,0.008950845482,0.5479452055,3610.908799,3583.280081,7128
29,0.1,rolling_count_2000,38596,0.8962068608,0.8967854181,0.00862730764,0.5479452055,3587.318194,3438.87592,7128
43,0.1,rolling_count_2000,38596,0.8968805058,0.8981867055,0.008137446793,0.4931506849,3559.498005,3366.009742,7128
59,0.1,rolling_count_2000,38596,0.8962327702,0.8968344957,0.009460730856,0.5753424658,3334.112758,1929.792077,7128
71,0.1,rolling_count_2000,38596,0.8963104985,0.8971114205,0.00855614495,0.5890410959,3464.140947,2699.148254,7128
17,0.1,weighted_count_250,38596,0.9060265312,0.9054140517,0.00849701813,0.397260274,3818.000466,4666.509016,7128
29,0.1,weighted_count_250,38596,0.909032024,0.9078650812,0.006879254832,0.4109589041,3808.035185,4499.378899,7128
43,0.1,weighted_count_250,38596,0.905948803,0.9052155136,0.00832981129,0.4520547945,3759.441937,4406.26197,7128
59,0.1,weighted_count_250,38596,0.9043424189,0.9034701019,0.009744517725,0.4246575342,3503.299824,3047.922064,7128
71,0.1,weighted_count_250,38596,0.9082806508,0.9072374254,0.00654741306,0.3561643836,3722.147166,4121.359778,7128
17,0.1,weighted_count_500,38596,0.8982277956,0.898569025,0.01031325614,0.4657534247,3639.490776,3703.625272,7128
29,0.1,weighted_count_500,38596,0.8975282413,0.8974910093,0.01017025257,0.5479452055,3612.694839,3663.399964,7128
43,0.1,weighted_count_500,38596,0.8977355166,0.8979805741,0.00970534544,0.5342465753,3590.166727,3528.359208,7128
59,0.1,weighted_count_500,38596,0.8977873355,0.8973068646,0.01097912094,0.4931506849,3363.378614,2254.252695,7128
71,0.1,weighted_count_500,38596,0.897942792,0.8980381432,0.009548422113,0.5479452055,3511.465463,3079.16652,7128
17,0.1,weighted_count_1000,38596,0.8971914188,0.8975244253,0.009169874552,0.5479452055,3634.781117,3810.000803,7128
29,0.1,weighted_count_1000,38596,0.8977614261,0.8977305116,0.008758830591,0.5342465753,3621.217743,3682.987926,7128
43,0.1,weighted_count_1000,38596,0.8977096072,0.8981590279,0.008675660751,0.5342465753,3593.531713,3524.852161,7128
59,0.1,weighted_count_1000,38596,0.8964141362,0.8963961989,0.0103988884,0.6164383562,3347.016686,2071.550938,7128
71,0.1,weighted_count_1000,38596,0.8973468753,0.897552758,0.008622502852,0.5890410959,3496.744067,2969.071691,7128
17,0.1,weighted_count_2000,38596,0.8954554876,0.8965752211,0.009421854061,0.5616438356,3601.77635,3521.86908,7128
29,0.1,weighted_count_2000,38596,0.895662763,0.8962208977,0.008927804304,0.5479452055,3579.130298,3396.874624,7128
43,0.1,weighted_count_2000,38596,0.8966214115,0.8978388921,0.008300110675,0.4931506849,3556.293502,3353.091098,7128
59,0.1,weighted_count_2000,38596,0.8957145818,0.8963367544,0.009767141557,0.5890410959,3325.129936,1901.221318,7128
71,0.1,weighted_count_2000,38596,0.8958182195,0.8965228547,0.008885536349,0.602739726,3459.963753,2673.604285,7128
17,0.1,time_window_3,38596,0.8952223028,0.8962199424,0.009800870706,0.4931506849,3598.632112,3595.503938,7128
29,0.1,time_window_3,38596,0.8954036688,0.8957335816,0.009657456953,0.5616438356,3580.41582,3478.419551,7128
43,0.1,time_window_3,38596,0.8965955021,0.8974635118,0.008778629893,0.5342465753,3561.837988,3417.87522,7128
59,0.1,time_window_3,38596,0.8953518499,0.8957695412,0.01031105681,0.5753424658,3318.048451,1862.154705,7128
71,0.1,time_window_3,38596,0.8956109441,0.8961037469,0.009516564875,0.6164383562,3462.312157,2695.477148,7128
17,0.1,time_window_7,38596,0.8926831796,0.8932502246,0.01126855846,0.6575342466,3560.995414,3320.945227,7128
29,0.1,time_window_7,38596,0.8933309151,0.8939012263,0.01037605217,0.6849315068,3530.251684,3146.192714,7128
43,0.1,time_window_7,38596,0.8927609079,0.8938794389,0.01086605936,0.6438356164,3502.614494,2968.641517,7128
59,0.1,time_window_7,38596,0.8930718209,0.893705715,0.01174783206,0.6849315068,3266.094051,1679.237848,7128
71,0.1,time_window_7,38596,0.8926572702,0.8933709824,0.01107703681,0.6438356164,3404.279589,2249.23619,7128
17,0.1,time_window_14,38596,0.8876826614,0.8882433631,0.01491567596,0.7260273973,3467.53604,2757.646596,7128
29,0.1,time_window_14,38596,0.8878381179,0.888158661,0.01438729174,0.7534246575,3433.522852,2555.587574,7128
43,0.1,time_window_14,38596,0.8874753861,0.8881086507,0.01507781018,0.7671232877,3409.268292,2369.701783,7128
59,0.1,time_window_14,38596,0.8872422013,0.8879953912,0.01569602696,0.7123287671,3166.44458,1252.1745,7128
71,0.1,time_window_14,38596,0.8864130998,0.8867295744,0.0162071228,0.7397260274,3306.485776,1774.562545,7128
17,0.1,time_window_30,38596,0.8755052337,0.8754995312,0.02557665019,0.9315068493,3259.886361,1579.40727,7128
29,0.1,time_window_30,38596,0.8761011504,0.87602408,0.02517088715,0.904109589,3242.648513,1523.507436,7128
43,0.1,time_window_30,38596,0.8752202301,0.8748886319,0.02619161316,0.904109589,3207.640015,1410.288527,7128
59,0.1,time_window_30,38596,0.8743652192,0.8741709859,0.02728384321,0.904109589,2977.438361,843.6125764,7128
71,0.1,time_window_30,38596,0.8748056793,0.874307135,0.02672465361,0.8630136986,3120.835812,1228.204348,7128
17,0.2,static,38596,0.8194631568,0.8154095522,0.08479446994,0.9863013699,2613.015701,541.6492642,7128
29,0.2,static,38596,0.8264068815,0.8229388642,0.07706113576,1,2811.526246,880.3482226,7128
43,0.2,static,38596,0.8092548451,0.8049860089,0.09501399109,1,2425.68476,360.8506063,7127.975723
59,0.2,static,38596,0.8147735517,0.8099716324,0.09010747819,0.9863013699,2553.83006,503.9803088,7128
71,0.2,static,38596,0.816949943,0.8134231398,0.08657686018,1,2528.651078,480.3061716,7128
17,0.2,expanding,38596,0.8581718313,0.8570906678,0.04325895825,0.9726027397,3065.181185,1135.433853,7128
29,0.2,expanding,38596,0.8601927661,0.8584026447,0.04192944325,0.9863013699,3231.385895,1778.800161,7128
43,0.2,expanding,38596,0.8523940305,0.8493165158,0.0507718625,0.9863013699,2886.99316,732.7947974,7128
59,0.2,expanding,38596,0.8534822261,0.8509471779,0.04930613725,0.9726027397,2978.07322,930.4209244,7128
71,0.2,expanding,38596,0.854829516,0.8532700757,0.04678530234,0.9589041096,2942.757203,902.7599751,7128
17,0.2,rolling_count_250,38596,0.9100424914,0.909095423,0.007501384339,0.397260274,3953.952249,5129.053347,7128
29,0.2,rolling_count_250,38596,0.9143434553,0.912915062,0.006454707559,0.3150684932,4124.946342,5739.674474,7128
43,0.2,rolling_count_250,38596,0.910016582,0.9091285565,0.005118966487,0.3424657534,3819.43717,4618.274096,7128
59,0.2,rolling_count_250,38596,0.9111306871,0.9103401556,0.006130175375,0.3561643836,3883.259457,4746.2379,7128
71,0.2,rolling_count_250,38596,0.9093688465,0.9089581611,0.006323762408,0.3561643836,3839.676184,4569.471085,7128
17,0.2,rolling_count_500,38596,0.89892735,0.899690027,0.00964074453,0.4794520548,3756.072287,4315.267929,7128
29,0.2,rolling_count_500,38596,0.9007410094,0.9006210185,0.009358159546,0.4520547945,3869.599466,4881.873536,7128
43,0.2,rolling_count_500,38596,0.9003264587,0.9002502779,0.007582615478,0.5205479452,3622.807933,3587.054047,7128
59,0.2,rolling_count_500,38596,0.8983314333,0.8982854391,0.01062045048,0.5479452055,3657.155353,3776.503161,7128
71,0.2,rolling_count_500,38596,0.8993419007,0.9000689749,0.008570822254,0.5205479452,3630.306819,3642.490206,7128
17,0.2,rolling_count_1000,38596,0.8987978029,0.8994363002,0.007887948438,0.4520547945,3735.315706,4364.354104,7128
29,0.2,rolling_count_1000,38596,0.8996009949,0.8996015828,0.008586639189,0.5205479452,3844.126023,4927.059773,7128
43,0.2,rolling_count_1000,38596,0.8983573427,0.8982786369,0.007834249232,0.5753424658,3602.105425,3476.601513,7128
59,0.2,rolling_count_1000,38596,0.8971136905,0.8969891921,0.009612032028,0.5890410959,3634.897606,3779.973184,7128
71,0.2,rolling_count_1000,38596,0.8978650637,0.898576817,0.008434121715,0.5616438356,3598.89486,3458.515986,7128
17,0.2,rolling_count_2000,38596,0.8959218572,0.8972451016,0.009298072047,0.5342465753,3681.501788,3990.818323,7128
29,0.2,rolling_count_2000,38596,0.8967768681,0.8979110088,0.008854699878,0.5068493151,3783.759172,4628.326303,7128
43,0.2,rolling_count_2000,38596,0.8961809514,0.8965604569,0.009008661656,0.5890410959,3548.123873,3248.693466,7128
59,0.2,rolling_count_2000,38596,0.8952223028,0.8956518673,0.0100925539,0.5890410959,3588.897969,3390.696549,7128
71,0.2,rolling_count_2000,38596,0.8958700383,0.897075248,0.009272470411,0.5753424658,3555.675251,3133.638719,7128
17,0.2,weighted_count_250,38596,0.9061560784,0.9046893705,0.009095281045,0.4246575342,3887.824515,4902.470904,7128
29,0.2,weighted_count_250,38596,0.9100684009,0.9084847069,0.008112484245,0.3424657534,4051.584387,5526.412944,7128
43,0.2,weighted_count_250,38596,0.9071147269,0.9060146396,0.006751680128,0.397260274,3764.516712,4423.059099,7128
59,0.2,weighted_count_250,38596,0.9077624624,0.906987317,0.007336335555,0.397260274,3814.407426,4479.909084,7128
71,0.2,weighted_count_250,38596,0.9056119805,0.9053907951,0.007991844086,0.397260274,3760.030495,4221.44445,7128
17,0.2,weighted_count_500,38596,0.8973986942,0.8980080796,0.01043835154,0.5068493151,3726.565266,4156.264509,7128
29,0.2,weighted_count_500,38596,0.8991087159,0.8989315434,0.01047037106,0.4520547945,3846.281713,4789.547673,7128
43,0.2,weighted_count_500,38596,0.8982018862,0.8979746913,0.008800787905,0.5479452055,3587.643512,3456.340424,7128
59,0.2,weighted_count_500,38596,0.8964918644,0.8962791995,0.01175432891,0.5753424658,3628.225231,3625.988574,7128
71,0.2,weighted_count_500,38596,0.897450513,0.8984193681,0.009323649955,0.5342465753,3594.5057,3494.602161,7128
17,0.2,weighted_count_1000,38596,0.8978132449,0.8983308554,0.008543113304,0.4931506849,3719.101254,4282.429449,7128
29,0.2,weighted_count_1000,38596,0.8982277956,0.8982714091,0.00946796627,0.5616438356,3823.859519,4846.554617,7128
43,0.2,weighted_count_1000,38596,0.8974246036,0.8973968284,0.008476041804,0.5890410959,3583.698881,3365.36224,7128
59,0.2,weighted_count_1000,38596,0.896465955,0.896276553,0.01011005061,0.602739726,3623.144341,3727.452119,7128
71,0.2,weighted_count_1000,38596,0.8970359623,0.8978101363,0.008936570535,0.5890410959,3580.74645,3349.751632,7128
17,0.2,weighted_count_2000,38596,0.895170484,0.8965569316,0.009747998249,0.5616438356,3672.687403,3953.824956,7128
29,0.2,weighted_count_2000,38596,0.8962845891,0.8973080722,0.009449974268,0.5342465753,3777.917815,4603.647606,7128
43,0.2,weighted_count_2000,38596,0.8955850347,0.8959832941,0.009352079566,0.602739726,3538.075992,3168.157089,7128
59,0.2,weighted_count_2000,38596,0.8948854804,0.895294286,0.01037181979,0.5890410959,3581.251995,3347.117447,7128
71,0.2,weighted_count_2000,38596,0.8954554876,0.8966090881,0.009551707563,0.5753424658,3547.014121,3101.082547,7128
17,0.2,time_window_3,38596,0.8955850347,0.8967911003,0.009668686379,0.5342465753,3676.668023,4059.522463,7128
29,0.2,time_window_3,38596,0.8952741217,0.8961445187,0.0105509841,0.5342465753,3771.691419,4569.058529,7128
43,0.2,time_window_3,38596,0.8960773137,0.8964575484,0.009285399052,0.5890410959,3550.966732,3231.524847,7128
59,0.2,time_window_3,38596,0.8948336615,0.8950685483,0.01069461576,0.6301369863,3585.512618,3484.675329,7128
71,0.2,time_window_3,38596,0.8959218572,0.8969716451,0.009740288873,0.5616438356,3554.191652,3173.957716,7128
17,0.2,time_window_7,38596,0.8928127267,0.8936657099,0.01145554266,0.6712328767,3630.358586,3785.725982,7128
29,0.2,time_window_7,38596,0.8928645455,0.8934670057,0.01182719755,0.602739726,3730.006089,4381.642035,7128
43,0.2,time_window_7,38596,0.8929163644,0.8933654682,0.01126777409,0.7123287671,3487.35071,2797.88776,7128
59,0.2,time_window_7,38596,0.8917504405,0.89228262,0.01244949529,0.6712328767,3533.494792,3016.53262,7128
71,0.2,time_window_7,38596,0.8929422738,0.8940534464,0.01064823689,0.602739726,3492.202327,2793.934941,7128
17,0.2,time_window_14,38596,0.887656752,0.8886545996,0.014988948,0.7534246575,3535.646388,3162.559203,7128
29,0.2,time_window_14,38596,0.8879158462,0.8880969701,0.01535502625,0.7123287671,3639.035081,3797.607084,7128
43,0.2,time_window_14,38596,0.8865685563,0.8867920561,0.0162046243,0.7945205479,3378.866929,2064.76438,7128
59,0.2,time_window_14,38596,0.8860244585,0.8863498974,0.01686063687,0.7397260274,3442.352239,2536.881231,7128
71,0.2,time_window_14,38596,0.8868017411,0.8883035853,0.01489579547,0.7808219178,3391.121722,2122.365789,7128
17,0.2,time_window_30,38596,0.8756347808,0.8761102243,0.02520106774,0.9315068493,3340.486501,2080.732019,7128
29,0.2,time_window_30,38596,0.8764638823,0.8761054946,0.02493452172,0.8904109589,3476.400067,2855.553399,7128
43,0.2,time_window_30,38596,0.8723961032,0.8711694645,0.02947190199,0.9178082192,3164.215981,1251.792336,7128
59,0.2,time_window_30,38596,0.8724479221,0.8722333641,0.02871707993,0.9178082192,3244.294875,1519.628822,7128
71,0.2,time_window_30,38596,0.8736915743,0.8740961956,0.02679915771,0.9178082192,3196.795963,1384.13149,7128
17,0.3,static,38596,0.8222872837,0.8187100434,0.08128995657,1,2749.87636,773.89302,7128
29,0.3,static,38596,0.8326510519,0.8290745303,0.0710670361,0.9863013699,2926.770702,1046.256166,7128
43,0.3,static,38596,0.8242563996,0.8202162492,0.07978375078,1,2718.38846,639.49829,7128
59,0.3,static,38596,0.8187895119,0.813782159,0.08621784097,1,2712.591668,670.132449,7128
71,0.3,static,38596,0.8194372474,0.8146341759,0.08546575331,0.9863013699,2635.305343,611.7065499,7128
17,0.3,expanding,38596,0.8584827443,0.8570731564,0.04317590959,0.9863013699,3222.448881,1752.894108,7128
29,0.3,expanding,38596,0.8657632915,0.8643736435,0.03605545303,0.9452054795,3308.288657,2026.837004,7128
43,0.3,expanding,38596,0.8578868277,0.8556673049,0.04458628977,0.9589041096,3142.297311,1311.790004,7128
59,0.3,expanding,38596,0.8566949943,0.8547213305,0.04560082037,0.9726027397,3187.742149,1457.765442,7128
71,0.3,expanding,38596,0.8560990776,0.8537346392,0.04646128397,0.9726027397,3044.158877,1115.42735,7128
17,0.3,rolling_count_250,38596,0.9118302415,0.9101433038,0.007661248117,0.3561643836,4129.205099,5779.329205,7128
29,0.3,rolling_count_250,38596,0.9156389263,0.9146133579,0.005067867845,0.2465753425,4111.448492,5618.336615,7128
43,0.3,rolling_count_250,38596,0.9117266038,0.9110254115,0.006147513688,0.3561643836,3967.296637,5155.946419,7128
59,0.3,rolling_count_250,38596,0.91278889,0.9116728524,0.005701109815,0.3150684932,4050.66867,5516.005337,7128
71,0.3,rolling_count_250,38596,0.9123484299,0.9117291515,0.005237249045,0.2739726027,3966.422298,5130.162038,7128
17,0.3,rolling_count_500,38596,0.8987718935,0.8992217513,0.01014279819,0.4794520548,3903.119779,5110.484558,7128
29,0.3,rolling_count_500,38596,0.9005596435,0.8999936732,0.01084829956,0.4520547945,3863.059825,4633.831511,7128
43,0.3,rolling_count_500,38596,0.9008705565,0.901036085,0.009801030673,0.5068493151,3751.357161,4179.191522,7128
59,0.3,rolling_count_500,38596,0.8998341797,0.8989557945,0.01031263174,0.4246575342,3844.922609,4798.578687,7128
71,0.3,rolling_count_500,38596,0.9002487304,0.9002355528,0.008837717826,0.5342465753,3747.346176,4275.121386,7128
17,0.3,rolling_count_1000,38596,0.9000155457,0.9001761446,0.007768850243,0.4931506849,3898.62123,5232.748057,7128
29,0.3,rolling_count_1000,38596,0.9003005493,0.9000476268,0.008698907958,0.4931506849,3849.672894,4769.516038,7128
43,0.3,rolling_count_1000,38596,0.8994455384,0.8988832505,0.009288066923,0.4931506849,3724.069541,4208.159421,7128
59,0.3,rolling_count_1000,38596,0.8999637268,0.8991300265,0.009133244942,0.4931506849,3829.671831,4793.362162,7128
71,0.3,rolling_count_1000,38596,0.8991864442,0.8994643797,0.00761912323,0.6164383562,3710.558218,4264.992797,7128
17,0.3,rolling_count_2000,38596,0.8962586797,0.8968564712,0.009585531058,0.5753424658,3841.871593,4882.79985,7128
29,0.3,rolling_count_2000,38596,0.8965955021,0.8971225497,0.009618294497,0.4794520548,3800.879651,4525.85128,7128
43,0.3,rolling_count_2000,38596,0.8963104985,0.8961979208,0.01033639215,0.5890410959,3682.315758,3878.562986,7128
59,0.3,rolling_count_2000,38596,0.8958182195,0.8954930376,0.01048698974,0.5753424658,3769.768577,4500.773707,7128
71,0.3,rolling_count_2000,38596,0.8970100529,0.8980491721,0.008656366857,0.5890410959,3667.308452,3921.481656,7128
17,0.3,weighted_count_250,38596,0.9083324697,0.9067315955,0.009014752773,0.4109589041,4074.74956,5622.376127,7128
29,0.3,weighted_count_250,38596,0.9110270494,0.9098259361,0.007036192937,0.301369863,4038.664888,5360.509664,7128
43,0.3,weighted_count_250,38596,0.9092392994,0.9085675228,0.007405390594,0.397260274,3908.379728,5000.232122,7128
59,0.3,weighted_count_250,38596,0.9099647632,0.9088590724,0.006759798319,0.3287671233,3996.146673,5345.841512,7128
71,0.3,weighted_count_250,38596,0.9090061146,0.9083436045,0.006346081943,0.3835616438,3903.942533,4912.662893,7128
17,0.3,weighted_count_500,38596,0.8966732304,0.8970017682,0.01110415547,0.5342465753,3868.375479,4967.472121,7128
29,0.3,weighted_count_500,38596,0.8987978029,0.8982295686,0.01166556552,0.4657534247,3833.073116,4508.281609,7128
43,0.3,weighted_count_500,38596,0.8994973572,0.8996783044,0.01067784199,0.5205479452,3725.22777,4031.62307,7128
59,0.3,weighted_count_500,38596,0.8981759768,0.8973389514,0.01134693191,0.4520547945,3815.805394,4631.959814,7128
71,0.3,weighted_count_500,38596,0.8988237123,0.8988987738,0.009657351029,0.5753424658,3716.591616,4118.943492,7128
17,0.3,weighted_count_1000,38596,0.8985905275,0.8987916206,0.00827660102,0.5205479452,3879.863406,5153.059203,7128
29,0.3,weighted_count_1000,38596,0.8995750855,0.8993589925,0.009130787806,0.5068493151,3835.76096,4695.564774,7128
43,0.3,weighted_count_1000,38596,0.8987200746,0.8981919738,0.009558224881,0.5068493151,3710.972691,4137.58931,7128
59,0.3,weighted_count_1000,38596,0.8990828065,0.8982570978,0.009602470765,0.5068493151,3813.399161,4695.551016,7128
71,0.3,weighted_count_1000,38596,0.8980982485,0.8984234334,0.00815648571,0.6164383562,3690.606125,4138.260234,7128
17,0.3,weighted_count_2000,38596,0.8958182195,0.8964084356,0.009746229171,0.5890410959,3833.516504,4847.550264,7128
29,0.3,weighted_count_2000,38596,0.8963104985,0.8967524448,0.009741621668,0.4657534247,3796.634833,4513.299487,7128
43,0.3,weighted_count_2000,38596,0.8959995854,0.8958756869,0.01048882514,0.5890410959,3675.356203,3843.9423,7128
59,0.3,weighted_count_2000,38596,0.8954036688,0.8950755425,0.01074195366,0.5753424658,3761.283294,4448.811742,7128
71,0.3,weighted_count_2000,38596,0.8968286869,0.8978774795,0.008885215355,0.602739726,3663.267981,3924.180433,7128
17,0.3,time_window_3,38596,0.8961291326,0.8967744327,0.009540867169,0.5616438356,3835.526065,4870.367033,7128
29,0.3,time_window_3,38596,0.8964918644,0.8964160119,0.01049157019,0.4794520548,3792.917271,4466.419888,7128
43,0.3,time_window_3,38596,0.8963364079,0.8961950554,0.01087056771,0.5479452055,3680.926055,3960.165872,7128
59,0.3,time_window_3,38596,0.8957923101,0.8954230178,0.01062711379,0.5616438356,3769.839698,4561.573712,7128
71,0.3,time_window_3,38596,0.8965695927,0.8973401201,0.009595221239,0.5890410959,3668.039875,3959.773966,7128
17,0.3,time_window_7,38596,0.8925277231,0.8928810566,0.01206776648,0.6849315068,3785.384263,4664.75298,7128
29,0.3,time_window_7,38596,0.8939268318,0.8941389596,0.01118101654,0.5753424658,3754.811561,4259.692481,7128
43,0.3,time_window_7,38596,0.893201368,0.8928589507,0.0124997496,0.6301369863,3633.102498,3545.816639,7128
59,0.3,time_window_7,38596,0.8913358897,0.890908879,0.01343189175,0.698630137,3714.05086,4247.599311,7128
71,0.3,time_window_7,38596,0.8934604622,0.8942041661,0.01105437638,0.6712328767,3611.21111,3615.019613,7128
17,0.3,time_window_14,38596,0.8869312882,0.8872222465,0.01602851729,0.7534246575,3700.119002,4287.35343,7128
29,0.3,time_window_14,38596,0.889444502,0.889429969,0.0141919058,0.6575342466,3679.315654,3824.48746,7128
43,0.3,time_window_14,38596,0.8867499223,0.8865233126,0.01694831992,0.7534246575,3550.533397,3032.507047,7128
59,0.3,time_window_14,38596,0.8863094621,0.8855133611,0.01738683418,0.7671232877,3628.866126,3689.045678,7128
71,0.3,time_window_14,38596,0.8877862991,0.8881418938,0.01548086797,0.7534246575,3517.887527,3059.420743,7128
17,0.3,time_window_30,38596,0.8757643279,0.8753845033,0.02568163098,0.904109589,3510.938646,3130.364001,7128
29,0.3,time_window_30,38596,0.8799098352,0.8791671582,0.02251554708,0.8219178082,3531.158954,2973.460022,7128
43,0.3,time_window_30,38596,0.8754534149,0.8746362007,0.02672939612,0.8904109589,3382.697585,2037.840553,7128
59,0.3,time_window_30,38596,0.8751165924,0.8743143736,0.0269798829,0.8904109589,3446.897243,2589.685408,7128
71,0.3,time_window_30,38596,0.8765157011,0.8763763596,0.02505061347,0.8767123288,3319.988911,1882.73277,7128
