deletion_rate,method,seed_count,coverage_mean,coverage_sd,macro_time_coverage_mean,macro_time_coverage_sd,positive_undercoverage_mean,positive_undercoverage_sd,fraction_timestamps_below_target_mean,fraction_timestamps_below_target_sd,mean_size_mean,mean_size_sd,median_size_mean,median_size_sd,p90_size_mean,p90_size_sd
0,static,5,0.818203959,0.00823835245,0.8142344519,0.008406824555,0.08583718431,0.008353786882,0.9917808219,0.007503048733,2437.485796,240.4261961,424.1476008,151.8221898,7127.636152,0.7872252252
0,expanding,5,0.8554047052,0.004704447362,0.8536228893,0.005007603747,0.04658913569,0.004956994466,0.9753424658,0.01786082851,2840.637631,238.5576477,775.6346875,301.6060924,7127.993817,0.0138256623
0,rolling_count_250,5,0.9100424914,0.003172819881,0.9091827832,0.003162914041,0.006782392577,0.001210096702,0.3534246575,0.05070343979,3743.369178,223.9020703,4171.885418,1018.82604,7128,0
0,rolling_count_500,5,0.8993211732,0.001130464574,0.8991464793,0.001085124033,0.00948852277,0.0007200562305,0.504109589,0.02450485455,3536.443191,189.6266552,3221.194875,854.6619862,7128,0
0,rolling_count_1000,5,0.8986423464,0.0005614039973,0.8986252687,0.001021221769,0.008627575296,0.0007957778841,0.5698630137,0.02292219251,3508.986056,182.9187053,3088.588869,884.9637926,7128,0
0,rolling_count_2000,5,0.8960047673,0.0006334310238,0.8965660679,0.001133015253,0.009494930418,0.0007389976823,0.5589041096,0.02031835202,3459.53918,179.7858957,2812.867546,850.831615,7128,0
0,weighted_count_250,5,0.9065343559,0.002715586638,0.9055915282,0.002735421683,0.008250793434,0.001278329429,0.402739726,0.05530583353,3674.657617,216.3487374,3891.815012,991.1940475,7128,0
0,weighted_count_500,5,0.8975748782,0.00138262632,0.8974625089,0.001325860871,0.01048448955,0.0008592947051,0.5342465753,0.01369863014,3505.560841,190.5524187,3068.275381,844.9125759,7128,0
0,weighted_count_1000,5,0.8977251529,0.0008531638221,0.8976993756,0.001289708577,0.009187037336,0.0009420085719,0.5890410959,0.02165943603,3491.765825,186.6564994,3008.054156,891.7035195,7128,0
0,weighted_count_2000,5,0.8956057623,0.0005985580881,0.8961771343,0.001050207504,0.009657773951,0.0007452074396,0.5671232877,0.01837864091,3454.16125,181.035385,2786.027796,855.4380095,7128,0
0,time_window_3,5,0.8956264898,0.0001353751734,0.8959983507,0.000556709124,0.01010543547,0.0006093721288,0.5671232877,0.01837864091,3457.785138,176.5040831,2842.30812,850.5662328,7128,0
0,time_window_7,5,0.8923774484,0.0008446232703,0.8928040136,0.001031910362,0.01179837324,0.001050799018,0.6575342466,0.03874557705,3399.698933,181.2291711,2450.739014,832.823636,7128,0
0,time_window_14,5,0.8863353715,0.001844488727,0.8865573014,0.001979758803,0.01625316095,0.001611605915,0.7479452055,0.06095505606,3299.356778,193.5190165,1940.070515,737.7863889,7128,0
0,time_window_30,5,0.8745154938,0.002663470802,0.8741754248,0.002995010306,0.02682884527,0.002720273983,0.9123287671,0.03701166051,3101.933879,215.3109058,1296.917992,529.6850048,7128,0
0.1,static,5,0.8197637061,0.002025960968,0.8154016466,0.002029198182,0.08466400583,0.002038718657,0.9890410959,0.01146109625,2499.241994,98.14409783,451.2697896,85.36760377,7127.979517,0.02419569984
0.1,expanding,5,0.8563840813,0.001300513556,0.8543024089,0.001503239312,0.04593001171,0.001662783391,0.9698630137,0.01500609747,2904.217712,114.8285262,815.2753187,171.3462018,7128,0
0.1,rolling_count_250,5,0.9100943103,0.002200013443,0.9093507701,0.002037801614,0.00663700922,0.001255993056,0.3479452055,0.0450182924,3788.270525,133.4556616,4407.581537,628.4484569,7128,0
0.1,rolling_count_500,5,0.8996009949,0.0002112849315,0.8996023813,0.000502941802,0.009159089721,0.0007533643326,0.4739726027,0.03153661489,3576.510333,111.4521918,3406.234392,608.083318,7128,0
0.1,rolling_count_1000,5,0.898388434,0.0005756907692,0.8986073961,0.0006575261419,0.00843328384,0.0007594232464,0.5452054795,0.03410931397,3556.83875,118.9743303,3316.21681,726.7558028,7128,0
0.1,rolling_count_2000,5,0.8963364079,0.0003183802914,0.8972203754,0.0005668092717,0.008746495144,0.000493272355,0.5506849315,0.03675728182,3511.19574,113.6254449,3003.421215,689.6718613,7128,0
0.1,weighted_count_250,5,0.9067260856,0.001904562724,0.9058404348,0.001749398666,0.007999603007,0.001300502053,0.4082191781,0.03545802495,3722.184916,128.305942,4148.286346,646.122808,7128,0
0.1,weighted_count_500,5,0.8978443362,0.000260644136,0.8978771232,0.0004974023449,0.01014327944,0.0005643341368,0.5178082192,0.03675728182,3543.439284,111.4112258,3245.760732,607.1997578,7128,0
0.1,weighted_count_1000,5,0.8972846927,0.000542738977,0.8974725843,0.0006529648064,0.009125151429,0.0007438572515,0.5643835616,0.03675728182,3538.658265,119.9479682,3211.692704,713.608579,7128,0
0.1,weighted_count_2000,5,0.8958544927,0.0004486147168,0.896698924,0.0006529751244,0.009060489389,0.0005604309501,0.5589041096,0.0426641411,3504.458768,113.8771545,2969.332081,682.582646,7128,0
0.1,time_window_3,5,0.8956368536,0.0005538801515,0.8962580648,0.0007057102489,0.009612915847,0.0005545332052,0.5561643836,0.04604859264,3504.249306,116.6783949,3009.886113,732.3024159,7128,0
0.1,time_window_7,5,0.8929008187,0.0002917543426,0.8936215174,0.0002968484419,0.01106710777,0.0005054811644,0.6630136986,0.02077500122,3452.847046,119.7913033,2672.8507,688.8917074,7128,0
0.1,time_window_14,5,0.8873302933,0.0005594875283,0.8878471281,0.000631141291,0.01525678553,0.0007071918635,0.7397260274,0.02165943603,3356.651508,122.1355653,2141.934599,618.2077312,7128,0
0.1,time_window_30,5,0.8751995025,0.0006629470963,0.8749780728,0.0007867014218,0.02618952946,0.0008510490507,0.901369863,0.02450485455,3161.689812,116.1097982,1317.004032,296.7262908,7128,0
0.2,static,5,0.8173696756,0.006301195609,0.8133458395,0.006662639306,0.08671078703,0.006657452325,0.9945205479,0.007503048733,2586.541569,142.8419139,553.4269147,194.8675827,7127.995145,0.01085706133
0.2,expanding,5,0.855814074,0.003272442911,0.8538054164,0.003890171308,0.04641034072,0.003793374473,0.9753424658,0.01146109625,3020.878132,134.2912921,1096.041942,407.5681649,7128,0
0.2,rolling_count_250,5,0.9109804125,0.001983585718,0.9100874716,0.001676166579,0.006305799234,0.000850196421,0.3534246575,0.02969792245,3924.25428,123.4705728,4960.542181,487.7123928,7128,0
0.2,rolling_count_500,5,0.8995336304,0.000991962058,0.8997831475,0.0009019060148,0.009154558457,0.001144380006,0.504109589,0.03801215596,3707.188372,105.2391743,4040.637776,551.6171921,7128,0
0.2,rolling_count_1000,5,0.898346979,0.000939301371,0.8985765058,0.001048608625,0.00847099812,0.000717998465,0.5397260274,0.05530583353,3683.067924,105.6290119,4001.300912,633.9850131,7128,0
0.2,rolling_count_2000,5,0.8959944036,0.0005621209887,0.8968887365,0.0008432728268,0.009305291577,0.000477476046,0.5589041096,0.03675728182,3631.591611,100.2483122,3678.434672,625.3301166,7128,0
0.2,weighted_count_250,5,0.9073427298,0.001736453162,0.9063133658,0.001478738221,0.007857525012,0.0008817053331,0.3917808219,0.03001219493,3855.672707,121.0111531,4710.659296,519.0222554,7128,0
0.2,weighted_count_500,5,0.8977303347,0.0009803557824,0.8979225764,0.0009969366666,0.01015749787,0.001147018096,0.5232876712,0.04685652432,3676.644284,109.8649749,3904.548668,568.5786223,7128,0
0.2,weighted_count_1000,5,0.8973935123,0.0006821611456,0.8976171564,0.0008397046792,0.009106748505,0.0006858442825,0.5671232877,0.04396385352,3666.110089,104.424087,3914.310011,644.1229728,7128,0
0.2,weighted_count_2000,5,0.8954762152,0.000526350375,0.8963503344,0.0007544624357,0.009694715887,0.0004059119968,0.5726027397,0.02634984118,3623.389465,101.4845382,3634.765929,637.537014,7128,0
0.2,time_window_3,5,0.8955383978,0.0005015330401,0.8962866722,0.0007511437627,0.009987994834,0.0006068828176,0.5698630137,0.04063670404,3627.806089,95.13488642,3703.747777,597.2861683,7128,0
0.2,time_window_7,5,0.8926572702,0.0005093689308,0.89336685,0.0006607419485,0.0115296493,0.0006681335675,0.6520547945,0.0480429532,3574.682501,104.1051051,3355.144668,703.4285413,7128,0
0.2,time_window_14,5,0.8869934708,0.0007821470064,0.8876394217,0.001007714158,0.01566100618,0.0008463846351,0.7561643836,0.0327050312,3477.404472,109.4298793,2736.835537,737.5146354,7128,0
0.2,time_window_30,5,0.8741268525,0.001853329674,0.8739429486,0.00223674246,0.02702474582,0.002037050356,0.9150684932,0.01500609747,3284.438678,126.2307418,1818.367613,660.1899077,7128,0
0.3,static,5,0.8234842989,0.005578485396,0.8192834316,0.006102133125,0.08076486755,0.006064641158,0.9945205479,0.007503048733,2748.586506,108.1566499,748.2972951,177.5095973,7128,0
0.3,expanding,5,0.8589853871,0.00390436143,0.8571140149,0.004240930497,0.04317595135,0.004164251163,0.9671232877,0.01561884144,3180.987175,97.71036135,1532.942782,360.967245,7128,0
0.3,rolling_count_250,5,0.9128666183,0.001607324067,0.9118368154,0.00167884047,0.005962997702,0.001038587317,0.3095890411,0.0490097091,4045.008239,77.05566529,5439.955923,286.9717142,7128,0
0.3,rolling_count_500,5,0.9000570007,0.0008143145846,0.8998885714,0.0008311064395,0.009988495597,0.0007462521274,0.4794520548,0.04331887206,3821.96111,69.5617897,4599.441533,382.0330089,7128,0
0.3,rolling_count_1000,5,0.8997823609,0.000453969724,0.8995402856,0.0005629123435,0.008501638659,0.0007700849678,0.5178082192,0.05513592273,3802.518743,81.86499182,4653.755695,423.6198791,7128,0
0.3,rolling_count_2000,5,0.8963985905,0.0004406887045,0.8967438303,0.0009646933643,0.009736714861,0.0007291359585,0.5616438356,0.04645431495,3752.428806,75.51403571,4341.893896,431.0117017,7128,0
0.3,weighted_count_250,5,0.9095139393,0.001027366522,0.9084655463,0.001122205148,0.007312443313,0.001027385243,0.3643835616,0.04705633983,3984.376676,76.64559387,5248.324464,289.9259565,7128,0
0.3,weighted_count_500,5,0.8983936159,0.001069309131,0.8982294733,0.001100836486,0.01089036918,0.0007779114733,0.5095890411,0.05070343979,3791.814675,67.51239694,4451.656021,383.7015351,7128,0
0.3,weighted_count_1000,5,0.8988133485,0.0005528489988,0.8986046236,0.000481644128,0.008944914036,0.0006912563952,0.5315068493,0.04784725807,3786.120468,81.80192824,4564.004907,431.4759926,7128,0
0.3,weighted_count_2000,5,0.8960721318,0.0005352035971,0.8963979179,0.00104118974,0.009920768998,0.0007300618614,0.5643835616,0.05598031984,3746.011763,74.65208673,4315.556845,422.9278287,7128,0
0.3,time_window_3,5,0.8962638615,0.0003127429138,0.8964297276,0.0007099929527,0.01022506802,0.0006152584471,0.5479452055,0.04109589041,3749.449793,72.52132796,4363.660094,397.6219589,7128,0
0.3,time_window_7,5,0.892890455,0.00100547248,0.8929984024,0.001337353892,0.01204696015,0.0009821618517,0.6520547945,0.04995776035,3699.712058,75.58196615,4066.576205,475.124351,7128,0
0.3,time_window_14,5,0.8874442947,0.001240057462,0.8873661566,0.001502085012,0.01600728903,0.001261137387,0.7369863014,0.04480938968,3615.344341,79.30983505,3578.562872,534.4985787,7128,0
0.3,time_window_30,5,0.8765519743,0.001947054607,0.8759757191,0.001952543907,0.02539141411,0.001787764741,0.8767123288,0.03212613534,3438.336268,88.12236767,2522.816551,552.6241605,7128,0
