case,dataset_mode,model_name,negative_sampling,seed,deletion_rate,objective,score,history,method,label_count,query_count,single_query_count,multi_query_count,label_coverage,full_set_coverage,partial_answer_recall,mean_set_size,single_full_set_coverage,multi_full_set_coverage,single_mean_set_size,multi_mean_set_size,multi_minus_single_full_set_coverage
icews05_15_continuous_complex,icews05_15,continuous_tcomplex,filtered,17,0.3,label,margin,expanding,label_margin_expanding,190310,173509,159915,13594,0.84707582365614,0.8471433758479388,0.8592018462358042,3280.3633183293086,0.8687427695963481,0.5930557598940709,3437.351899446581,1433.605267029572,-0.2756870097022772
icews05_15_continuous_complex,icews05_15,continuous_tcomplex,filtered,17,0.3,label,margin,rolling,label_margin_rolling,190310,173509,159915,13594,0.9004413851085071,0.9008754589099125,0.910476017366582,4616.771712130207,0.9182190538723697,0.6968515521553627,4821.533808585811,2208.022951302045,-0.22136750171700703
icews05_15_continuous_complex,icews05_15,continuous_tcomplex,filtered,17,0.3,label,margin,static,label_margin_static,190310,173509,159915,13594,0.8006463139088855,0.8004253381668962,0.8137661236963004,2582.0397097556897,0.8240752899978113,0.5222156833897308,2709.1224212863085,1087.0837134029719,-0.30185960660808053
icews05_15_continuous_complex,icews05_15,continuous_tcomplex,filtered,17,0.3,label,minmax,expanding,label_minmax_expanding,190310,173509,159915,13594,0.8782565288213967,0.8703640733333717,0.8784372763177899,2574.3236373905675,0.8783853922396273,0.7760041194644696,2630.99160178845,1907.7017801971458,-0.10238127277515774
icews05_15_continuous_complex,icews05_15,continuous_tcomplex,filtered,17,0.3,label,minmax,rolling,label_minmax_rolling,190310,173509,159915,13594,0.8989228101518575,0.8921612135393553,0.8994134490921403,3290.4435274250905,0.8996279273363975,0.8043254376930999,3351.7415189319327,2569.3556716198323,-0.09530248964329757
icews05_15_continuous_complex,icews05_15,continuous_tcomplex,filtered,17,0.3,label,minmax,static,label_minmax_static,190310,173509,159915,13594,0.8517418948032158,0.8425672443504372,0.8519107647704723,1894.022079546306,0.8518025200887972,0.7339267323819332,1945.818278460432,1284.7099455642194,-0.11787578770686402
icews05_15_continuous_complex,icews05_15,continuous_tcomplex,filtered,17,0.3,label,negscore,expanding,label_negscore_expanding,190310,173509,159915,13594,0.869413062897378,0.8606988686465832,0.8677069102885632,3801.186359209032,0.8659975612043899,0.7983669265852582,3838.586411531126,3361.2253935559806,-0.06763063461913166
icews05_15_continuous_complex,icews05_15,continuous_tcomplex,filtered,17,0.3,label,negscore,rolling,label_negscore_rolling,190310,173509,159915,13594,0.8982922599968473,0.8914868969333003,0.8978920559838554,4590.4665291137635,0.8973767313885501,0.8222009710166249,4653.683475596411,3846.804766808886,-0.0751757603719252
icews05_15_continuous_complex,icews05_15,continuous_tcomplex,filtered,17,0.3,label,negscore,static,label_negscore_static,190310,173509,159915,13594,0.8336135778466712,0.8229140851483209,0.8300847504390261,2267.212697900397,0.8266954319482225,0.7784316610269236,2255.3878310352375,2406.3162424599086,-0.048263770921298854
icews05_15_continuous_complex,icews05_15,continuous_tcomplex,filtered,17,0.3,label,softmax,expanding,label_softmax_expanding,190310,173509,159915,13594,0.939446166780516,0.9394844071489087,0.9445945990450886,7220.687929732751,0.9487852921864741,0.8300720906282183,7285.096932745521,6463.003236722083,-0.11871320155825582
icews05_15_continuous_complex,icews05_15,continuous_tcomplex,filtered,17,0.3,label,softmax,rolling,label_softmax_rolling,190310,173509,159915,13594,0.9897377962272083,0.9900005187050815,0.9909419684281507,9783.77445550375,0.9919457211643685,0.9671178461085773,9800.299502860895,9589.379652787995,-0.024827875055791204
icews05_15_continuous_complex,icews05_15,continuous_tcomplex,filtered,17,0.3,label,softmax,static,label_softmax_static,190310,173509,159915,13594,0.8071147075823656,0.806909151686656,0.8201026277173624,2614.4842111936555,0.8302723321764688,0.5320729733706047,2743.7631429196763,1093.6926585258202,-0.2981993588058641
icews05_15_continuous_complex,icews05_15,continuous_tcomplex,filtered,17,0.3,query_max,margin,expanding,query_max_margin_expanding,190310,173509,159915,13594,0.8457621774998686,0.8458005060256241,0.8579192998933473,3252.70543891095,0.8674983585029546,0.590554656466088,3408.554582121752,1419.3513314697661,-0.2769437020368667
icews05_15_continuous_complex,icews05_15,continuous_tcomplex,filtered,17,0.3,query_max,margin,rolling,query_max_margin_rolling,190310,173509,159915,13594,0.897971730334717,0.8984029646877107,0.9081260912340281,4546.182912701935,0.9159490979582904,0.6919964690304546,4748.947634680924,2160.9305575989406,-0.22395262892783574
icews05_15_continuous_complex,icews05_15,continuous_tcomplex,filtered,17,0.3,query_max,margin,static,query_max_margin_static,190310,173509,159915,13594,0.7997950711996217,0.7995377761384136,0.8129561753170613,2570.484873983482,0.8232998780602195,0.5200088274238635,2697.0574430166025,1081.5300132411357,-0.3032910506363561
icews05_15_continuous_complex,icews05_15,continuous_tcomplex,filtered,29,0.3,label,margin,expanding,label_margin_expanding,190310,173509,159915,13594,0.8459145604539962,0.8445325602706488,0.8568801835838415,3145.837063207096,0.8655910952693618,0.5968074150360453,3296.458781227527,1373.9765337648962,-0.26878368023331656
icews05_15_continuous_complex,icews05_15,continuous_tcomplex,filtered,29,0.3,label,margin,rolling,label_margin_rolling,190310,173509,159915,13594,0.8999369449844989,0.8997919416283882,0.9094240249124146,4527.634364787994,0.9167057499296501,0.7008238928939238,4724.336522527593,2213.699867588642,-0.21588185703572638
icews05_15_continuous_complex,icews05_15,continuous_tcomplex,filtered,29,0.3,label,margin,static,label_margin_static,190310,173509,159915,13594,0.7968052125479481,0.7944371761695359,0.8083272426861232,2455.528525897792,0.8175343151048995,0.5227306164484331,2576.414814120001,1033.4650581138737,-0.2948036986564664
icews05_15_continuous_complex,icews05_15,continuous_tcomplex,filtered,29,0.3,label,minmax,expanding,label_minmax_expanding,190310,173509,159915,13594,0.8769376280805002,0.8689059357151502,0.8768880407557651,2634.181587122282,0.876646968702123,0.7778431661026923,2677.6003001594595,2123.419229071649,-0.09880380259943067
icews05_15_continuous_complex,icews05_15,continuous_tcomplex,filtered,29,0.3,label,minmax,rolling,label_minmax_rolling,190310,173509,159915,13594,0.8990331564289843,0.8924032759107596,0.8989516005162168,3377.2421430588615,0.8987024356689491,0.8183021921435928,3419.522952818685,2879.8656760335443,-0.08040024352535635
icews05_15_continuous_complex,icews05_15,continuous_tcomplex,filtered,29,0.3,label,minmax,static,label_minmax_static,190310,173509,159915,13594,0.8504335032315695,0.8408612809710159,0.8502107660420775,1925.1473237699486,0.849801457024044,0.7356922171546271,1968.5581340086922,1414.4779314403413,-0.1141092398694169
icews05_15_continuous_complex,icews05_15,continuous_tcomplex,filtered,29,0.3,label,negscore,expanding,label_negscore_expanding,190310,173509,159915,13594,0.8679312700331039,0.8591312266222502,0.8661756851117345,3784.4867413217758,0.8643716974642779,0.7974841841989113,3815.317599974987,3421.803442695307,-0.06688751326536657
icews05_15_continuous_complex,icews05_15,continuous_tcomplex,filtered,29,0.3,label,negscore,rolling,label_negscore_rolling,190310,173509,159915,13594,0.8984131154432242,0.8915964013394118,0.8979963207367838,4655.629085522941,0.8973767313885501,0.8235986464616742,4715.1973736047275,3954.888848021186,-0.07377808492687588
icews05_15_continuous_complex,icews05_15,continuous_tcomplex,filtered,29,0.3,label,negscore,static,label_negscore_static,190310,173509,159915,13594,0.8311596868267563,0.8204358275363237,0.8277066134282475,2081.0484816349585,0.8243942094237564,0.7738708253641312,2061.97185379733,2305.4591731646315,-0.0505233840596252
icews05_15_continuous_complex,icews05_15,continuous_tcomplex,filtered,29,0.3,label,softmax,expanding,label_softmax_expanding,190310,173509,159915,13594,0.9343282013556828,0.9335769326086831,0.9392304200495706,6935.772403736982,0.9432761154363255,0.8194791819920553,7000.004058406028,6180.173973811976,-0.12379693344427023
icews05_15_continuous_complex,icews05_15,continuous_tcomplex,filtered,29,0.3,label,softmax,rolling,label_softmax_rolling,190310,173509,159915,13594,0.9874625610845462,0.9874531004155404,0.9886586094477329,9625.45027635454,0.9896695119282118,0.9613800205973223,9644.70292342807,9398.968956892746,-0.028289491330889538
icews05_15_continuous_complex,icews05_15,continuous_tcomplex,filtered,29,0.3,label,softmax,static,label_softmax_static,190310,173509,159915,13594,0.7995375965529925,0.7972727639488442,0.8111154197231866,2434.2958232714154,0.8203920832942501,0.525305281741945,2554.5839602288715,1019.2687950566426,-0.29508680155230504
icews05_15_continuous_complex,icews05_15,continuous_tcomplex,filtered,29,0.3,query_max,margin,expanding,query_max_margin_expanding,190310,173509,159915,13594,0.8455625032841154,0.8441464131543609,0.856525254828945,3139.606810021382,0.8652346559109527,0.5960717963807562,3289.9930838257824,1370.5159629248199,-0.2691628595301965
icews05_15_continuous_complex,icews05_15,continuous_tcomplex,filtered,29,0.3,query_max,margin,rolling,query_max_margin_rolling,190310,173509,159915,13594,0.8985760075666018,0.8984433084162781,0.9081698564035214,4479.425049997407,0.9155551386674171,0.6971457996174782,4674.718087734109,2182.0669412976313,-0.21840933904993887
icews05_15_continuous_complex,icews05_15,continuous_tcomplex,filtered,29,0.3,query_max,margin,static,query_max_margin_static,190310,173509,159915,13594,0.7978246019652147,0.7954918765020834,0.8093542787476531,2467.6635275403582,0.8185723665697402,0.5239811681624246,2589.1041740924866,1039.0787847579816,-0.2945911984073156
icews05_15_continuous_complex,icews05_15,continuous_tcomplex,filtered,43,0.3,label,margin,expanding,label_margin_expanding,190310,173509,159915,13594,0.8477221375650255,0.846843679578581,0.8590698783318476,3211.5069016592797,0.8679048244379827,0.5990878328674415,3364.532507894819,1411.3678828895102,-0.2688169915705412
icews05_15_continuous_complex,icews05_15,continuous_tcomplex,filtered,43,0.3,label,margin,rolling,label_margin_rolling,190310,173509,159915,13594,0.9000315275077505,0.8998726290855229,0.9095128863199972,4545.825501847166,0.9168120564049651,0.700603207297337,4745.701603977112,2194.5538472855674,-0.21620884910762805
icews05_15_continuous_complex,icews05_15,continuous_tcomplex,filtered,43,0.3,label,margin,static,label_margin_static,190310,173509,159915,13594,0.7964531553780674,0.7951518365041583,0.809062202960358,2489.7962756975144,0.8189600725385361,0.5150801824334265,2612.0699434074354,1051.4121671325586,-0.30387989010510963
icews05_15_continuous_complex,icews05_15,continuous_tcomplex,filtered,43,0.3,label,minmax,expanding,label_minmax_expanding,190310,173509,159915,13594,0.8793599915926646,0.8714994611230541,0.8793680500473807,2689.226806678616,0.8791983241096832,0.7809327644549066,2723.792208360692,2282.611666911873,-0.09826555965477668
icews05_15_continuous_complex,icews05_15,continuous_tcomplex,filtered,43,0.3,label,minmax,rolling,label_minmax_rolling,190310,173509,159915,13594,0.8991277389522359,0.8923802223515783,0.8994158710880898,3363.877360828545,0.8994403276740769,0.8093276445490658,3404.361992308414,2887.630498749448,-0.09011268312501108
icews05_15_continuous_complex,icews05_15,continuous_tcomplex,filtered,43,0.3,label,minmax,static,label_minmax_static,190310,173509,159915,13594,0.8566339130891703,0.8474718890662732,0.8564129213303032,2083.2082716170344,0.8560235124910108,0.7468736207150213,2117.4636025388486,1680.2406944240106,-0.10914989177598955
icews05_15_continuous_complex,icews05_15,continuous_tcomplex,filtered,43,0.3,label,negscore,expanding,label_negscore_expanding,190310,173509,159915,13594,0.868677421049866,0.859938101193598,0.8672112175990937,3854.0357041997822,0.8656223618797486,0.7930704722671766,3895.573542194291,3365.399293806091,-0.07255188961257197
icews05_15_continuous_complex,icews05_15,continuous_tcomplex,filtered,43,0.3,label,negscore,rolling,label_negscore_rolling,190310,173509,159915,13594,0.8977878198728391,0.8910258257496729,0.8976623757522731,4617.331948198653,0.8973016915236219,0.8171987641606591,4684.9882249945285,3821.4474768280124,-0.08010292736296287
icews05_15_continuous_complex,icews05_15,continuous_tcomplex,filtered,43,0.3,label,negscore,static,label_negscore_static,190310,173509,159915,13594,0.8335452682465451,0.8228045807422093,0.830190629855921,2422.279328449821,0.8268955382546979,0.7746800058849492,2415.816815183066,2498.302045019862,-0.05221553236974863
icews05_15_continuous_complex,icews05_15,continuous_tcomplex,filtered,43,0.3,label,softmax,expanding,label_softmax_expanding,190310,173509,159915,13594,0.9351006252955704,0.934602815992254,0.9402372842468169,6983.794108662951,0.9444392333427133,0.8188906870678241,7049.089610105369,6215.680962189201,-0.1255485462748892
icews05_15_continuous_complex,icews05_15,continuous_tcomplex,filtered,43,0.3,label,softmax,rolling,label_softmax_rolling,190310,173509,159915,13594,0.9868109925910357,0.9868825248258015,0.9881094544567333,9579.35571065478,0.9891379795516368,0.9603501544799176,9597.47026232686,9366.262542298073,-0.028787825071719286
icews05_15_continuous_complex,icews05_15,continuous_tcomplex,filtered,43,0.3,label,softmax,static,label_softmax_static,190310,173509,159915,13594,0.7998791445536231,0.7984081517385265,0.8122930632231302,2475.288296284343,0.8220242003564393,0.5205973223480947,2597.0493637244786,1042.934235692217,-0.30142687800834456
icews05_15_continuous_complex,icews05_15,continuous_tcomplex,filtered,43,0.3,query_max,margin,expanding,query_max_margin_expanding,190310,173509,159915,13594,0.8472176974410173,0.8463192111072048,0.8585636605948233,3201.173668224703,0.8673983053497171,0.5983522142121525,3353.7285120220117,1406.5725319994115,-0.2690460911375646
icews05_15_continuous_complex,icews05_15,continuous_tcomplex,filtered,43,0.3,query_max,margin,rolling,query_max_margin_rolling,190310,173509,159915,13594,0.898707372182229,0.8984144914673015,0.908221790949344,4494.9719841622045,0.9155426320232624,0.6969251140208915,4693.176418722446,2163.365234662351,-0.21861751800237084
icews05_15_continuous_complex,icews05_15,continuous_tcomplex,filtered,43,0.3,query_max,margin,static,query_max_margin_static,190310,173509,159915,13594,0.797288634333456,0.7960048181938689,0.8099091330907836,2502.636756594759,0.8198230309852109,0.5158158010887156,2625.458280961761,1057.8078564072384,-0.3040072298964953
icews05_15_continuous_complex,icews05_15,continuous_tcomplex,filtered,59,0.3,label,margin,expanding,label_margin_expanding,190310,173509,159915,13594,0.8455782670379907,0.8428093067218415,0.8550618661222433,2804.5033283576067,0.8624894475189945,0.6112991025452406,2939.414801613357,1217.4525525967338,-0.2511903449737539
icews05_15_continuous_complex,icews05_15,continuous_tcomplex,filtered,59,0.3,label,margin,rolling,label_margin_rolling,190310,173509,159915,13594,0.9002206925542536,0.8991003348529472,0.9082460978171,4152.548081079368,0.9143044742519464,0.7202442253935559,4336.622774599005,1987.1585993820804,-0.19406024885839046
icews05_15_continuous_complex,icews05_15,continuous_tcomplex,filtered,59,0.3,label,margin,static,label_margin_static,190310,173509,159915,13594,0.797971730334717,0.7942527476960849,0.8080779003965985,2199.096934452968,0.8159772379076384,0.5386935412682066,2307.0229934652784,929.4930116227747,-0.27728369663943186
icews05_15_continuous_complex,icews05_15,continuous_tcomplex,filtered,59,0.3,label,minmax,expanding,label_minmax_expanding,190310,173509,159915,13594,0.8782985654983974,0.8705254482476413,0.8785555561709826,2808.3533764819117,0.8784291654941688,0.7775489186405767,2859.282056092299,2209.246432249522,-0.10088024685359209
icews05_15_continuous_complex,icews05_15,continuous_tcomplex,filtered,59,0.3,label,minmax,rolling,label_minmax_rolling,190310,173509,159915,13594,0.8992853764909884,0.8928355301454103,0.8998713572725585,3601.918949449308,0.9000156333051934,0.8083713402971899,3657.137335459463,2952.349418861262,-0.09164429300800347
icews05_15_continuous_complex,icews05_15,continuous_tcomplex,filtered,59,0.3,label,minmax,static,label_minmax_static,190310,173509,159915,13594,0.8545636067468867,0.845345198231792,0.8544180085738449,2068.997331550525,0.853903636306788,0.744666764749154,2114.9220460869838,1528.7552596733854,-0.10923687155763395
icews05_15_continuous_complex,icews05_15,continuous_tcomplex,filtered,59,0.3,label,negscore,expanding,label_negscore_expanding,190310,173509,159915,13594,0.8688455677578687,0.8599150476344166,0.866891998990334,4254.536594643506,0.8648969765187756,0.8013094012064146,4269.956783291123,4073.1389583639843,-0.06358757531236103
icews05_15_continuous_complex,icews05_15,continuous_tcomplex,filtered,59,0.3,label,negscore,rolling,label_negscore_rolling,190310,173509,159915,13594,0.8987599180284799,0.8919306779475417,0.8983084288777364,5151.593202658076,0.8976518775599537,0.824628512579079,5195.797636244255,4631.587906429307,-0.0730233649808747
icews05_15_continuous_complex,icews05_15,continuous_tcomplex,filtered,59,0.3,label,negscore,static,label_negscore_static,190310,173509,159915,13594,0.8347012768640639,0.824060999717594,0.8312767612463882,2633.0655066884137,0.8279273363974612,0.7785787847579815,2606.680180095676,2943.453141091658,-0.04934855163947971
icews05_15_continuous_complex,icews05_15,continuous_tcomplex,filtered,59,0.3,label,softmax,expanding,label_softmax_expanding,190310,173509,159915,13594,0.8963112815931901,0.8942302704758831,0.9025927315903628,5037.260522508919,0.9077009661382609,0.7357657790201559,5125.470399899947,3999.590775342063,-0.17193518711810496
icews05_15_continuous_complex,icews05_15,continuous_tcomplex,filtered,59,0.3,label,softmax,rolling,label_softmax_rolling,190310,173509,159915,13594,0.9747990121380905,0.974589214392337,0.976828387384324,8692.723028776605,0.9784698120876716,0.9289392378990731,8727.128211862551,8287.992643813448,-0.04953057418859852
icews05_15_continuous_complex,icews05_15,continuous_tcomplex,filtered,59,0.3,label,softmax,static,label_softmax_static,190310,173509,159915,13594,0.800677841416636,0.7970134114080537,0.8107067745952472,2168.8743523390717,0.8185536066035081,0.5436221862586436,2275.42119250852,915.4950713550096,-0.2749314203448645
icews05_15_continuous_complex,icews05_15,continuous_tcomplex,filtered,59,0.3,query_max,margin,expanding,query_max_margin_expanding,190310,173509,159915,13594,0.8460774525773738,0.8432934314646503,0.8555332153510057,2811.31568391265,0.8629396867085639,0.6121818449315874,2946.5198324109683,1220.82198028542,-0.25075784177697646
icews05_15_continuous_complex,icews05_15,continuous_tcomplex,filtered,59,0.3,query_max,margin,rolling,query_max_margin_rolling,190310,173509,159915,13594,0.9001996742157532,0.8990715179039704,0.9082595457266224,4141.292630353469,0.9143294875402558,0.7195821686037958,4324.512928743395,1985.9539502721789,-0.19474731893646002
icews05_15_continuous_complex,icews05_15,continuous_tcomplex,filtered,59,0.3,query_max,margin,static,query_max_margin_static,190310,173509,159915,13594,0.7986180442436025,0.7948924839633679,0.8087194617373168,2207.863240523546,0.8166213300816059,0.5392820361924379,2316.165819341525,933.8300720906282,-0.277339293889168
icews05_15_continuous_complex,icews05_15,continuous_tcomplex,filtered,71,0.3,label,margin,expanding,label_margin_expanding,190310,173509,159915,13594,0.8472965162103936,0.8471433758479388,0.8590222617542526,3195.0377847834984,0.8681799706093862,0.5996763277916728,3347.2125128974767,1404.9081947918198,-0.26850364281771344
icews05_15_continuous_complex,icews05_15,continuous_tcomplex,filtered,71,0.3,label,margin,rolling,label_margin_rolling,190310,173509,159915,13594,0.9003993484315065,0.9005123653528059,0.9102811050126463,4555.918010016771,0.9178438545477284,0.6966308665587759,4754.358052715505,2221.53964984552,-0.2212129879889525
icews05_15_continuous_complex,icews05_15,continuous_tcomplex,filtered,71,0.3,label,margin,static,label_margin_static,190310,173509,159915,13594,0.7967789396248227,0.7962699341244547,0.8097452216196778,2481.6184290152096,0.8198355376293656,0.5190525231719877,2604.0144201607104,1041.7953508900985,-0.3007830144573779
icews05_15_continuous_complex,icews05_15,continuous_tcomplex,filtered,71,0.3,label,minmax,expanding,label_minmax_expanding,190310,173509,159915,13594,0.8772949398350061,0.8694015872375497,0.878036139813915,2532.131676166654,0.8783853922396273,0.7637192879211416,2589.637594972329,1855.6524201853758,-0.11466610431848567
icews05_15_continuous_complex,icews05_15,continuous_tcomplex,filtered,71,0.3,label,minmax,rolling,label_minmax_rolling,190310,173509,159915,13594,0.8994114865219904,0.892795186416843,0.9002211515790063,3311.162654386804,0.9006409655129287,0.8005002206855966,3373.5886877403623,2576.804913932617,-0.10014074482733215
icews05_15_continuous_complex,icews05_15,continuous_tcomplex,filtered,71,0.3,label,minmax,static,label_minmax_static,190310,173509,159915,13594,0.8523251536966003,0.8433164850238316,0.8527016116292466,1885.6500296814575,0.8526529718913173,0.7334853611887597,1935.2865209642623,1301.743931146094,-0.11916761070255755
icews05_15_continuous_complex,icews05_15,continuous_tcomplex,filtered,71,0.3,label,negscore,expanding,label_negscore_expanding,190310,173509,159915,13594,0.8664389679995796,0.8577768300203448,0.8649080915639134,3835.119659498931,0.863296126066973,0.7928497866705899,3869.734190038458,3427.926585258202,-0.07044633939638312
icews05_15_continuous_complex,icews05_15,continuous_tcomplex,filtered,71,0.3,label,negscore,rolling,label_negscore_rolling,190310,173509,159915,13594,0.8984131154432242,0.8918384637108161,0.8983907104153027,4684.290013774502,0.8981646499702968,0.8174194497572459,4746.40539036363,3953.5867294394584,-0.08074520021305087
icews05_15_continuous_complex,icews05_15,continuous_tcomplex,filtered,71,0.3,label,negscore,static,label_negscore_static,190310,173509,159915,13594,0.8292207451000998,0.8185223821242702,0.8257733483590644,2140.1681584240587,0.8224681862239315,0.7721053405914374,2123.446324609949,2336.877887303222,-0.05036284563249405
icews05_15_continuous_complex,icews05_15,continuous_tcomplex,filtered,71,0.3,label,softmax,expanding,label_softmax_expanding,190310,173509,159915,13594,0.937906573485366,0.9376804661429666,0.9429187013490997,7125.688748134103,0.9469968420723509,0.8280859202589378,7188.399437201013,6387.9824187141385,-0.11891092181341312
icews05_15_continuous_complex,icews05_15,continuous_tcomplex,filtered,71,0.3,label,softmax,rolling,label_softmax_rolling,190310,173509,159915,13594,0.9882560033629342,0.9883982963419765,0.9894939167420711,9670.091171063172,0.9905199637307319,0.9634397528321318,9686.192789919645,9480.677431219656,-0.027080210898600132
icews05_15_continuous_complex,icews05_15,continuous_tcomplex,filtered,71,0.3,label,softmax,static,label_softmax_static,190310,173509,159915,13594,0.8015501024644002,0.8008230120627748,0.8142712665153865,2481.808482557101,0.824194103117281,0.5258937766661762,2604.5746740455866,1037.6304987494482,-0.2983003264511048
icews05_15_continuous_complex,icews05_15,continuous_tcomplex,filtered,71,0.3,query_max,margin,expanding,query_max_margin_expanding,190310,173509,159915,13594,0.8465240922705061,0.8463768450051582,0.8582694669904843,3176.9574316029716,0.8674420786042585,0.5985728998087392,3328.3191945721164,1396.3912755627482,-0.2688691787955193
icews05_15_continuous_complex,icews05_15,continuous_tcomplex,filtered,71,0.3,query_max,margin,rolling,query_max_margin_rolling,190310,173509,159915,13594,0.8988702643056067,0.8990023572264263,0.9088093548166225,4498.912384948331,0.9164180971140918,0.694129763130793,4695.200475252478,2189.848830366338,-0.22228833398329884
icews05_15_continuous_complex,icews05_15,continuous_tcomplex,filtered,71,0.3,query_max,margin,static,query_max_margin_static,190310,173509,159915,13594,0.796736902947822,0.796223827006092,0.8097019961962126,2481.209649067195,0.8197917643748242,0.5189789613064587,2603.588493887378,1041.5882742386348,-0.30081280306836544
icews05_15_distmult,icews05_15,temporal_distmult,filtered,17,0.3,label,margin,expanding,label_margin_expanding,190310,173509,159915,13594,0.8464820555935053,0.8467975724602183,0.8586915539984257,3423.7923277755044,0.8682049838976956,0.5949683683978225,3584.5771566144513,1532.3765631896424,-0.2732366154998731
icews05_15_distmult,icews05_15,temporal_distmult,filtered,17,0.3,label,margin,rolling,label_margin_rolling,190310,173509,159915,13594,0.9004046030161316,0.9009330928078658,0.9105643425626827,4831.664939570858,0.9183191070256074,0.6964101809621892,5034.016821436388,2451.269089304105,-0.22190892606341817
icews05_15_distmult,icews05_15,temporal_distmult,filtered,17,0.3,label,margin,static,label_margin_static,190310,173509,159915,13594,0.7952971467605485,0.7947541626082797,0.8084199702637364,2657.38214732377,0.8187787261982928,0.5121377078122701,2786.467010599381,1138.8735471531559,-0.30664101838602276
icews05_15_distmult,icews05_15,temporal_distmult,filtered,17,0.3,label,minmax,expanding,label_minmax_expanding,190310,173509,159915,13594,0.8792443907309128,0.8714533540046914,0.879320195615604,2532.0750393351354,0.8790982709564457,0.7815212593791379,2566.5904136572553,2126.048403707518,-0.0975770115773078
icews05_15_distmult,icews05_15,temporal_distmult,filtered,17,0.3,label,minmax,rolling,label_minmax_rolling,190310,173509,159915,13594,0.8991224843676108,0.8923629321821923,0.8992416474738717,3274.9158372188185,0.8990401150611262,0.8138149183463292,3312.6193665384735,2831.3848756804473,-0.085225196714797
icews05_15_distmult,icews05_15,temporal_distmult,filtered,17,0.3,label,minmax,static,label_minmax_static,190310,173509,159915,13594,0.8553360306867742,0.846221233480684,0.8551817377688081,1877.2679169380262,0.8547603414313855,0.7457701927320877,1908.177200387706,1513.6620567897603,-0.1089901486992978
icews05_15_distmult,icews05_15,temporal_distmult,filtered,17,0.3,label,negscore,expanding,label_negscore_expanding,190310,173509,159915,13594,0.8689033681887447,0.8601110028874583,0.8668465070909613,3970.2403506446353,0.8648281899759247,0.8046196851552155,3992.288428227496,3710.874577019273,-0.06020850482070916
icews05_15_distmult,icews05_15,temporal_distmult,filtered,17,0.3,label,negscore,rolling,label_negscore_rolling,190310,173509,159915,13594,0.8984971887972256,0.8917577762536814,0.89780369772935,4823.122264551118,0.8969952787418316,0.8301456524937473,4873.036269268048,4235.951596292482,-0.06684962624808433
icews05_15_distmult,icews05_15,temporal_distmult,filtered,17,0.3,label,negscore,static,label_negscore_static,190310,173509,159915,13594,0.8328989543376596,0.8220956837973823,0.8293652895666336,2214.2453820839264,0.8259325266547853,0.7769604237163454,2191.396504392959,2483.0314844784466,-0.0489721029384399
icews05_15_distmult,icews05_15,temporal_distmult,filtered,17,0.3,label,softmax,expanding,label_softmax_expanding,190310,173509,159915,13594,0.9493247858756765,0.9491035047173345,0.9532375018833934,7762.344840901625,0.9564331050870775,0.8628806826541121,7812.088540787293,7177.177578343387,-0.09355242243296535
icews05_15_distmult,icews05_15,temporal_distmult,filtered,17,0.3,label,softmax,rolling,label_softmax_rolling,190310,173509,159915,13594,0.9901318900740896,0.9902656346356673,0.9911087225062292,9829.87245618383,0.9919269611981365,0.9707223775194939,9843.881899759248,9665.070325143446,-0.02120458367864264
icews05_15_distmult,icews05_15,temporal_distmult,filtered,17,0.3,label,softmax,static,label_softmax_static,190310,173509,159915,13594,0.7977615469497136,0.797134442593756,0.8106917064080669,2612.883441204779,0.8208423224838195,0.5182433426511697,2740.6221805334085,1110.210166249816,-0.30259897983264983
icews05_15_distmult,icews05_15,temporal_distmult,filtered,17,0.3,query_max,margin,expanding,query_max_margin_expanding,190310,173509,159915,13594,0.8450055173138563,0.845293327723634,0.857251955284046,3397.4734912886365,0.8668042397523684,0.5922465793732529,3557.2616202357503,1517.7825511254966,-0.27455766037911555
icews05_15_distmult,icews05_15,temporal_distmult,filtered,17,0.3,query_max,margin,rolling,query_max_margin_rolling,190310,173509,159915,13594,0.8980768220272187,0.8986162101101384,0.908418529624202,4754.949691370476,0.9163180439608543,0.6903781079888186,4955.452728011756,2396.3030013241137,-0.22593993597203565
icews05_15_distmult,icews05_15,temporal_distmult,filtered,17,0.3,query_max,margin,static,query_max_margin_static,190310,173509,159915,13594,0.7950974725447953,0.7945409171858521,0.8082153699260016,2654.5923266228265,0.8185723665697402,0.5118434603501545,2783.5553512803676,1137.5169927909371,-0.3067289062195857
icews05_15_distmult,icews05_15,temporal_distmult,filtered,29,0.3,label,margin,expanding,label_margin_expanding,190310,173509,159915,13594,0.8469234407020125,0.8450166850134575,0.8572035979071061,3238.270210767165,0.8651283494356377,0.608430189789613,3390.4637588719006,1447.9192290716492,-0.2566981596460246
icews05_15_distmult,icews05_15,temporal_distmult,filtered,29,0.3,label,margin,rolling,label_margin_rolling,190310,173509,159915,13594,0.9001576375387526,0.899486481969235,0.9087725668417448,4536.516526520239,0.9152862458180908,0.7136236574959541,4729.706056342432,2263.903339708695,-0.20166258832213668
icews05_15_distmult,icews05_15,temporal_distmult,filtered,29,0.3,label,margin,static,label_margin_static,190310,173509,159915,13594,0.7965214649781934,0.7944198860001499,0.8083689391063936,2550.2006293621657,0.8175593283932089,0.5222156833897308,2672.6799799893693,1109.396939826394,-0.2953436450034781
icews05_15_distmult,icews05_15,temporal_distmult,filtered,29,0.3,label,minmax,expanding,label_minmax_expanding,190310,173509,159915,13594,0.8809311123955651,0.8727904604372108,0.8797156647861799,2659.422018454374,0.8784979520370196,0.8056495512726203,2656.0299596660725,2699.324996321907,-0.07284840076439936
icews05_15_distmult,icews05_15,temporal_distmult,filtered,29,0.3,label,minmax,rolling,label_minmax_rolling,190310,173509,159915,13594,0.8987494088592297,0.8917174325251139,0.8979226591262566,3320.1220858860347,0.8969890254197542,0.8297042813005738,3319.204840071288,3330.912240694424,-0.0672847441191804
icews05_15_distmult,icews05_15,temporal_distmult,filtered,29,0.3,label,minmax,static,label_minmax_static,190310,173509,159915,13594,0.856182018811413,0.8466361975459487,0.8547397200773971,2014.5282665452512,0.8532908107432073,0.768353685449463,2013.7561454522715,2023.6112255406797,-0.08493712529374431
icews05_15_distmult,icews05_15,temporal_distmult,filtered,29,0.3,label,negscore,expanding,label_negscore_expanding,190310,173509,159915,13594,0.8695023908360044,0.8607680293241273,0.8677761372908311,3970.0575071033777,0.8660288278147766,0.7988818596439605,3998.185930025326,3639.164705016919,-0.06714696817081611
icews05_15_distmult,icews05_15,temporal_distmult,filtered,29,0.3,label,negscore,rolling,label_negscore_rolling,190310,173509,159915,13594,0.898155640796595,0.8912160176129192,0.8976562395717887,4814.046896702765,0.8969765187755996,0.8234515227306165,4871.122834005566,4142.625790790054,-0.07352499604498308
icews05_15_distmult,icews05_15,temporal_distmult,filtered,29,0.3,label,negscore,static,label_negscore_static,190310,173509,159915,13594,0.834091745047554,0.823455843789083,0.8305681456098725,2340.6427274665866,0.8271956977144108,0.7794615271443284,2319.9952975017977,2583.5317787259087,-0.047734170570082446
icews05_15_distmult,icews05_15,temporal_distmult,filtered,29,0.3,label,softmax,expanding,label_softmax_expanding,190310,173509,159915,13594,0.9344438022174347,0.9334674282025717,0.9389074643856817,6946.952964975881,0.9425632367195073,0.8264675592173018,7012.504511771879,6175.827791672797,-0.11609567750220551
icews05_15_distmult,icews05_15,temporal_distmult,filtered,29,0.3,label,softmax,rolling,label_softmax_rolling,190310,173509,159915,13594,0.9871525405916662,0.9872513817727034,0.9883738979918428,9629.967390740538,0.9893068192477253,0.9630719435044873,9645.275690210425,9449.88597910843,-0.026234875743238018
icews05_15_distmult,icews05_15,temporal_distmult,filtered,29,0.3,label,softmax,static,label_softmax_static,190310,173509,159915,13594,0.8012085544637696,0.7990536513956048,0.8127803886016717,2534.599865136679,0.8216865209642623,0.5328085920258938,2657.838570490573,1084.8633956157128,-0.2888779289383685
icews05_15_distmult,icews05_15,temporal_distmult,filtered,29,0.3,query_max,margin,expanding,query_max_margin_expanding,190310,173509,159915,13594,0.8469286952866376,0.8450224484032529,0.8572074401669698,3237.5842982208414,0.8651283494356377,0.6085037516551419,3389.761585842479,1447.4245990878328,-0.25662459778049573
icews05_15_distmult,icews05_15,temporal_distmult,filtered,29,0.3,query_max,margin,rolling,query_max_margin_rolling,190310,173509,159915,13594,0.8991855393831117,0.8984836521448455,0.9078208278461579,4497.080284019849,0.9143482475064878,0.7118581727232602,4688.836488134321,2241.32823304399,-0.20249007478322756
icews05_15_distmult,icews05_15,temporal_distmult,filtered,29,0.3,query_max,margin,static,query_max_margin_static,190310,173509,159915,13594,0.7977142556880878,0.7956474880265577,0.8095093767233253,2564.5555389057627,0.8186536597567458,0.5250110342798293,2687.61210017822,1116.961747829925,-0.29364262547691644
icews05_15_distmult,icews05_15,temporal_distmult,filtered,43,0.3,label,margin,expanding,label_margin_expanding,190310,173509,159915,13594,0.8490147653827965,0.8478349826233798,0.8600851826100948,3269.7525892028657,0.8685489166119501,0.6041636015889363,3421.668048650846,1482.6729439458584,-0.26438531502301377
icews05_15_distmult,icews05_15,temporal_distmult,filtered,43,0.3,label,margin,rolling,label_margin_rolling,190310,173509,159915,13594,0.9001103462771268,0.8998495755263416,0.9094258921924923,4581.508117734526,0.9163993371478598,0.7051640429601295,4775.321758434168,2301.5531116669117,-0.21123529418773035
icews05_15_distmult,icews05_15,temporal_distmult,filtered,43,0.3,label,margin,static,label_margin_static,190310,173509,159915,13594,0.8016026483106511,0.800033427660813,0.8136303648873603,2553.673273432502,0.8228746521589595,0.5313373547153156,2676.3081199387175,1111.0403854641754,-0.2915372974436439
icews05_15_distmult,icews05_15,temporal_distmult,filtered,43,0.3,label,minmax,expanding,label_minmax_expanding,190310,173509,159915,13594,0.879943250486049,0.871816447561798,0.8788496834505976,2598.3494573768508,0.8777100334552731,0.8024863910548772,2602.225626113873,2552.751581580109,-0.07522364240039592
icews05_15_distmult,icews05_15,temporal_distmult,filtered,43,0.3,label,minmax,rolling,label_minmax_rolling,190310,173509,159915,13594,0.8989911197519836,0.8919998386250857,0.8982744180167658,3277.5305949547287,0.8974205046430916,0.8282330439899955,3286.4850764468624,3172.1932470207444,-0.06918746065309611
icews05_15_distmult,icews05_15,temporal_distmult,filtered,43,0.3,label,minmax,static,label_minmax_static,190310,173509,159915,13594,0.8578319583836898,0.8485323527886162,0.8566326345568346,2001.1348517944314,0.855335647062502,0.7685008091805208,2008.9936028515149,1908.6872885096366,-0.08683483788198121
icews05_15_distmult,icews05_15,temporal_distmult,filtered,43,0.3,label,negscore,expanding,label_negscore_expanding,190310,173509,159915,13594,0.8691188061583732,0.860358828648658,0.8671826613748935,3906.4706441740773,0.8652284025888753,0.8030748859791085,3932.4860519651065,3600.4346035015446,-0.06215351660976687
icews05_15_distmult,icews05_15,temporal_distmult,filtered,43,0.3,label,negscore,rolling,label_negscore_rolling,190310,173509,159915,13594,0.8978824023960906,0.8909105579537661,0.8971158417313949,4776.002616578967,0.8962573867367039,0.8280123583934088,4829.338654910422,4148.576357216419,-0.06824502834329504
icews05_15_distmult,icews05_15,temporal_distmult,filtered,43,0.3,label,negscore,static,label_negscore_static,190310,173509,159915,13594,0.8331669381535389,0.8224011434565354,0.8296342752017962,2139.676005279265,0.8262702060469624,0.7768868618508166,2116.0858893787326,2417.181771369722,-0.04938334419614587
icews05_15_distmult,icews05_15,temporal_distmult,filtered,43,0.3,label,softmax,expanding,label_softmax_expanding,190310,173509,159915,13594,0.9363774893594662,0.935916868865592,0.9412646770896198,7037.112507132195,0.9452396585686146,0.826246873620715,7101.974348872839,6274.100779755775,-0.11899278494789955
icews05_15_distmult,icews05_15,temporal_distmult,filtered,43,0.3,label,softmax,rolling,label_softmax_rolling,190310,173509,159915,13594,0.9880090378855552,0.9880640197338466,0.9891894176478837,9676.841310825375,0.9901822843385548,0.9631455053700162,9694.094662789606,9473.878990731206,-0.02703677896853862
icews05_15_distmult,icews05_15,temporal_distmult,filtered,43,0.3,label,softmax,static,label_softmax_static,190310,173509,159915,13594,0.8061163365035994,0.8043156262787521,0.8178304352007159,2547.6075016281575,0.826845511678079,0.5392820361924379,2670.5912828690243,1100.8698690598794,-0.2875634754856411
icews05_15_distmult,icews05_15,temporal_distmult,filtered,43,0.3,query_max,margin,expanding,query_max_margin_expanding,190310,173509,159915,13594,0.8485576165204141,0.8473796748295478,0.8596418818783366,3260.028828475756,0.8681174373886127,0.6034279829336472,3411.5647937967046,1477.4134176842724,-0.2646894544549655
icews05_15_distmult,icews05_15,temporal_distmult,filtered,43,0.3,query_max,margin,rolling,query_max_margin_rolling,190310,173509,159915,13594,0.898712626766854,0.8983799111285293,0.9080091960913705,4529.099239808886,0.9149610730700685,0.7033249963219067,4721.083250476816,2270.667353244078,-0.21163607674816176
icews05_15_distmult,icews05_15,temporal_distmult,filtered,43,0.3,query_max,margin,static,query_max_margin_static,190310,173509,159915,13594,0.8021175976039094,0.8005233157934171,0.8141338930424799,2559.6791347999238,0.8233686646030703,0.5317787259084891,2682.559315886565,1114.160217743122,-0.2915899386945813
icews05_15_distmult,icews05_15,temporal_distmult,filtered,59,0.3,label,margin,expanding,label_margin_expanding,190310,173509,159915,13594,0.8473753349797698,0.8441982836625189,0.8558191435225192,2786.2774322945784,0.8622955945345965,0.631307929969104,2919.100803551887,1223.7903486832427,-0.23098766456549247
icews05_15_distmult,icews05_15,temporal_distmult,filtered,59,0.3,label,margin,rolling,label_margin_rolling,190310,173509,159915,13594,0.9001944196311281,0.8985643396019803,0.9076704083624474,4113.24051778294,0.9133039427195697,0.7251728703839929,4293.00228871588,1998.5867294394586,-0.1881310723355768
icews05_15_distmult,icews05_15,temporal_distmult,filtered,59,0.3,label,margin,static,label_margin_static,190310,173509,159915,13594,0.8025852556355421,0.7979643707242852,0.8115309139704127,2196.1469894933402,0.8184160335178063,0.5573782551125497,2302.2400400212614,948.1059290863616,-0.26103777840525666
icews05_15_distmult,icews05_15,temporal_distmult,filtered,59,0.3,label,minmax,expanding,label_minmax_expanding,190310,173509,159915,13594,0.8791603173769114,0.8710729702781989,0.8776911529064155,2880.575728060216,0.8762342494450177,0.8103575106664705,2860.999906200169,3110.8587612181846,-0.06587673877854716
icews05_15_distmult,icews05_15,temporal_distmult,filtered,59,0.3,label,minmax,rolling,label_minmax_rolling,190310,173509,159915,13594,0.8983658241815985,0.8914119728659609,0.8972176021542339,3675.5108668714593,0.8959884938873777,0.8375754009121671,3663.2823187318263,3819.363174930116,-0.05841309297521058
icews05_15_distmult,icews05_15,temporal_distmult,filtered,59,0.3,label,minmax,static,label_minmax_static,190310,173509,159915,13594,0.8573064999211812,0.8479329602499006,0.8556756442648529,2181.9580771026285,0.8540161961041803,0.7763719287921141,2163.8278147766,2395.2360600264824,-0.0776442673120662
icews05_15_distmult,icews05_15,temporal_distmult,filtered,59,0.3,label,negscore,expanding,label_negscore_expanding,190310,173509,159915,13594,0.8688298040039935,0.8600533689895049,0.8668871963734189,4301.440956953242,0.8649532564174718,0.8024128291893482,4312.483162930307,4171.5443578049135,-0.06254042722812359
icews05_15_distmult,icews05_15,temporal_distmult,filtered,59,0.3,label,negscore,rolling,label_negscore_rolling,190310,173509,159915,13594,0.8979980032578425,0.8910834596476264,0.8972589295262758,5186.58490337677,0.8964137197886377,0.8283801677210534,5224.857261670262,4736.362439311461,-0.06803355206758432
icews05_15_distmult,icews05_15,temporal_distmult,filtered,59,0.3,label,negscore,static,label_negscore_static,190310,173509,159915,13594,0.8327465713835321,0.8220495766790196,0.8294694605501248,2542.118725829784,0.8262952193352718,0.7721053405914374,2514.4204108432605,2867.951890539944,-0.05418987874383441
icews05_15_distmult,icews05_15,temporal_distmult,filtered,59,0.3,label,softmax,expanding,label_softmax_expanding,190310,173509,159915,13594,0.88122536913457,0.878761332265185,0.8880246615199845,4212.578269715115,0.8933120720382703,0.7075915845225835,4318.515830284839,2966.366338090334,-0.18572048751568682
icews05_15_distmult,icews05_15,temporal_distmult,filtered,59,0.3,label,softmax,rolling,label_softmax_rolling,190310,173509,159915,13594,0.9716515159476643,0.9711772876334945,0.9736324916863103,8525.175587433505,0.975224337929525,0.9235692217154627,8560.432986273958,8110.42003825217,-0.05165511621406227
icews05_15_distmult,icews05_15,temporal_distmult,filtered,59,0.3,label,softmax,static,label_softmax_static,190310,173509,159915,13594,0.8063317744732279,0.8018661856157318,0.8152223676293032,2173.9090767625885,0.8220992402213676,0.5638516992790937,2279.617628114936,930.3911284390172,-0.25824754094227387
icews05_15_distmult,icews05_15,temporal_distmult,filtered,59,0.3,query_max,margin,expanding,query_max_margin_expanding,190310,173509,159915,13594,0.8485155798434134,0.8453567250113827,0.8568951683973095,2806.6433499126847,0.8633148860332052,0.6341032808592026,2940.375805896883,1233.4621156392527,-0.22921160517400252
icews05_15_distmult,icews05_15,temporal_distmult,filtered,59,0.3,query_max,margin,rolling,query_max_margin_rolling,190310,173509,159915,13594,0.900614786401135,0.8990427009549937,0.908141030306307,4120.425084577745,0.9137917018416033,0.7255406797116375,4300.222411906325,2005.3530233926733,-0.1882510221299658
icews05_15_distmult,icews05_15,temporal_distmult,filtered,59,0.3,query_max,margin,static,query_max_margin_static,190310,173509,159915,13594,0.8034102254216804,0.7988000622446098,0.812327222327136,2206.588401754376,0.8191851921333209,0.5589966161541857,2313.117956414345,953.4124613800205,-0.26018857597913514
icews05_15_distmult,icews05_15,temporal_distmult,filtered,71,0.3,label,margin,expanding,label_margin_expanding,190310,173509,159915,13594,0.8485733802742893,0.8475929202519754,0.8595975680224913,3210.474459538122,0.8678485445392865,0.6093129321759599,3360.2585310946442,1448.467706341033,-0.25853561236332656
icews05_15_distmult,icews05_15,temporal_distmult,filtered,71,0.3,label,margin,rolling,label_margin_rolling,190310,173509,159915,13594,0.9002364563081289,0.899688200612072,0.9092320345887884,4544.954284792143,0.9158615514492074,0.7094306311608063,4735.916824563049,2298.5386199794025,-0.20643092028840115
icews05_15_distmult,icews05_15,temporal_distmult,filtered,71,0.3,label,margin,static,label_margin_static,190310,173509,159915,13594,0.7993694498449897,0.7985061293650474,0.8119401664165913,2520.073927000905,0.8213863615045492,0.529351184346035,2641.1783134790358,1095.4448286008533,-0.29203517715851424
icews05_15_distmult,icews05_15,temporal_distmult,filtered,71,0.3,label,minmax,expanding,label_minmax_expanding,190310,173509,159915,13594,0.8806631285796858,0.8727040095902806,0.8801749978046309,2473.9765833472616,0.8794422036707,0.7934382815948212,2492.423462464434,2256.9740326614683,-0.08600392207587881
icews05_15_distmult,icews05_15,temporal_distmult,filtered,71,0.3,label,minmax,rolling,label_minmax_rolling,190310,173509,159915,13594,0.89877042719773,0.8918211735414301,0.8986145929511978,3123.0232495144346,0.8981146233936779,0.8177872590848904,3144.4995341275053,2870.38384581433,-0.08032736430878751
icews05_15_distmult,icews05_15,temporal_distmult,filtered,71,0.3,label,minmax,static,label_minmax_static,190310,173509,159915,13594,0.8563922021964163,0.84707997856019,0.8556579561471238,1857.1997936706452,0.8546853015664572,0.7576136530822422,1870.9165994434543,1695.8401500662058,-0.09707164848421501
icews05_15_distmult,icews05_15,temporal_distmult,filtered,71,0.3,label,negscore,expanding,label_negscore_expanding,190310,173509,159915,13594,0.8679155062792286,0.8590332489957293,0.8660521793277156,3877.062042891147,0.8641840978019573,0.7984404884507871,3906.5555513866743,3530.110857731352,-0.06574360935117018
icews05_15_distmult,icews05_15,temporal_distmult,filtered,71,0.3,label,negscore,rolling,label_negscore_rolling,190310,173509,159915,13594,0.8983290420892228,0.8913543389680074,0.8978111972051769,4710.1627696546,0.8971391051496107,0.8233043989995587,4766.769727667824,4044.258569957334,-0.07383470615005205
icews05_15_distmult,icews05_15,temporal_distmult,filtered,71,0.3,label,negscore,static,label_negscore_static,190310,173509,159915,13594,0.8315485260890126,0.8207528139750676,0.8280279132611,1974.3042724008553,0.8246756089172372,0.7746064440194204,1950.388837820092,2255.636972193615,-0.050069164897816876
icews05_15_distmult,icews05_15,temporal_distmult,filtered,71,0.3,label,softmax,expanding,label_softmax_expanding,190310,173509,159915,13594,0.9351321528033208,0.9344414410779844,0.9400256580624746,6957.772691906472,0.9439264609323703,0.8228630278063852,7022.86592252134,6192.03898778873,-0.12106343312598511
icews05_15_distmult,icews05_15,temporal_distmult,filtered,71,0.3,label,softmax,rolling,label_softmax_rolling,190310,173509,159915,13594,0.9867952288371604,0.9869113417747782,0.9881034989539448,9593.463630128697,0.9891192195854047,0.9609386494041489,9612.938461057436,9364.368618508166,-0.02818057018125586
icews05_15_distmult,icews05_15,temporal_distmult,filtered,71,0.3,label,softmax,static,label_softmax_static,190310,173509,159915,13594,0.8033051337291787,0.802275386291201,0.8155665873323169,2503.3135284048667,0.8247756620704749,0.537590113285273,2624.8318294093738,1073.8152861556568,-0.28718554878520197
icews05_15_distmult,icews05_15,temporal_distmult,filtered,71,0.3,query_max,margin,expanding,query_max_margin_expanding,190310,173509,159915,13594,0.8478219746729021,0.8468263894091949,0.8588569724337898,3197.5316784720103,0.8671169058562361,0.6081359423274975,3346.7662570740704,1441.9889657201707,-0.2589809635287387
icews05_15_distmult,icews05_15,temporal_distmult,filtered,71,0.3,query_max,margin,rolling,query_max_margin_rolling,190310,173509,159915,13594,0.8991697756292365,0.8985528128223896,0.9081889570923282,4509.300918107994,0.9148610199168308,0.7067088421362365,4699.082406278335,2276.778725908489,-0.20815217778059425
icews05_15_distmult,icews05_15,temporal_distmult,filtered,71,0.3,query_max,margin,static,query_max_margin_static,190310,173509,159915,13594,0.7993169039987389,0.798448495467094,0.8118825325186378,2519.5842175333846,0.8213238282837757,0.529351184346035,2640.6692305287183,1095.183021921436,-0.2919726439377407
icews14_continuous_complex,icews14,continuous_tcomplex,filtered,17,0.3,label,margin,expanding,label_margin_expanding,38596,33964,30525,3439,0.8545445123847031,0.8583500176657638,0.8775194091101679,3411.95197856554,0.8954627354627355,0.5289328293108462,3620.8908108108108,1557.3844140738586,-0.3665299061518893
icews14_continuous_complex,icews14,continuous_tcomplex,filtered,17,0.3,label,margin,rolling,label_margin_rolling,38596,33964,30525,3439,0.8981500673644938,0.9007772936049935,0.9164049495863198,4090.8926215993406,0.9301556101556101,0.6400116312881652,4319.746863226863,2059.553358534458,-0.2901439788674449
icews14_continuous_complex,icews14,continuous_tcomplex,filtered,17,0.3,label,margin,static,label_margin_static,38596,33964,30525,3439,0.8223131930770028,0.825962784124367,0.8465717401277633,2973.1759510069487,0.865945945945946,0.4710671706891538,3164.3547583947584,1276.2486187845304,-0.39487877525679216
icews14_continuous_complex,icews14,continuous_tcomplex,filtered,17,0.3,label,minmax,expanding,label_minmax_expanding,38596,33964,30525,3439,0.899419628977096,0.8886173595571782,0.8981506211992905,2494.8211930279117,0.8974610974610975,0.8101192207036929,2578.8228665028664,1749.211689444606,-0.08734187675740457
icews14_continuous_complex,icews14,continuous_tcomplex,filtered,17,0.3,label,minmax,rolling,label_minmax_rolling,38596,33964,30525,3439,0.8986423463571355,0.8877340713696855,0.8974782239084147,2492.000412201154,0.8968714168714169,0.8066298342541437,2575.389058149058,1751.8322186682176,-0.09024158261727322
icews14_continuous_complex,icews14,continuous_tcomplex,filtered,17,0.3,label,minmax,static,label_minmax_static,38596,33964,30525,3439,0.8962845890765883,0.88520197856554,0.89501789242765,2429.12148156872,0.8943488943488943,0.8040127944169817,2513.9087305487305,1676.5391102064555,-0.0903360999319126
icews14_continuous_complex,icews14,continuous_tcomplex,filtered,17,0.3,label,negscore,expanding,label_negscore_expanding,38596,33964,30525,3439,0.8966214115452379,0.8851136497467907,0.8926101726758304,3195.8669179130843,0.8894676494676494,0.8464669962198313,3272.53981981982,2515.308519918581,-0.0430006532478181
icews14_continuous_complex,icews14,continuous_tcomplex,filtered,17,0.3,label,negscore,rolling,label_negscore_rolling,38596,33964,30525,3439,0.8988496217224583,0.8876162996113532,0.8948797326020268,3261.687227652809,0.8917608517608517,0.850828729281768,3338.004684684685,2584.28380343123,-0.04093212247908373
icews14_continuous_complex,icews14,continuous_tcomplex,filtered,17,0.3,label,negscore,static,label_negscore_static,38596,33964,30525,3439,0.8936677375893876,0.8818749263926511,0.8894008922612738,3105.938493699211,0.8860606060606061,0.8447223029950567,3178.258247338247,2464.0191916254726,-0.04133830306554942
icews14_continuous_complex,icews14,continuous_tcomplex,filtered,17,0.3,label,softmax,expanding,label_softmax_expanding,38596,33964,30525,3439,0.8793657373821121,0.8831115298551407,0.8999205157468319,3948.923890001178,0.9158067158067158,0.5929049142192497,4159.276723996724,2081.8054667054375,-0.32290180158746606
icews14_continuous_complex,icews14,continuous_tcomplex,filtered,17,0.3,label,softmax,rolling,label_softmax_rolling,38596,33964,30525,3439,0.9669654886516738,0.968231068189848,0.9740211157285116,6159.886674125545,0.9792301392301392,0.8706019191625473,6253.5214086814085,5328.772899098575,-0.10862822006759199
icews14_continuous_complex,icews14,continuous_tcomplex,filtered,17,0.3,label,softmax,static,label_softmax_static,38596,33964,30525,3439,0.823349569903617,0.826963844070192,0.8477378908419648,2953.666823695678,0.8669287469287469,0.47223029950567025,3146.267583947584,1244.1180575748765,-0.39469844742307664
icews14_continuous_complex,icews14,continuous_tcomplex,filtered,17,0.3,query_max,margin,expanding,query_max_margin_expanding,38596,33964,30525,3439,0.8507876463882268,0.8546696502178778,0.8740011881367001,3348.9119067247675,0.8921867321867322,0.5216632742076185,3556.175561015561,1509.2134341378307,-0.3705234579791137
icews14_continuous_complex,icews14,continuous_tcomplex,filtered,17,0.3,query_max,margin,rolling,query_max_margin_rolling,38596,33964,30525,3439,0.8926572701834387,0.8953597927217053,0.9115578032532057,3998.2388705688377,0.9259295659295659,0.6240186100610643,4226.325798525799,1973.7103809246873,-0.3019109558685016
icews14_continuous_complex,icews14,continuous_tcomplex,filtered,17,0.3,query_max,margin,static,query_max_margin_static,38596,33964,30525,3439,0.8158358379106643,0.8197797668119186,0.8406347115653076,2897.2475856789542,0.8605077805077805,0.4582727537074731,3085.670466830467,1224.7822041291072,-0.4022350268003074
icews14_continuous_complex,icews14,continuous_tcomplex,filtered,29,0.3,label,margin,expanding,label_margin_expanding,38596,33964,30525,3439,0.8566172660379314,0.8620303851136497,0.8806498190097694,3405.9159404074903,0.8988697788697789,0.5350392555975574,3617.5881408681407,1527.0866530968306,-0.36383052327222154
icews14_continuous_complex,icews14,continuous_tcomplex,filtered,29,0.3,label,margin,rolling,label_margin_rolling,38596,33964,30525,3439,0.8992123536117732,0.9030149570133083,0.9194500450633674,4087.8295253798137,0.9344144144144144,0.6243093922651933,4321.1623587223585,2016.7377144518755,-0.3101050221492211
icews14_continuous_complex,icews14,continuous_tcomplex,filtered,29,0.3,label,margin,static,label_margin_static,38596,33964,30525,3439,0.8184785988185305,0.8237840065952184,0.8443036523485459,2911.4076080555883,0.8643079443079443,0.46408839779005523,3102.8278132678133,1212.3375981389938,-0.4002195465178891
icews14_continuous_complex,icews14,continuous_tcomplex,filtered,29,0.3,label,minmax,expanding,label_minmax_expanding,38596,33964,30525,3439,0.9014146543683283,0.890913908844659,0.9011146022025188,2331.568572606289,0.900966420966421,0.8016865367839489,2418.430335790336,1560.5725501599302,-0.09927988418247213
icews14_continuous_complex,icews14,continuous_tcomplex,filtered,29,0.3,label,minmax,rolling,label_minmax_rolling,38596,33964,30525,3439,0.8999896362317339,0.8892651042280061,0.8997847627646827,2316.934401130609,0.8996560196560196,0.797034021517883,2403.2183783783785,1551.0668799069497,-0.10262199813813655
icews14_continuous_complex,icews14,continuous_tcomplex,filtered,29,0.3,label,minmax,static,label_minmax_static,38596,33964,30525,3439,0.8997046326044149,0.8891178895300906,0.8994662883015256,2295.231774820398,0.8993939393939394,0.7979063681302704,2381.929565929566,1525.6911892992148,-0.10148757126366903
icews14_continuous_complex,icews14,continuous_tcomplex,filtered,29,0.3,label,negscore,expanding,label_negscore_expanding,38596,33964,30525,3439,0.8991087159291118,0.8875279707926039,0.8950751075368317,3147.527735249087,0.892055692055692,0.8473393428322187,3224.220016380016,2466.797324803722,-0.04471634922347334
icews14_continuous_complex,icews14,continuous_tcomplex,filtered,29,0.3,label,negscore,rolling,label_negscore_rolling,38596,33964,30525,3439,0.9001969115970567,0.888882346013426,0.8963980769554318,3167.0175479919917,0.8935298935298935,0.8476301250363478,3242.917968877969,2493.315789473684,-0.04589976849354571
icews14_continuous_complex,icews14,continuous_tcomplex,filtered,29,0.3,label,negscore,static,label_negscore_static,38596,33964,30525,3439,0.8956368535599544,0.8837298315863856,0.8914133872840149,3051.4713520197856,0.8882555282555282,0.8435591741785403,3123.9952825552828,2407.7397499273043,-0.04469635407698791
icews14_continuous_complex,icews14,continuous_tcomplex,filtered,29,0.3,label,softmax,expanding,label_softmax_expanding,38596,33964,30525,3439,0.8770338895222303,0.8810799670239077,0.8981230943875215,3851.2775585914496,0.9141359541359542,0.5876708345449259,4063.2601146601146,1969.6935155568478,-0.3264651195910283
icews14_continuous_complex,icews14,continuous_tcomplex,filtered,29,0.3,label,softmax,rolling,label_softmax_rolling,38596,33964,30525,3439,0.9691936988288942,0.9709103756919091,0.9767193975694152,6197.239547756448,0.9822440622440622,0.8703111369584181,6294.685438165438,5332.297470194824,-0.11193292528564414
icews14_continuous_complex,icews14,continuous_tcomplex,filtered,29,0.3,label,softmax,static,label_softmax_static,38596,33964,30525,3439,0.8209918126230697,0.8261688847014486,0.8464785041524168,2893.9685254975857,0.8661752661752662,0.4710671706891538,3085.4774119574117,1194.1113695841814,-0.39510809548611237
icews14_continuous_complex,icews14,continuous_tcomplex,filtered,29,0.3,query_max,margin,expanding,query_max_margin_expanding,38596,33964,30525,3439,0.851824023214841,0.8572606289011895,0.8762134896552741,3329.5649216817806,0.8948075348075348,0.5239895318406513,3538.48248976249,1475.1861006106426,-0.3708180029668835
icews14_continuous_complex,icews14,continuous_tcomplex,filtered,29,0.3,query_max,margin,rolling,query_max_margin_rolling,38596,33964,30525,3439,0.8911286143641828,0.8953597927217053,0.9121064123643411,3949.6967966081734,0.9277313677313678,0.6080255888339634,4179.943128583129,1906.0011631288164,-0.31970577889740437
icews14_continuous_complex,icews14,continuous_tcomplex,filtered,29,0.3,query_max,margin,static,query_max_margin_static,38596,33964,30525,3439,0.8135039900507824,0.8188375927452597,0.8394232047037007,2851.2192026851963,0.8594922194922195,0.457981971503344,3040.354856674857,1172.4271590578658,-0.4015102479888755
icews14_continuous_complex,icews14,continuous_tcomplex,filtered,43,0.3,label,margin,expanding,label_margin_expanding,38596,33964,30525,3439,0.8567727225619235,0.8617359557178189,0.8805412526373562,3422.046549287481,0.8985094185094185,0.5353300378016865,3632.324062244062,1555.596685082873,-0.3631793807077319
icews14_continuous_complex,icews14,continuous_tcomplex,filtered,43,0.3,label,margin,rolling,label_margin_rolling,38596,33964,30525,3439,0.8984091615711473,0.9018666823695678,0.9182768800017947,4064.953597927217,0.933071253071253,0.6248909566734516,4293.37733005733,2037.4355917417854,-0.3081802963978014
icews14_continuous_complex,icews14,continuous_tcomplex,filtered,43,0.3,label,margin,static,label_margin_static,38596,33964,30525,3439,0.8174681314125816,0.8213696855494053,0.8426793587729129,2921.3011718289954,0.8621130221130221,0.45972666472811863,3110.88,1238.5754579819716,-0.40238635738490347
icews14_continuous_complex,icews14,continuous_tcomplex,filtered,43,0.3,label,minmax,expanding,label_minmax_expanding,38596,33964,30525,3439,0.9009482847963519,0.8906783653279944,0.901031075387011,2391.851902013897,0.9011302211302211,0.7979063681302704,2474.9770352170353,1654.022681011922,-0.10322385299995074
icews14_continuous_complex,icews14,continuous_tcomplex,filtered,43,0.3,label,minmax,rolling,label_minmax_rolling,38596,33964,30525,3439,0.8997305420250803,0.8891767754092569,0.8996472572266059,2399.3165704863973,0.8996232596232596,0.7964524571096249,2483.9499754299754,1648.0997382960163,-0.10317080251363475
icews14_continuous_complex,icews14,continuous_tcomplex,filtered,43,0.3,label,minmax,static,label_minmax_static,38596,33964,30525,3439,0.9007669188516945,0.8903839359321635,0.9007832639788534,2392.039100223766,0.9008353808353808,0.7976155859261413,2475.6475020475023,1649.9203256760686,-0.10321979490923949
icews14_continuous_complex,icews14,continuous_tcomplex,filtered,43,0.3,label,negscore,expanding,label_negscore_expanding,38596,33964,30525,3439,0.8979427919991709,0.8866152396655282,0.894370603421363,3211.183341184784,0.8916298116298116,0.8421052631578947,3293.5718263718263,2479.892701366676,-0.049524548471916896
icews14_continuous_complex,icews14,continuous_tcomplex,filtered,43,0.3,label,negscore,rolling,label_negscore_rolling,38596,33964,30525,3439,0.8988755311431237,0.8877046284301024,0.8951932064389372,3253.167177010953,0.8922850122850123,0.8470485606280895,3334.7654054054055,2528.8909566734515,-0.045236451656922805
icews14_continuous_complex,icews14,continuous_tcomplex,filtered,43,0.3,label,negscore,static,label_negscore_static,38596,33964,30525,3439,0.8954554876152969,0.883877046284301,0.8917173038492671,3129.011070545283,0.8888124488124488,0.840069787728991,3207.9177067977066,2428.625763303286,-0.04874266108345782
icews14_continuous_complex,icews14,continuous_tcomplex,filtered,43,0.3,label,softmax,expanding,label_softmax_expanding,38596,33964,30525,3439,0.8701419836252461,0.8744553056177129,0.8923005194108421,3665.126486868449,0.9090581490581491,0.5673160802558883,3877.6766257166255,1778.504507124164,-0.34174206880226077
icews14_continuous_complex,icews14,continuous_tcomplex,filtered,43,0.3,label,softmax,rolling,label_softmax_rolling,38596,33964,30525,3439,0.9587781117214219,0.9607525615357437,0.9683497045424381,5871.484218584384,0.9753972153972154,0.8307647571968596,5995.4457002457,4771.186391392846,-0.14463245820035575
icews14_continuous_complex,icews14,continuous_tcomplex,filtered,43,0.3,label,softmax,static,label_softmax_static,38596,33964,30525,3439,0.8198258886931288,0.8234895771993875,0.8447874732470619,2897.1733894712047,0.863980343980344,0.46408839779005523,3087.620606060606,1206.7397499273045,-0.3998919461902887
icews14_continuous_complex,icews14,continuous_tcomplex,filtered,43,0.3,query_max,margin,expanding,query_max_margin_expanding,38596,33964,30525,3439,0.8513058348015339,0.8560240254386998,0.8753701844848959,3338.3753385938053,0.8935954135954136,0.5225356208200058,3546.40628992629,1491.8662401861006,-0.3710597927754078
icews14_continuous_complex,icews14,continuous_tcomplex,filtered,43,0.3,query_max,margin,rolling,query_max_margin_rolling,38596,33964,30525,3439,0.8907140636335371,0.8947709339300436,0.9118285257219129,3928.1920562949003,0.9276658476658477,0.6027915091596394,4154.690745290745,1917.7609770282058,-0.3248743385062083
icews14_continuous_complex,icews14,continuous_tcomplex,filtered,43,0.3,query_max,margin,static,query_max_margin_static,38596,33964,30525,3439,0.8123380661208416,0.8161582852431987,0.8379142499264065,2860.9384348133317,0.8577231777231777,0.447223029950567,3048.240687960688,1198.4198895027625,-0.41050014777261074
icews14_continuous_complex,icews14,continuous_tcomplex,filtered,59,0.3,label,margin,expanding,label_margin_expanding,38596,33964,30525,3439,0.859519121152451,0.8631492168178071,0.8825012080952195,3451.9841596985043,0.9002784602784603,0.5335853445769119,3666.034037674038,1552.0503053213142,-0.3666931157015484
icews14_continuous_complex,icews14,continuous_tcomplex,filtered,59,0.3,label,margin,rolling,label_margin_rolling,38596,33964,30525,3439,0.8984091615711473,0.901955011188317,0.9182307760971935,4123.635378636203,0.9329402129402129,0.6269264321023553,4355.465061425061,2065.8857225937772,-0.3060137808378576
icews14_continuous_complex,icews14,continuous_tcomplex,filtered,59,0.3,label,margin,static,label_margin_static,38596,33964,30525,3439,0.8245673126748886,0.8277588034389354,0.8483876079973073,3011.196472735838,0.8672563472563473,0.4771735969758651,3206.658312858313,1276.252398953184,-0.39008275028048217
icews14_continuous_complex,icews14,continuous_tcomplex,filtered,59,0.3,label,minmax,expanding,label_minmax_expanding,38596,33964,30525,3439,0.9017773862576433,0.890913908844659,0.9014282279276097,2498.371187139324,0.9013267813267813,0.7984879325385287,2588.302440622441,1700.1299796452456,-0.10283884878825267
icews14_continuous_complex,icews14,continuous_tcomplex,filtered,59,0.3,label,minmax,rolling,label_minmax_rolling,38596,33964,30525,3439,0.8992382630324386,0.8881168295842657,0.8986983299777729,2450.055352726416,0.8982800982800982,0.7979063681302704,2539.656805896806,1654.7414946205292,-0.10037373014982787
icews14_continuous_complex,icews14,continuous_tcomplex,filtered,59,0.3,label,minmax,static,label_minmax_static,38596,33964,30525,3439,0.9019328427816354,0.8910611235425745,0.9015739704785458,2508.0714874573077,0.9014578214578215,0.7987787147426577,2598.3544635544636,1706.7083454492586,-0.10267910671516378
icews14_continuous_complex,icews14,continuous_tcomplex,filtered,59,0.3,label,negscore,expanding,label_negscore_expanding,38596,33964,30525,3439,0.8972691470618717,0.8860263808738664,0.89374580554948,3235.1390884465904,0.8911384111384112,0.8406513521372492,3317.839312039312,2501.0814190171563,-0.050487059001162016
icews14_continuous_complex,icews14,continuous_tcomplex,filtered,59,0.3,label,negscore,rolling,label_negscore_rolling,38596,33964,30525,3439,0.8986682557778009,0.8876162996113532,0.895271720944492,3299.682428453657,0.8927764127764127,0.8418144809537657,3382.972416052416,2560.389938935737,-0.05096193182264708
icews14_continuous_complex,icews14,continuous_tcomplex,filtered,59,0.3,label,negscore,static,label_negscore_static,38596,33964,30525,3439,0.8957404912426158,0.8842892474384643,0.8921313510290073,3178.1413555529384,0.8894676494676494,0.8383250945042163,3258.5444062244064,2464.4736842105262,-0.05114255496343312
icews14_continuous_complex,icews14,continuous_tcomplex,filtered,59,0.3,label,softmax,expanding,label_softmax_expanding,38596,33964,30525,3439,0.8838998859985491,0.8868213402426098,0.9040913651803122,4002.6917618655048,0.9196068796068796,0.5958127362605409,4215.805503685504,2111.067170689154,-0.3237941433463387
icews14_continuous_complex,icews14,continuous_tcomplex,filtered,59,0.3,label,softmax,rolling,label_softmax_rolling,38596,33964,30525,3439,0.976940615607835,0.9785655399835119,0.9827614860178752,6457.857496172418,0.9867649467649467,0.9057865658621692,6527.29316953317,5841.537656295434,-0.08097838090277754
icews14_continuous_complex,icews14,continuous_tcomplex,filtered,59,0.3,label,softmax,static,label_softmax_static,38596,33964,30525,3439,0.8265623380661209,0.8294959368743375,0.8501759861680314,2996.381580496997,0.8686977886977887,0.4815353300378017,3192.1742178542177,1258.5013085199187,-0.387162458659987
icews14_continuous_complex,icews14,continuous_tcomplex,filtered,59,0.3,query_max,margin,expanding,query_max_margin_expanding,38596,33964,30525,3439,0.8544408747020417,0.8581733600282653,0.8777339054610578,3375.111294311624,0.8958558558558558,0.5236987496365223,3586.632628992629,1497.6211107880197,-0.3721571062193335
icews14_continuous_complex,icews14,continuous_tcomplex,filtered,59,0.3,query_max,margin,rolling,query_max_margin_rolling,38596,33964,30525,3439,0.8912063426261789,0.8946237192321281,0.9116597429023822,3988.374720292074,0.927076167076167,0.6065716778133178,4218.834823914824,1942.781622564699,-0.32050448926284925
icews14_continuous_complex,icews14,continuous_tcomplex,filtered,59,0.3,query_max,margin,static,query_max_margin_static,38596,33964,30525,3439,0.8200331640584516,0.8231362619243905,0.8439316293981182,2959.09745613002,0.8628992628992629,0.4701948240767665,3152.3842096642097,1243.4597266647281,-0.3927044388224964
icews14_continuous_complex,icews14,continuous_tcomplex,filtered,71,0.3,label,margin,expanding,label_margin_expanding,38596,33964,30525,3439,0.8506321898642346,0.853756919090802,0.8726270509577836,3347.137792957249,0.8898935298935299,0.5330037801686537,3557.475282555283,1480.155568479209,-0.3568897497248762
icews14_continuous_complex,icews14,continuous_tcomplex,filtered,71,0.3,label,margin,rolling,label_margin_rolling,38596,33964,30525,3439,0.9000155456523992,0.902602755859145,0.9183753502775113,4098.699917559769,0.9322850122850123,0.6391392846757779,4329.543194103194,2049.705728409421,-0.2931457276092344
icews14_continuous_complex,icews14,continuous_tcomplex,filtered,71,0.3,label,margin,static,label_margin_static,38596,33964,30525,3439,0.8102134936262825,0.8129784477682251,0.8337993558236705,2857.406577552703,0.8523177723177723,0.46379761558592614,3047.7912203112205,1167.5283512649025,-0.38852015673184614
icews14_continuous_complex,icews14,continuous_tcomplex,filtered,71,0.3,label,minmax,expanding,label_minmax_expanding,38596,33964,30525,3439,0.901829205098974,0.8914438817571546,0.9010858486016006,2616.5109822164645,0.9004750204750205,0.8112823495202094,2701.8178214578215,1859.3166618202965,-0.08919267095481109
icews14_continuous_complex,icews14,continuous_tcomplex,filtered,71,0.3,label,minmax,rolling,label_minmax_rolling,38596,33964,30525,3439,0.8990050782464504,0.8881462725238488,0.8979258500597272,2558.3435991049346,0.897067977067977,0.8089560918871765,2643.559868959869,1801.9531840651352,-0.08811188518080049
icews14_continuous_complex,icews14,continuous_tcomplex,filtered,71,0.3,label,minmax,static,label_minmax_static,38596,33964,30525,3439,0.9007151000103638,0.8903250500529973,0.8999024527370717,2589.352844187964,0.8992301392301393,0.8112823495202094,2674.7775593775596,1831.1122419307937,-0.08794778970992989
icews14_continuous_complex,icews14,continuous_tcomplex,filtered,71,0.3,label,negscore,expanding,label_negscore_expanding,38596,33964,30525,3439,0.8986164369364701,0.8870863266988576,0.894827109189375,3195.211429749146,0.8917936117936118,0.8453038674033149,3267.1989516789517,2556.241058447223,-0.04648974439029696
icews14_continuous_complex,icews14,continuous_tcomplex,filtered,71,0.3,label,negscore,rolling,label_negscore_rolling,38596,33964,30525,3439,0.8992123536117732,0.8877929572488518,0.8953448142103777,3214.5147803556706,0.8921539721539722,0.8490840360569933,3283.711384111384,2600.316952602501,-0.043069936096978845
icews14_continuous_complex,icews14,continuous_tcomplex,filtered,71,0.3,label,negscore,static,label_negscore_static,38596,33964,30525,3439,0.8963882267592497,0.8846425627134613,0.8924226024567562,3142.139971734778,0.8892383292383292,0.8438499563826694,3211.792072072072,2523.899098575167,-0.045388372855659886
icews14_continuous_complex,icews14,continuous_tcomplex,filtered,71,0.3,label,softmax,expanding,label_softmax_expanding,38596,33964,30525,3439,0.8827598714892735,0.8860263808738664,0.9022124499703701,4032.5920680720765,0.9168877968877969,0.6120965396917709,4242.826928746928,2166.520790927595,-0.30479125719602596
icews14_continuous_complex,icews14,continuous_tcomplex,filtered,71,0.3,label,softmax,rolling,label_softmax_rolling,38596,33964,30525,3439,0.9693750647735516,0.9711459192085737,0.9763095798913136,6182.18360617124,0.9812612612612612,0.8813608607153243,6286.254709254709,5258.435300959582,-0.09990040054593696
icews14_continuous_complex,icews14,continuous_tcomplex,filtered,71,0.3,label,softmax,static,label_softmax_static,38596,33964,30525,3439,0.8096693957923101,0.8123895889765634,0.8331943968848875,2818.5203156283123,0.8514004914004915,0.466123873218959,3007.753185913186,1138.8653678394883,-0.38527661818153247
icews14_continuous_complex,icews14,continuous_tcomplex,filtered,71,0.3,query_max,margin,expanding,query_max_margin_expanding,38596,33964,30525,3439,0.8466162296611047,0.8497821222470852,0.8691215652240561,3291.747938994229,0.8866502866502867,0.5225356208200058,3500.249303849304,1441.0633905205002,-0.36411466583028085
icews14_continuous_complex,icews14,continuous_tcomplex,filtered,71,0.3,query_max,margin,rolling,query_max_margin_rolling,38596,33964,30525,3439,0.8924499948181158,0.894888705688376,0.9112976414803349,3985.2695501118833,0.9257002457002457,0.6214015702239023,4214.877117117117,1947.2436754870603,-0.30429867547634337
icews14_continuous_complex,icews14,continuous_tcomplex,filtered,71,0.3,query_max,margin,static,query_max_margin_static,38596,33964,30525,3439,0.8057052544305109,0.8085031209515958,0.8296032929522456,2806.2600105994584,0.8483865683865683,0.4544925850537947,2994.4555937755936,1135.8121546961327,-0.39389398333277365
icews14_distmult,icews14,temporal_distmult,filtered,17,0.3,label,margin,expanding,label_margin_expanding,38596,33964,30525,3439,0.8595709399937818,0.8644741490990461,0.8814471975929696,3544.635673065599,0.897952497952498,0.5673160802558883,3753.063783783784,1694.601337598139,-0.3306364176966097
icews14_distmult,icews14,temporal_distmult,filtered,17,0.3,label,margin,rolling,label_margin_rolling,38596,33964,30525,3439,0.8993678101357654,0.9027205276174773,0.9175913179231572,4195.600223766341,0.9308108108108109,0.6533876126781041,4421.056216216216,2194.424251235824,-0.27742319813270677
icews14_distmult,icews14,temporal_distmult,filtered,17,0.3,label,margin,static,label_margin_static,38596,33964,30525,3439,0.8247745880402114,0.8301731244847486,0.8488211257297644,3097.174655517607,0.8674529074529075,0.49927304448967724,3289.989615069615,1385.7246292526897,-0.36817986296323024
icews14_distmult,icews14,temporal_distmult,filtered,17,0.3,label,minmax,expanding,label_minmax_expanding,38596,33964,30525,3439,0.9032024043942377,0.8930338004946414,0.9019702323083671,2513.8776057001533,0.9011302211302211,0.821168944460599,2576.997805077805,1953.6147135795288,-0.07996127666962216
icews14_distmult,icews14,temporal_distmult,filtered,17,0.3,label,minmax,rolling,label_minmax_rolling,38596,33964,30525,3439,0.8997564514457457,0.8893828759863385,0.8983953687273205,2425.4406135908607,0.8973628173628173,0.8185519046234371,2490.1798853398855,1850.8066298342542,-0.07881091273938023
icews14_distmult,icews14,temporal_distmult,filtered,17,0.3,label,minmax,static,label_minmax_static,38596,33964,30525,3439,0.9021401181469583,0.891914968790484,0.9009289336784453,2502.103256389118,0.9000819000819,0.8194242512358244,2566.18303030303,1933.3230590287874,-0.08065764884607562
icews14_distmult,icews14,temporal_distmult,filtered,17,0.3,label,negscore,expanding,label_negscore_expanding,38596,33964,30525,3439,0.9007410094310291,0.8897950771405017,0.8971119280358475,3212.370274408197,0.8941523341523342,0.851119511485897,3295.721670761671,2472.5327129979646,-0.043032822666437154
icews14_distmult,icews14,temporal_distmult,filtered,17,0.3,label,negscore,rolling,label_negscore_rolling,38596,33964,30525,3439,0.8991087159291118,0.8879990578259334,0.8954329794572404,3196.807502061006,0.8924815724815724,0.848211689444606,3278.378443898444,2472.7734806629833,-0.04426988303696644
icews14_distmult,icews14,temporal_distmult,filtered,17,0.3,label,negscore,static,label_negscore_static,38596,33964,30525,3439,0.9023733029329464,0.8915910964550701,0.898882710545059,3262.3159227417264,0.896052416052416,0.8519918580982844,3347.8386895986896,2503.205001453911,-0.04406055795413166
icews14_distmult,icews14,temporal_distmult,filtered,17,0.3,label,softmax,expanding,label_softmax_expanding,38596,33964,30525,3439,0.9056119805161157,0.9089329878695089,0.9217099968594198,4567.021640560593,0.9337592137592138,0.688572259377726,4754.611662571662,2901.948822332073,-0.24518695438148774
icews14_distmult,icews14,temporal_distmult,filtered,17,0.3,label,softmax,rolling,label_softmax_rolling,38596,33964,30525,3439,0.9792206446263861,0.9803321163584973,0.983842135370224,6556.250824402308,0.9873873873873874,0.9177086362314626,6616.566945126945,6020.877289909858,-0.06967875115592481
icews14_distmult,icews14,temporal_distmult,filtered,17,0.3,label,softmax,static,label_softmax_static,38596,33964,30525,3439,0.8257591460254948,0.8307619832764103,0.8496256190027536,3058.407549169709,0.868075348075348,0.49956382669380633,3250.6201474201475,1352.304158185519,-0.3685115213815417
icews14_distmult,icews14,temporal_distmult,filtered,17,0.3,query_max,margin,expanding,query_max_margin_expanding,38596,33964,30525,3439,0.8541299616540574,0.8593805205511719,0.8768688204877996,3460.241255446944,0.8941850941850942,0.5504507124164001,3665.68819000819,1636.6682175050887,-0.3437343817686941
icews14_distmult,icews14,temporal_distmult,filtered,17,0.3,query_max,margin,rolling,query_max_margin_rolling,38596,33964,30525,3439,0.8907140636335371,0.8947414909904605,0.9099148892862998,4038.098309975268,0.9241277641277641,0.6339052050014539,4261.57447993448,2054.495492875836,-0.29022255912631023
icews14_distmult,icews14,temporal_distmult,filtered,17,0.3,query_max,margin,static,query_max_margin_static,38596,33964,30525,3439,0.8176235879365737,0.8233423625014722,0.8423904372136324,3007.6509539512426,0.8616871416871417,0.4829892410584472,3197.4930057330057,1322.5888339633614,-0.37869790062869446
icews14_distmult,icews14,temporal_distmult,filtered,29,0.3,label,margin,expanding,label_margin_expanding,38596,33964,30525,3439,0.8520053891594984,0.8519903427158168,0.8707859792721705,3249.700712519138,0.8854381654381654,0.5551032276824658,3445.7436527436525,1509.598720558302,-0.33033493775569966
icews14_distmult,icews14,temporal_distmult,filtered,29,0.3,label,margin,rolling,label_margin_rolling,38596,33964,30525,3439,0.8990050782464504,0.8994523613237546,0.9151521078340652,4072.96113531975,0.9275348075348075,0.6501890084326839,4292.330614250614,2125.8098284384996,-0.27734579910212365
icews14_distmult,icews14,temporal_distmult,filtered,29,0.3,label,margin,static,label_margin_static,38596,33964,30525,3439,0.8084775624417038,0.8078553762807679,0.8283335015787023,2725.897538570251,0.8441277641277641,0.4858970630997383,2900.0079934479936,1180.4710671706891,-0.35823070102802584
icews14_distmult,icews14,temporal_distmult,filtered,29,0.3,label,minmax,expanding,label_minmax_expanding,38596,33964,30525,3439,0.9007151000103638,0.8905900365092451,0.9000395493454322,2613.494788599694,0.8996560196560196,0.8101192207036929,2657.520262080262,2222.7191043908115,-0.08953679895232669
icews14_distmult,icews14,temporal_distmult,filtered,29,0.3,label,minmax,rolling,label_minmax_rolling,38596,33964,30525,3439,0.8990050782464504,0.8884995877988459,0.8979314348712829,2576.159404074903,0.8972317772317773,0.8109915673160802,2619.9491564291566,2187.4760104681595,-0.08624020991569703
icews14_distmult,icews14,temporal_distmult,filtered,29,0.3,label,minmax,static,label_minmax_static,38596,33964,30525,3439,0.8993419007151,0.8890884465905076,0.8986073606414261,2579.5340065952187,0.8981818181818182,0.8083745274789182,2623.646420966421,2187.98662401861,-0.08980729070289994
icews14_distmult,icews14,temporal_distmult,filtered,29,0.3,label,negscore,expanding,label_negscore_expanding,38596,33964,30525,3439,0.9000155456523992,0.8891473324696738,0.8972891815423614,3386.2078082675775,0.8952006552006552,0.8354172724629253,3436.215561015561,2942.332654841524,-0.05978338273772987
icews14_distmult,icews14,temporal_distmult,filtered,29,0.3,label,negscore,rolling,label_negscore_rolling,38596,33964,30525,3439,0.899264172453104,0.888205158403015,0.8963067687916056,3373.579024849841,0.893955773955774,0.8371619656877,3418.452285012285,2975.2782785693516,-0.05679380826807401
icews14_distmult,icews14,temporal_distmult,filtered,29,0.3,label,negscore,static,label_negscore_static,38596,33964,30525,3439,0.8978132448958441,0.8867330114238605,0.8950215844788039,3336.828259333412,0.8928419328419328,0.8325094504216342,3384.997837837838,2909.2689735388194,-0.06033248242029865
icews14_distmult,icews14,temporal_distmult,filtered,29,0.3,label,softmax,expanding,label_softmax_expanding,38596,33964,30525,3439,0.8673437661933879,0.8674478859969379,0.8851052024272198,3545.546195972206,0.8991973791973792,0.585635359116022,3748.3891564291566,1745.0863623146263,-0.31356202008135714
icews14_distmult,icews14,temporal_distmult,filtered,29,0.3,label,softmax,rolling,label_softmax_rolling,38596,33964,30525,3439,0.9621463364079179,0.9631668825815569,0.9699872460663298,5996.75,0.9755610155610156,0.8531549869148009,6111.66208026208,4976.775806920617,-0.12240602864621475
icews14_distmult,icews14,temporal_distmult,filtered,29,0.3,label,softmax,static,label_softmax_static,38596,33964,30525,3439,0.8124676132241683,0.812242374278648,0.8324880405583504,2731.1349958779883,0.8483865683865683,0.4914219249781913,2907.1848648648647,1168.4940389648154,-0.356964643408377
icews14_distmult,icews14,temporal_distmult,filtered,29,0.3,query_max,margin,expanding,query_max_margin_expanding,38596,33964,30525,3439,0.849777178982278,0.8496643504887528,0.8685826659600362,3216.8216346720055,0.8833087633087633,0.5510322768246584,3411.8426863226864,1485.7900552486187,-0.3322764864841049
icews14_distmult,icews14,temporal_distmult,filtered,29,0.3,query_max,margin,rolling,query_max_margin_rolling,38596,33964,30525,3439,0.8937713752720489,0.894211518077965,0.9103217131865111,3981.906989753857,0.9230794430794431,0.6379761558592614,4201.237837837838,2035.0985751671997,-0.28510328722018174
icews14_distmult,icews14,temporal_distmult,filtered,29,0.3,query_max,margin,static,query_max_margin_static,38596,33964,30525,3439,0.805420250803192,0.8047344246849606,0.8253268867316094,2692.527381933812,0.8411793611793612,0.4812445478336726,2865.2883865683866,1159.078801977319,-0.3599348133456886
icews14_distmult,icews14,temporal_distmult,filtered,43,0.3,label,margin,expanding,label_margin_expanding,38596,33964,30525,3439,0.863172349466266,0.8662996113531976,0.8835851989875367,3461.091508656224,0.8988042588042588,0.5777842396045362,3661.6633906633906,1680.7900552486187,-0.3210200191997227
icews14_distmult,icews14,temporal_distmult,filtered,43,0.3,label,margin,rolling,label_margin_rolling,38596,33964,30525,3439,0.8992382630324386,0.9021905547049818,0.9169589256422548,4083.3875574137323,0.9297952497952497,0.6571677813317824,4301.768648648648,2145.0093050305322,-0.2726274684634673
icews14_distmult,icews14,temporal_distmult,filtered,43,0.3,label,margin,static,label_margin_static,38596,33964,30525,3439,0.8242045807855737,0.8281710045930986,0.8469949858206542,2993.4061653515487,0.8644389844389845,0.5062518173887758,3175.8593611793613,1373.9284675777842,-0.3581871670502087
icews14_distmult,icews14,temporal_distmult,filtered,43,0.3,label,minmax,expanding,label_minmax_expanding,38596,33964,30525,3439,0.9025805782982692,0.891885525850901,0.9007929848223983,2170.2332764103166,0.8994594594594595,0.8246583309101483,2230.515806715807,1635.157894736842,-0.0748011285493112
icews14_distmult,icews14,temporal_distmult,filtered,43,0.3,label,minmax,rolling,label_minmax_rolling,38596,33964,30525,3439,0.8995750855010882,0.8887351313155105,0.8979530029928982,2143.212136379696,0.8968386568386568,0.8168072113986624,2205.972841932842,1586.1401570223902,-0.08003144543999441
icews14_distmult,icews14,temporal_distmult,filtered,43,0.3,label,minmax,static,label_minmax_static,38596,33964,30525,3439,0.901466473209659,0.8906489223884113,0.8997523872148474,2142.0596219526556,0.8984766584766585,0.821168944460599,2203.411236691237,1597.4949113114278,-0.07730771401605951
icews14_distmult,icews14,temporal_distmult,filtered,43,0.3,label,negscore,expanding,label_negscore_expanding,38596,33964,30525,3439,0.9024510311949425,0.8914733246967377,0.8988423082890754,3076.3003179837474,0.895986895986896,0.8514102936900262,3157.1689434889436,2358.5001453911023,-0.04457660229686977
icews14_distmult,icews14,temporal_distmult,filtered,43,0.3,label,negscore,rolling,label_negscore_rolling,38596,33964,30525,3439,0.8995491760804228,0.8883523731009304,0.8959608259352105,2974.83685667177,0.8931040131040131,0.8461762140157022,3049.208353808354,2314.7060191916253,-0.046927799088310906
icews14_distmult,icews14,temporal_distmult,filtered,43,0.3,label,negscore,static,label_negscore_static,38596,33964,30525,3439,0.9026842159809306,0.8917088682134025,0.8990582231793515,3087.3203097397245,0.8961834561834562,0.8519918580982844,3169.124226044226,2361.218377435301,-0.04419159808517181
icews14_distmult,icews14,temporal_distmult,filtered,43,0.3,label,softmax,expanding,label_softmax_expanding,38596,33964,30525,3439,0.8684578712819981,0.8713932399010718,0.8885478415053848,3493.263543752208,0.9034234234234234,0.5870892701366677,3696.120917280917,1692.675777842396,-0.31633415328675574
icews14_distmult,icews14,temporal_distmult,filtered,43,0.3,label,softmax,rolling,label_softmax_rolling,38596,33964,30525,3439,0.9585190175147684,0.9599281592274173,0.9668480912562881,5849.840448710399,0.9728419328419329,0.8453038674033149,5961.461392301392,4859.078801977319,-0.127538065438618
icews14_distmult,icews14,temporal_distmult,filtered,43,0.3,label,softmax,static,label_softmax_static,38596,33964,30525,3439,0.8260700590734791,0.8297314803910022,0.8489366542165094,2955.6906430338004,0.8662080262080262,0.5059610351846467,3138.489926289926,1333.1410293690026,-0.3602469910233794
icews14_distmult,icews14,temporal_distmult,filtered,43,0.3,query_max,margin,expanding,query_max_margin_expanding,38596,33964,30525,3439,0.857835008809203,0.8610293251678247,0.878750878614705,3387.2350724296316,0.8942833742833742,0.5658621692352428,3585.2380999181,1629.7350974120384,-0.32842120504813144
icews14_distmult,icews14,temporal_distmult,filtered,43,0.3,query_max,margin,rolling,query_max_margin_rolling,38596,33964,30525,3439,0.891284070888175,0.8941231892592156,0.9096094538392439,3940.2547697562127,0.923013923013923,0.6376853736551323,4155.260049140049,2031.8406513521372,-0.2853285493587907
icews14_distmult,icews14,temporal_distmult,filtered,43,0.3,query_max,margin,static,query_max_margin_static,38596,33964,30525,3439,0.8167167582132864,0.8212813567306559,0.8403094055704172,2904.9492698150984,0.8584438984438985,0.4914219249781913,3084.250647010647,1313.4475138121547,-0.36702197346570714
icews14_distmult,icews14,temporal_distmult,filtered,59,0.3,label,margin,expanding,label_margin_expanding,38596,33964,30525,3439,0.8580422841745259,0.860764338711577,0.8793174476440755,3467.8748969497115,0.895069615069615,0.5562663564989823,3670.4257493857494,1670.0078511195115,-0.33880325857063276
icews14_distmult,icews14,temporal_distmult,filtered,59,0.3,label,margin,rolling,label_margin_rolling,38596,33964,30525,3439,0.9002746398590528,0.9027794134966435,0.9181929002708531,4132.801819573666,0.931007371007371,0.6522244838615877,4357.024701064701,2142.5710962489097,-0.27878288714578325
icews14_distmult,icews14,temporal_distmult,filtered,59,0.3,label,margin,static,label_margin_static,38596,33964,30525,3439,0.8220281894496839,0.8252855965139559,0.8453248701239221,3027.421063478978,0.8630958230958231,0.4896772317534167,3211.2864537264536,1395.4085489968013,-0.3734185913424064
icews14_distmult,icews14,temporal_distmult,filtered,59,0.3,label,minmax,expanding,label_minmax_expanding,38596,33964,30525,3439,0.9018810239403047,0.8911788953009069,0.9004019311764276,2382.860734895772,0.8993284193284193,0.8188426868275661,2448.5618673218673,1799.689153823786,-0.08048573250085322
icews14_distmult,icews14,temporal_distmult,filtered,59,0.3,label,minmax,rolling,label_minmax_rolling,38596,33964,30525,3439,0.9001191833350606,0.8891473324696738,0.8986929788403407,2353.6130903309386,0.8975266175266176,0.8147717359697586,2418.440032760033,1778.2009305030533,-0.08275488155685895
icews14_distmult,icews14,temporal_distmult,filtered,59,0.3,label,minmax,static,label_minmax_static,38596,33964,30525,3439,0.9019328427816354,0.891237781180073,0.9003675810802475,2402.12784124367,0.8991973791973792,0.8205873800523408,2468.2405241605243,1815.3032858389067,-0.07860999914503841
icews14_distmult,icews14,temporal_distmult,filtered,59,0.3,label,negscore,expanding,label_negscore_expanding,38596,33964,30525,3439,0.8990828065084465,0.887910729007184,0.8957809786459239,3030.3719820986926,0.8931040131040131,0.8418144809537657,3106.199475839476,2357.317534166909,-0.05128953215024745
icews14_distmult,icews14,temporal_distmult,filtered,59,0.3,label,negscore,rolling,label_negscore_rolling,38596,33964,30525,3439,0.8988237123017929,0.8876457425509363,0.8956082467337031,3040.190348604405,0.893005733005733,0.840069787728991,3114.010909090909,2384.949694678686,-0.05293594527674206
icews14_distmult,icews14,temporal_distmult,filtered,59,0.3,label,negscore,static,label_negscore_static,38596,33964,30525,3439,0.896414136179915,0.8849664350488753,0.8928710347837953,2948.2830055352724,0.88999180999181,0.8403605699331201,3020.5275675675675,2307.0311136958417,-0.04963124005868991
icews14_distmult,icews14,temporal_distmult,filtered,59,0.3,label,softmax,expanding,label_softmax_expanding,38596,33964,30525,3439,0.89019587522023,0.891885525850901,0.9075445195940426,4131.687522082205,0.9206552006552007,0.6365222448386159,4334.105683865684,2334.9982553067753,-0.2841329558165848
icews14_distmult,icews14,temporal_distmult,filtered,59,0.3,label,softmax,rolling,label_softmax_rolling,38596,33964,30525,3439,0.9732873872940201,0.9745024143210458,0.9795008907657593,6341.885201978565,0.9838165438165438,0.8918290200639721,6424.590728910729,5607.780459435882,-0.09198752375257169
icews14_distmult,icews14,temporal_distmult,filtered,59,0.3,label,softmax,static,label_softmax_static,38596,33964,30525,3439,0.8232200228002902,0.826316099399364,0.8462708063439721,2982.056913202214,0.8637837837837837,0.4937481826112242,3165.439868959869,1354.326548415237,-0.3700356011725595
icews14_distmult,icews14,temporal_distmult,filtered,59,0.3,query_max,margin,expanding,query_max_margin_expanding,38596,33964,30525,3439,0.8539485957094,0.8570250853845248,0.875685871353213,3407.542721705335,0.8917936117936118,0.5484152369874964,3608.243603603604,1626.0962489095668,-0.34337837480611544
icews14_distmult,icews14,temporal_distmult,filtered,59,0.3,query_max,margin,rolling,query_max_margin_rolling,38596,33964,30525,3439,0.891284070888175,0.8939465316217171,0.9102508776250263,3999.4183841714757,0.9241277641277641,0.626054085489968,4221.068763308764,2032.0215178831056,-0.2980736786377961
icews14_distmult,icews14,temporal_distmult,filtered,59,0.3,query_max,margin,static,query_max_margin_static,38596,33964,30525,3439,0.8156026531246762,0.8191320221410906,0.8394531301116215,2952.3960958662115,0.8577559377559377,0.47630125036347776,3133.6818345618344,1343.2808956091887,-0.38145468739245997
icews14_distmult,icews14,temporal_distmult,filtered,71,0.3,label,margin,expanding,label_margin_expanding,38596,33964,30525,3439,0.8573427298165613,0.8632081026969732,0.880179258430495,3473.6481274290427,0.8964455364455365,0.5681884268682756,3674.9480098280096,1686.8848502471649,-0.32825710957726084
icews14_distmult,icews14,temporal_distmult,filtered,71,0.3,label,margin,rolling,label_margin_rolling,38596,33964,30525,3439,0.9003264587003834,0.9051937345424568,0.9200485738400884,4201.913261099989,0.9335954135954136,0.653096830473975,4427.506797706797,2199.5164291945334,-0.2804985831214386
icews14_distmult,icews14,temporal_distmult,filtered,71,0.3,label,margin,static,label_margin_static,38596,33964,30525,3439,0.8196963415898021,0.8246084089035449,0.8433970118687762,2967.047226475091,0.8607698607698607,0.5036347775516138,3150.407010647011,1339.52253562082,-0.35713508321824694
icews14_distmult,icews14,temporal_distmult,filtered,71,0.3,label,minmax,expanding,label_minmax_expanding,38596,33964,30525,3439,0.9023473935122811,0.8917677540925686,0.9016390487219894,2354.8370333294074,0.900999180999181,0.8098284384995639,2423.28533988534,1747.2811863913928,-0.0911707424996171
icews14_distmult,icews14,temporal_distmult,filtered,71,0.3,label,minmax,rolling,label_minmax_rolling,38596,33964,30525,3439,0.9001969115970567,0.88920621834884,0.8991695104807518,2324.797432575668,0.8980835380835381,0.8104100029078221,2392.3952170352172,1724.790927595231,-0.08767353517571608
icews14_distmult,icews14,temporal_distmult,filtered,71,0.3,label,minmax,static,label_minmax_static,38596,33964,30525,3439,0.9016737485749818,0.8910611235425745,0.9010148584028279,2344.234100812625,0.9004095004095004,0.8080837452747892,2414.1546273546273,1723.610642628671,-0.0923257551347112
icews14_distmult,icews14,temporal_distmult,filtered,71,0.3,label,negscore,expanding,label_negscore_expanding,38596,33964,30525,3439,0.8985905275158047,0.8870568837592745,0.894892911822602,3010.824785066541,0.891957411957412,0.8435591741785403,3080.0916953316955,2396.0029078220414,-0.048398237778871644
icews14_distmult,icews14,temporal_distmult,filtered,71,0.3,label,negscore,rolling,label_negscore_rolling,38596,33964,30525,3439,0.9002746398590528,0.8886762454363444,0.8963159872357847,3022.791602873631,0.893005733005733,0.8502471648735097,3087.715413595414,2446.519627798779,-0.04275856813222334
icews14_distmult,icews14,temporal_distmult,filtered,71,0.3,label,negscore,static,label_negscore_static,38596,33964,30525,3439,0.8942377448440253,0.8821987987280651,0.8902090308505924,2913.4158520786714,0.8869778869778869,0.8397790055248618,2977.9040458640457,2341.010468159349,-0.04719888145302509
icews14_distmult,icews14,temporal_distmult,filtered,71,0.3,label,softmax,expanding,label_softmax_expanding,38596,33964,30525,3439,0.9031246761322417,0.9075197267695206,0.9202136996595834,4507.276498645625,0.9323832923832924,0.6868275661529515,4691.624275184276,2870.982262285548,-0.24555572623034094
icews14_distmult,icews14,temporal_distmult,filtered,71,0.3,label,softmax,rolling,label_softmax_rolling,38596,33964,30525,3439,0.9858275468960515,0.986956777764692,0.9894349619485058,6736.007154634319,0.9919082719082719,0.943006687990695,6775.124815724816,6388.793835417272,-0.04890158391757693
icews14_distmult,icews14,temporal_distmult,filtered,71,0.3,label,softmax,static,label_softmax_static,38596,33964,30525,3439,0.8201108923204478,0.8248145094806265,0.8436176703437627,2929.110587681074,0.8607371007371007,0.5059610351846467,3113.30647010647,1294.164582727537,-0.354776065552454
icews14_distmult,icews14,temporal_distmult,filtered,71,0.3,query_max,margin,expanding,query_max_margin_expanding,38596,33964,30525,3439,0.8504767333402425,0.8562890118949475,0.8739365373794474,3373.398215757861,0.8907780507780507,0.550159930212271,3571.5804422604424,1614.3076475719686,-0.34061812056577967
icews14_distmult,icews14,temporal_distmult,filtered,71,0.3,query_max,margin,rolling,query_max_margin_rolling,38596,33964,30525,3439,0.8899367810135765,0.894918148627959,0.9103088494260029,4024.1869037804736,0.9245208845208845,0.6321605117766793,4245.798132678133,2057.137539982553,-0.29236037274420523
icews14_distmult,icews14,temporal_distmult,filtered,71,0.3,query_max,margin,static,query_max_margin_static,38596,33964,30525,3439,0.8128044356928179,0.8177482039806855,0.8369553874036563,2883.6074667294783,0.8547747747747748,0.48909566734515847,3064.6524815724815,1276.6289619075312,-0.36567910742961635
