case,dataset_mode,model_name,seed,history,label_coverage_query_minus_label,label_coverage_label,label_coverage_query_max,full_set_coverage_query_minus_label,full_set_coverage_label,full_set_coverage_query_max,partial_answer_recall_query_minus_label,partial_answer_recall_label,partial_answer_recall_query_max,mean_set_size_query_minus_label,mean_set_size_label,mean_set_size_query_max,multi_minus_single_full_set_coverage_query_minus_label,multi_minus_single_full_set_coverage_label,multi_minus_single_full_set_coverage_query_max
icews05_15_continuous_complex,icews05_15,continuous_tcomplex,17,expanding,-0.0013136461562713864,0.84707582365614,0.8457621774998686,-0.001342869822314685,0.8471433758479388,0.8458005060256241,-0.0012825463424569472,0.8592018462358042,0.8579192998933473,-27.65787941835879,3280.3633183293086,3252.70543891095,-0.001256692334589471,-0.2756870097022772,-0.2769437020368667
icews05_15_continuous_complex,icews05_15,continuous_tcomplex,17,rolling,-0.002469654773790131,0.9004413851085071,0.897971730334717,-0.0024724942222017487,0.9008754589099125,0.8984029646877107,-0.0023499261325539145,0.910476017366582,0.9081260912340281,-70.58879942827207,4616.771712130207,4546.182912701935,-0.0025851272108287082,-0.22136750171700703,-0.22395262892783574
icews05_15_continuous_complex,icews05_15,continuous_tcomplex,17,static,-0.0008512427092638442,0.8006463139088855,0.7997950711996217,-0.0008875620284826136,0.8004253381668962,0.7995377761384136,-0.0008099483792390894,0.8137661236963004,0.8129561753170613,-11.554835772207753,2582.0397097556897,2570.484873983482,-0.0014314440282755525,-0.30185960660808053,-0.3032910506363561
icews05_15_continuous_complex,icews05_15,continuous_tcomplex,29,expanding,-0.0003520571698807373,0.8459145604539962,0.8455625032841154,-0.0003861471162879271,0.8445325602706488,0.8441464131543609,-0.00035492875489651077,0.8568801835838415,0.856525254828945,-6.230253185713991,3145.837063207096,3139.606810021382,-0.0003791792968799168,-0.26878368023331656,-0.2691628595301965
icews05_15_continuous_complex,icews05_15,continuous_tcomplex,29,rolling,-0.0013609374178971123,0.8999369449844989,0.8985760075666018,-0.0013486332121100952,0.8997919416283882,0.8984433084162781,-0.0012541685088931498,0.9094240249124146,0.9081698564035214,-48.20931479058709,4527.634364787994,4479.425049997407,-0.00252748201421249,-0.21588185703572638,-0.21840933904993887
icews05_15_continuous_complex,icews05_15,continuous_tcomplex,29,static,0.0010193894172665363,0.7968052125479481,0.7978246019652147,0.001054700332547509,0.7944371761695359,0.7954918765020834,0.0010270360615298735,0.8083272426861232,0.8093542787476531,12.135001642566294,2455.528525897792,2467.6635275403582,0.00021250024915075993,-0.2948036986564664,-0.2945911984073156
icews05_15_continuous_complex,icews05_15,continuous_tcomplex,43,expanding,-0.0005044401240081875,0.8477221375650255,0.8472176974410173,-0.000524468471376216,0.846843679578581,0.8463192111072048,-0.000506217737024306,0.8590698783318476,0.8585636605948233,-10.333233434576869,3211.5069016592797,3201.173668224703,-0.0002290995670234386,-0.2688169915705412,-0.2690460911375646
icews05_15_continuous_complex,icews05_15,continuous_tcomplex,43,rolling,-0.0013241553255215477,0.9000315275077505,0.898707372182229,-0.0014581376182214445,0.8998726290855229,0.8984144914673015,-0.0012910953706531947,0.9095128863199972,0.908221790949344,-50.853517684961844,4545.825501847166,4494.9719841622045,-0.0024086688947427826,-0.21620884910762805,-0.21861751800237084
icews05_15_continuous_complex,icews05_15,continuous_tcomplex,43,static,0.0008354789553886022,0.7964531553780674,0.797288634333456,0.0008529816897105968,0.7951518365041583,0.7960048181938689,0.0008469301304255827,0.809062202960358,0.8099091330907836,12.84048089724456,2489.7962756975144,2502.636756594759,-0.0001273397913856833,-0.30387989010510963,-0.3040072298964953
icews05_15_continuous_complex,icews05_15,continuous_tcomplex,59,expanding,0.0004991855393831068,0.8455782670379907,0.8460774525773738,0.00048412474280878914,0.8428093067218415,0.8432934314646503,0.0004713492287623522,0.8550618661222433,0.8555332153510057,6.812355555043268,2804.5033283576067,2811.31568391265,0.0004325031967774562,-0.2511903449737539,-0.25075784177697646
icews05_15_continuous_complex,icews05_15,continuous_tcomplex,59,rolling,-2.1018338500433664e-05,0.9002206925542536,0.9001996742157532,-2.8816948976717605e-05,0.8991003348529472,0.8990715179039704,1.3447909522401602e-05,0.9082460978171,0.9082595457266224,-11.255450725899209,4152.548081079368,4141.292630353469,-0.0006870700780695627,-0.19406024885839046,-0.19474731893646002
icews05_15_continuous_complex,icews05_15,continuous_tcomplex,59,static,0.0006463139088854764,0.797971730334717,0.7986180442436025,0.0006397362672829754,0.7942527476960849,0.7948924839633679,0.0006415613407182441,0.8080779003965985,0.8087194617373168,8.766306070578139,2199.096934452968,2207.863240523546,-5.5597249736139e-05,-0.27728369663943186,-0.277339293889168
icews05_15_continuous_complex,icews05_15,continuous_tcomplex,71,expanding,-0.0007724239398875232,0.8472965162103936,0.8465240922705061,-0.0007665308427805551,0.8471433758479388,0.8463768450051582,-0.0007527947637682164,0.8590222617542526,0.8582694669904843,-18.0803531805268,3195.0377847834984,3176.9574316029716,-0.0003655359778058642,-0.26850364281771344,-0.2688691787955193
icews05_15_continuous_complex,icews05_15,continuous_tcomplex,71,rolling,-0.0015290841258998045,0.9003993484315065,0.8988702643056067,-0.0015100081263795806,0.9005123653528059,0.8990023572264263,-0.0014717501960237467,0.9102811050126463,0.9088093548166225,-57.00562506844017,4555.918010016771,4498.912384948331,-0.0010753459943463328,-0.2212129879889525,-0.22228833398329884
icews05_15_continuous_complex,icews05_15,continuous_tcomplex,71,static,-4.2036677000756306e-05,0.7967789396248227,0.796736902947822,-4.610711836272596e-05,0.7962699341244547,0.796223827006092,-4.322542346513192e-05,0.8097452216196778,0.8097019961962126,-0.40877994801439854,2481.6184290152096,2481.209649067195,-2.978861098756891e-05,-0.3007830144573779,-0.30081280306836544
icews05_15_distmult,icews05_15,temporal_distmult,17,expanding,-0.0014765382796489979,0.8464820555935053,0.8450055173138563,-0.0015042447365842815,0.8467975724602183,0.845293327723634,-0.0014395987143797084,0.8586915539984257,0.857251955284046,-26.318836486867895,3423.7923277755044,3397.4734912886365,-0.00132104487924245,-0.2732366154998731,-0.27455766037911555
icews05_15_distmult,icews05_15,temporal_distmult,17,rolling,-0.002327780988912842,0.9004046030161316,0.8980768220272187,-0.0023168826977274515,0.9009330928078658,0.8986162101101384,-0.0021458129384807068,0.9105643425626827,0.908418529624202,-76.71524820038212,4831.664939570858,4754.949691370476,-0.004031009908617489,-0.22190892606341817,-0.22593993597203565
icews05_15_distmult,icews05_15,temporal_distmult,17,static,-0.00019967421575317612,0.7952971467605485,0.7950974725447953,-0.00021324542242762146,0.7947541626082797,0.7945409171858521,-0.0002046003377347283,0.8084199702637364,0.8082153699260016,-2.7898207009434373,2657.38214732377,2654.5923266228265,-8.78878335629496e-05,-0.30664101838602276,-0.3067289062195857
icews05_15_distmult,icews05_15,temporal_distmult,29,expanding,5.2545846250806605e-06,0.8469234407020125,0.8469286952866376,5.763389795410134e-06,0.8450166850134575,0.8450224484032529,3.8422598637177785e-06,0.8572035979071061,0.8572074401669698,-0.6859125463233795,3238.270210767165,3237.5842982208414,7.356186552887056e-05,-0.2566981596460246,-0.25662459778049573
icews05_15_distmult,icews05_15,temporal_distmult,29,rolling,-0.0009720981556408104,0.9001576375387526,0.8991855393831117,-0.001002829824389484,0.899486481969235,0.8984836521448455,-0.0009517389955868705,0.9087725668417448,0.9078208278461579,-39.4362425003892,4536.516526520239,4497.080284019849,-0.0008274864610908761,-0.20166258832213668,-0.20249007478322756
icews05_15_distmult,icews05_15,temporal_distmult,29,static,0.0011927907098944202,0.7965214649781934,0.7977142556880878,0.0012276020264078147,0.7944198860001499,0.7956474880265577,0.001140437616931722,0.8083689391063936,0.8095093767233253,14.354909543596932,2550.2006293621657,2564.5555389057627,0.0017010195265616534,-0.2953436450034781,-0.29364262547691644
icews05_15_distmult,icews05_15,temporal_distmult,43,expanding,-0.00045714886238246155,0.8490147653827965,0.8485576165204141,-0.0004553077938319605,0.8478349826233798,0.8473796748295478,-0.0004433007317582449,0.8600851826100948,0.8596418818783366,-9.723760727109493,3269.7525892028657,3260.028828475756,-0.0003041394319517332,-0.26438531502301377,-0.2646894544549655
icews05_15_distmult,icews05_15,temporal_distmult,43,rolling,-0.001397719510272788,0.9001103462771268,0.898712626766854,-0.0014696643978122648,0.8998495755263416,0.8983799111285293,-0.0014166961011217172,0.9094258921924923,0.9080091960913705,-52.40887792564081,4581.508117734526,4529.099239808886,-0.0004007825604314119,-0.21123529418773035,-0.21163607674816176
icews05_15_distmult,icews05_15,temporal_distmult,43,static,0.0005149492932583488,0.8016026483106511,0.8021175976039094,0.0004898881326040883,0.800033427660813,0.8005233157934171,0.0005035281551195592,0.8136303648873603,0.8141338930424799,6.005861367421858,2553.673273432502,2559.6791347999238,-5.264125093740191e-05,-0.2915372974436439,-0.2915899386945813
icews05_15_distmult,icews05_15,temporal_distmult,59,expanding,0.0011402448636436135,0.8473753349797698,0.8485155798434134,0.0011584413488637813,0.8441982836625189,0.8453567250113827,0.0010760248747903045,0.8558191435225192,0.8568951683973095,20.365917618106323,2786.2774322945784,2806.6433499126847,0.001776059391489948,-0.23098766456549247,-0.22921160517400252
icews05_15_distmult,icews05_15,temporal_distmult,59,rolling,0.00042036677000689693,0.9001944196311281,0.900614786401135,0.000478361353013379,0.8985643396019803,0.8990427009549937,0.000470621943859606,0.9076704083624474,0.908141030306307,7.184566794805505,4113.24051778294,4120.425084577745,-0.0001199497943890071,-0.1881310723355768,-0.1882510221299658
icews05_15_distmult,icews05_15,temporal_distmult,59,static,0.0008249697861383298,0.8025852556355421,0.8034102254216804,0.0008356915203245885,0.7979643707242852,0.7988000622446098,0.0007963083567232854,0.8115309139704127,0.812327222327136,10.441412261035566,2196.1469894933402,2206.588401754376,0.0008492024261215203,-0.26103777840525666,-0.26018857597913514
icews05_15_distmult,icews05_15,temporal_distmult,71,expanding,-0.0007514056013872006,0.8485733802742893,0.8478219746729021,-0.0007665308427805551,0.8475929202519754,0.8468263894091949,-0.0007405955887015425,0.8595975680224913,0.8588569724337898,-12.94278106611182,3210.474459538122,3197.5316784720103,-0.00044535116541211117,-0.25853561236332656,-0.2589809635287387
icews05_15_distmult,icews05_15,temporal_distmult,71,rolling,-0.0010666806788923733,0.9002364563081289,0.8991697756292365,-0.0011353877896823628,0.899688200612072,0.8985528128223896,-0.0010430774964602652,0.9092320345887884,0.9081889570923282,-35.65336668414875,4544.954284792143,4509.300918107994,-0.0017212574921930957,-0.20643092028840115,-0.20815217778059425
icews05_15_distmult,icews05_15,temporal_distmult,71,static,-5.2545846250806605e-05,0.7993694498449897,0.7993169039987389,-5.763389795343521e-05,0.7985061293650474,0.798448495467094,-5.763389795343521e-05,0.8119401664165913,0.8118825325186378,-0.48970946752024247,2520.073927000905,2519.5842175333846,6.253322077354184e-05,-0.29203517715851424,-0.2919726439377407
icews14_continuous_complex,icews14,continuous_tcomplex,17,expanding,-0.0037568659964762885,0.8545445123847031,0.8507876463882268,-0.0036803674478860238,0.8583500176657638,0.8546696502178778,-0.003518220973467767,0.8775194091101679,0.8740011881367001,-63.04007184077227,3411.95197856554,3348.9119067247675,-0.003993551827224384,-0.3665299061518893,-0.3705234579791137
icews14_continuous_complex,icews14,continuous_tcomplex,17,rolling,-0.005492797181055109,0.8981500673644938,0.8926572701834387,-0.005417500883288184,0.9007772936049935,0.8953597927217053,-0.004847146333114116,0.9164049495863198,0.9115578032532057,-92.65375103050292,4090.8926215993406,3998.2388705688377,-0.011766977001056667,-0.2901439788674449,-0.3019109558685016
icews14_continuous_complex,icews14,continuous_tcomplex,17,static,-0.0064773551663385165,0.8223131930770028,0.8158358379106643,-0.006183017312448413,0.825962784124367,0.8197797668119186,-0.005937028562455704,0.8465717401277633,0.8406347115653076,-75.92836532799447,2973.1759510069487,2897.2475856789542,-0.007356251543515269,-0.39487877525679216,-0.4022350268003074
icews14_continuous_complex,icews14,continuous_tcomplex,29,expanding,-0.00479324282309046,0.8566172660379314,0.851824023214841,-0.00476975621246023,0.8620303851136497,0.8572606289011895,-0.004436329354495228,0.8806498190097694,0.8762134896552741,-76.35101872570976,3405.9159404074903,3329.5649216817806,-0.006987479694661958,-0.36383052327222154,-0.3708180029668835
icews14_continuous_complex,icews14,continuous_tcomplex,29,rolling,-0.008083739247590427,0.8992123536117732,0.8911286143641828,-0.007655164291602956,0.9030149570133083,0.8953597927217053,-0.00734363269902627,0.9194500450633674,0.9121064123643411,-138.13272877164036,4087.8295253798137,3949.6967966081734,-0.009600756748183281,-0.3101050221492211,-0.31970577889740437
icews14_continuous_complex,icews14,continuous_tcomplex,29,static,-0.004974608767748023,0.8184785988185305,0.8135039900507824,-0.004946413849958753,0.8237840065952184,0.8188375927452597,-0.004880447644845187,0.8443036523485459,0.8394232047037007,-60.18840537039205,2911.4076080555883,2851.2192026851963,-0.0012907014709864217,-0.4002195465178891,-0.4015102479888755
icews14_continuous_complex,icews14,continuous_tcomplex,43,expanding,-0.005466887760389616,0.8567727225619235,0.8513058348015339,-0.005711930279119093,0.8617359557178189,0.8560240254386998,-0.0051710681524602675,0.8805412526373562,0.8753701844848959,-83.67121069367568,3422.046549287481,3338.3753385938053,-0.007880412067675868,-0.3631793807077319,-0.3710597927754078
icews14_continuous_complex,icews14,continuous_tcomplex,43,rolling,-0.00769509793761014,0.8984091615711473,0.8907140636335371,-0.007095748439524208,0.9018666823695678,0.8947709339300436,-0.006448354279881885,0.9182768800017947,0.9118285257219129,-136.7615416323165,4064.953597927217,3928.1920562949003,-0.01669404210840686,-0.3081802963978014,-0.3248743385062083
icews14_continuous_complex,icews14,continuous_tcomplex,43,static,-0.0051300652917399825,0.8174681314125816,0.8123380661208416,-0.005211400306206593,0.8213696855494053,0.8161582852431987,-0.004765108846506383,0.8426793587729129,0.8379142499264065,-60.3627370156637,2921.3011718289954,2860.9384348133317,-0.008113790387707265,-0.40238635738490347,-0.41050014777261074
icews14_continuous_complex,icews14,continuous_tcomplex,59,expanding,-0.005078246450409329,0.859519121152451,0.8544408747020417,-0.0049758567895418215,0.8631492168178071,0.8581733600282653,-0.004767302634161696,0.8825012080952195,0.8777339054610578,-76.87286538688022,3451.9841596985043,3375.111294311624,-0.005463990517785122,-0.3666931157015484,-0.3721571062193335
icews14_continuous_complex,icews14,continuous_tcomplex,59,rolling,-0.0072028189449683255,0.8984091615711473,0.8912063426261789,-0.007331291956188868,0.901955011188317,0.8946237192321281,-0.006571033194811338,0.9182307760971935,0.9116597429023822,-135.2606583441293,4123.635378636203,3988.374720292074,-0.014490708424991672,-0.3060137808378576,-0.32050448926284925
icews14_continuous_complex,icews14,continuous_tcomplex,59,static,-0.004534148616436973,0.8245673126748886,0.8200331640584516,-0.004622541514544887,0.8277588034389354,0.8231362619243905,-0.004455978599189114,0.8483876079973073,0.8439316293981182,-52.09901660581818,3011.196472735838,2959.09745613002,-0.002621688542014222,-0.39008275028048217,-0.3927044388224964
icews14_continuous_complex,icews14,continuous_tcomplex,71,expanding,-0.004015960203129887,0.8506321898642346,0.8466162296611047,-0.003974796843716821,0.853756919090802,0.8497821222470852,-0.0035054857337274425,0.8726270509577836,0.8691215652240561,-55.38985396301996,3347.137792957249,3291.747938994229,-0.007224916105404655,-0.3568897497248762,-0.36411466583028085
icews14_continuous_complex,icews14,continuous_tcomplex,71,rolling,-0.007565550834283341,0.9000155456523992,0.8924499948181158,-0.007714050170768982,0.902602755859145,0.894888705688376,-0.007077708797176396,0.9183753502775113,0.9112976414803349,-113.43036744788606,4098.699917559769,3985.2695501118833,-0.011152947867108964,-0.2931457276092344,-0.30429867547634337
icews14_continuous_complex,icews14,continuous_tcomplex,71,static,-0.004508239195771591,0.8102134936262825,0.8057052544305109,-0.004475326816629321,0.8129784477682251,0.8085031209515958,-0.004196062871424933,0.8337993558236705,0.8296032929522456,-51.14656695324447,2857.406577552703,2806.2600105994584,-0.0053738266009275,-0.38852015673184614,-0.39389398333277365
icews14_distmult,icews14,temporal_distmult,17,expanding,-0.005440978339724345,0.8595709399937818,0.8541299616540574,-0.005093628547874207,0.8644741490990461,0.8593805205511719,-0.004578377105170062,0.8814471975929696,0.8768688204877996,-84.3944176186551,3544.635673065599,3460.241255446944,-0.013097964072084411,-0.3306364176966097,-0.3437343817686941
icews14_distmult,icews14,temporal_distmult,17,rolling,-0.008653746502228277,0.8993678101357654,0.8907140636335371,-0.007979036627016822,0.9027205276174773,0.8947414909904605,-0.0076764286368573575,0.9175913179231572,0.9099148892862998,-157.50191379107264,4195.600223766341,4038.098309975268,-0.01279936099360346,-0.27742319813270677,-0.29022255912631023
icews14_distmult,icews14,temporal_distmult,17,static,-0.0071510001036376725,0.8247745880402114,0.8176235879365737,-0.006830761983276368,0.8301731244847486,0.8233423625014722,-0.006430688516132044,0.8488211257297644,0.8423904372136324,-89.52370156636425,3097.174655517607,3007.6509539512426,-0.01051803766546422,-0.36817986296323024,-0.37869790062869446
icews14_distmult,icews14,temporal_distmult,29,expanding,-0.0022282101772204133,0.8520053891594984,0.849777178982278,-0.0023259922270639777,0.8519903427158168,0.8496643504887528,-0.002203313312134303,0.8707859792721705,0.8685826659600362,-32.87907784713252,3249.700712519138,3216.8216346720055,-0.0019415487284052402,-0.33033493775569966,-0.3322764864841049
icews14_distmult,icews14,temporal_distmult,29,rolling,-0.005233702974401511,0.8990050782464504,0.8937713752720489,-0.005240843245789661,0.8994523613237546,0.894211518077965,-0.0048303946475540815,0.9151521078340652,0.9103217131865111,-91.05414556589312,4072.96113531975,3981.906989753857,-0.007757488118058098,-0.27734579910212365,-0.28510328722018174
icews14_distmult,icews14,temporal_distmult,29,static,-0.0030573116385117505,0.8084775624417038,0.805420250803192,-0.0031209515958072753,0.8078553762807679,0.8047344246849606,-0.00300661484709297,0.8283335015787023,0.8253268867316094,-33.37015663643888,2725.897538570251,2692.527381933812,-0.0017041123176627648,-0.35823070102802584,-0.3599348133456886
icews14_distmult,icews14,temporal_distmult,43,expanding,-0.005337340657062928,0.863172349466266,0.857835008809203,-0.005270286185372841,0.8662996113531976,0.8610293251678247,-0.004834320372831713,0.8835851989875367,0.878750878614705,-73.85643622659245,3461.091508656224,3387.2350724296316,-0.0074011858484087645,-0.3210200191997227,-0.32842120504813144
icews14_distmult,icews14,temporal_distmult,43,rolling,-0.007954192144263628,0.8992382630324386,0.891284070888175,-0.00806736544576614,0.9021905547049818,0.8941231892592156,-0.007349471803010932,0.9169589256422548,0.9096094538392439,-143.13278765751966,4083.3875574137323,3940.2547697562127,-0.012701080895323402,-0.2726274684634673,-0.2853285493587907
icews14_distmult,icews14,temporal_distmult,43,static,-0.007487822572287306,0.8242045807855737,0.8167167582132864,-0.006889647862442616,0.8281710045930986,0.8212813567306559,-0.006685580250237022,0.8469949858206542,0.8403094055704172,-88.45689553645025,2993.4061653515487,2904.9492698150984,-0.008834806415498442,-0.3581871670502087,-0.36702197346570714
icews14_distmult,icews14,temporal_distmult,59,expanding,-0.004093688465125922,0.8580422841745259,0.8539485957094,-0.003739253327052161,0.860764338711577,0.8570250853845248,-0.003631576290862526,0.8793174476440755,0.875685871353213,-60.33217524437623,3467.8748969497115,3407.542721705335,-0.004575116235482679,-0.33880325857063276,-0.34337837480611544
icews14_distmult,icews14,temporal_distmult,59,rolling,-0.0089905689708778,0.9002746398590528,0.891284070888175,-0.008832881874926368,0.9027794134966435,0.8939465316217171,-0.007942022645826774,0.9181929002708531,0.9102508776250263,-133.38343540219012,4132.801819573666,3999.4183841714757,-0.01929079149201285,-0.27878288714578325,-0.2980736786377961
icews14_distmult,icews14,temporal_distmult,59,static,-0.006425536325007752,0.8220281894496839,0.8156026531246762,-0.006153574372865345,0.8252855965139559,0.8191320221410906,-0.005871740012300619,0.8453248701239221,0.8394531301116215,-75.02496761276643,3027.421063478978,2952.3960958662115,-0.008036096050053565,-0.3734185913424064,-0.38145468739245997
icews14_distmult,icews14,temporal_distmult,71,expanding,-0.006865996476318803,0.8573427298165613,0.8504767333402425,-0.006919090802025685,0.8632081026969732,0.8562890118949475,-0.006242721051047617,0.880179258430495,0.8739365373794474,-100.24991167118151,3473.6481274290427,3373.398215757861,-0.012361010988518828,-0.32825710957726084,-0.34061812056577967
icews14_distmult,icews14,temporal_distmult,71,rolling,-0.010389677686806875,0.9003264587003834,0.8899367810135765,-0.010275585914497731,0.9051937345424568,0.894918148627959,-0.009739724414085549,0.9200485738400884,0.9103088494260029,-177.72635731951505,4201.913261099989,4024.1869037804736,-0.011861789622766628,-0.2804985831214386,-0.29236037274420523
icews14_distmult,icews14,temporal_distmult,71,static,-0.006891905896984185,0.8196963415898021,0.8128044356928179,-0.006860204922859436,0.8246084089035449,0.8177482039806855,-0.006441624465119977,0.8433970118687762,0.8369553874036563,-83.43975974561272,2967.047226475091,2883.6074667294783,-0.008544024211369405,-0.35713508321824694,-0.36567910742961635
