statistic,family,run,comparison,dataset_mode,model_name,negative_sampling,deletion_rate,target_coverage,observed,ci95_low,ci95_high,pvalue_positive,pvalue_negative,iterations,block_length,seed_count,timestamp_count,excluded_timestamp_count,weighting
coverage_change,deletion_effect,icews05_15_distmult_filtered,delete0.3-minus-delete0__rolling_margin,icews05_15,temporal_distmult,filtered,0.3,0.9,9.458252325e-06,-0.0007823086586,0.0007920798996,0.4834258287,0.5166241688,20000,3,5,804,0,query_micro
coverage_change,deletion_effect,icews05_15_distmult_filtered,delete0.3-minus-delete0__rolling_margin,icews05_15,temporal_distmult,filtered,0.3,0.9,9.458252325e-06,-0.0006508923391,0.0006502744346,0.4919254037,0.5081245938,20000,7,5,804,0,query_micro
coverage_change,deletion_effect,icews05_15_distmult_filtered,delete0.3-minus-delete0__rolling_margin,icews05_15,temporal_distmult,filtered,0.3,0.9,9.458252325e-06,-0.0005253505522,0.0005511839565,0.4886755662,0.5113744313,20000,14,5,804,0,query_micro
coverage_change,deletion_effect,icews05_15_distmult_filtered,delete0.3-minus-delete0__rolling_margin,icews05_15,temporal_distmult,filtered,0.3,0.9,9.458252325e-06,-0.0004878350229,0.0005096844955,0.4826258687,0.5174241288,20000,21,5,804,0,query_micro
coverage_change,deletion_effect,icews05_15_distmult_filtered,delete0.3-minus-delete0__static_margin,icews05_15,temporal_distmult,filtered,0.3,0.9,-0.002281540644,-0.005153857495,0.0003463447071,0.9525023749,0.04754762262,20000,3,5,804,0,query_micro
coverage_change,deletion_effect,icews05_15_distmult_filtered,delete0.3-minus-delete0__static_margin,icews05_15,temporal_distmult,filtered,0.3,0.9,-0.002281540644,-0.005291605545,0.0003747819219,0.9504024799,0.04964751762,20000,7,5,804,0,query_micro
coverage_change,deletion_effect,icews05_15_distmult_filtered,delete0.3-minus-delete0__static_margin,icews05_15,temporal_distmult,filtered,0.3,0.9,-0.002281540644,-0.005356255541,0.0004252336373,0.9458027099,0.05424728764,20000,14,5,804,0,query_micro
coverage_change,deletion_effect,icews05_15_distmult_filtered,delete0.3-minus-delete0__static_margin,icews05_15,temporal_distmult,filtered,0.3,0.9,-0.002281540644,-0.005547656404,0.0004315765117,0.9436528174,0.05639718014,20000,21,5,804,0,query_micro
coverage_change,deletion_effect,icews05_15_tcomplex_filtered,delete0.3-minus-delete0__rolling_margin,icews05_15,continuous_tcomplex,filtered,0.3,0.9,0.0001187536125,-0.0005658844188,0.0008160491088,0.3624318784,0.6376181191,20000,3,5,804,0,query_micro
coverage_change,deletion_effect,icews05_15_tcomplex_filtered,delete0.3-minus-delete0__rolling_margin,icews05_15,continuous_tcomplex,filtered,0.3,0.9,0.0001187536125,-0.0004680109893,0.000732364766,0.3515824209,0.6484675766,20000,7,5,804,0,query_micro
coverage_change,deletion_effect,icews05_15_tcomplex_filtered,delete0.3-minus-delete0__rolling_margin,icews05_15,continuous_tcomplex,filtered,0.3,0.9,0.0001187536125,-0.0004051584178,0.0006668903021,0.3286335683,0.6714164292,20000,14,5,804,0,query_micro
coverage_change,deletion_effect,icews05_15_tcomplex_filtered,delete0.3-minus-delete0__rolling_margin,icews05_15,continuous_tcomplex,filtered,0.3,0.9,0.0001187536125,-0.0003828289113,0.0006543568424,0.3245337733,0.6755162242,20000,21,5,804,0,query_micro
coverage_change,deletion_effect,icews05_15_tcomplex_filtered,delete0.3-minus-delete0__static_margin,icews05_15,continuous_tcomplex,filtered,0.3,0.9,-0.0003531080868,-0.001779123305,0.000999666064,0.6935153242,0.3065346733,20000,3,5,804,0,query_micro
coverage_change,deletion_effect,icews05_15_tcomplex_filtered,delete0.3-minus-delete0__static_margin,icews05_15,continuous_tcomplex,filtered,0.3,0.9,-0.0003531080868,-0.001836894757,0.001129968605,0.6839658017,0.3161341933,20000,7,5,804,0,query_micro
coverage_change,deletion_effect,icews05_15_tcomplex_filtered,delete0.3-minus-delete0__static_margin,icews05_15,continuous_tcomplex,filtered,0.3,0.9,-0.0003531080868,-0.001884838277,0.001207748583,0.6817659117,0.3182840858,20000,14,5,804,0,query_micro
coverage_change,deletion_effect,icews05_15_tcomplex_filtered,delete0.3-minus-delete0__static_margin,icews05_15,continuous_tcomplex,filtered,0.3,0.9,-0.0003531080868,-0.001933275023,0.001261580505,0.6756662167,0.3243837808,20000,21,5,804,0,query_micro
coverage_change,deletion_effect,icews14_distmult_filtered,delete0.3-minus-delete0__rolling_margin,icews14,temporal_distmult,filtered,0.3,0.9,0.0005389159498,-0.0009723083347,0.002030195154,0.2390380481,0.7610119494,20000,3,5,73,0,query_micro
coverage_change,deletion_effect,icews14_distmult_filtered,delete0.3-minus-delete0__rolling_margin,icews14,temporal_distmult,filtered,0.3,0.9,0.0005389159498,-0.000684241221,0.001728723476,0.1809909505,0.819059047,20000,7,5,73,0,query_micro
coverage_change,deletion_effect,icews14_distmult_filtered,delete0.3-minus-delete0__rolling_margin,icews14,temporal_distmult,filtered,0.3,0.9,0.0005389159498,-0.0004858022321,0.001546088763,0.1371931403,0.8628568572,20000,14,5,73,0,query_micro
coverage_change,deletion_effect,icews14_distmult_filtered,delete0.3-minus-delete0__rolling_margin,icews14,temporal_distmult,filtered,0.3,0.9,0.0005389159498,-0.0004572102954,0.001450688458,0.1255937203,0.8745062747,20000,21,5,73,0,query_micro
coverage_change,deletion_effect,icews14_distmult_filtered,delete0.3-minus-delete0__static_margin,icews14,temporal_distmult,filtered,0.3,0.9,-0.002394030469,-0.008524923771,0.003743807951,0.7685615719,0.2314884256,20000,3,5,73,0,query_micro
coverage_change,deletion_effect,icews14_distmult_filtered,delete0.3-minus-delete0__static_margin,icews14,temporal_distmult,filtered,0.3,0.9,-0.002394030469,-0.008614250036,0.003771236755,0.7780110994,0.2220388981,20000,7,5,73,0,query_micro
coverage_change,deletion_effect,icews14_distmult_filtered,delete0.3-minus-delete0__static_margin,icews14,temporal_distmult,filtered,0.3,0.9,-0.002394030469,-0.008509405238,0.003986006856,0.7737113144,0.2263386831,20000,14,5,73,0,query_micro
coverage_change,deletion_effect,icews14_distmult_filtered,delete0.3-minus-delete0__static_margin,icews14,temporal_distmult,filtered,0.3,0.9,-0.002394030469,-0.008424918371,0.004124268181,0.7746612669,0.2253887306,20000,21,5,73,0,query_micro
coverage_change,deletion_effect,icews14_tcomplex_filtered,delete0.3-minus-delete0__rolling_margin,icews14,continuous_tcomplex,filtered,0.3,0.9,0.0004197326148,-0.001203032783,0.002082708253,0.3056347183,0.6944152792,20000,3,5,73,0,query_micro
coverage_change,deletion_effect,icews14_tcomplex_filtered,delete0.3-minus-delete0__rolling_margin,icews14,continuous_tcomplex,filtered,0.3,0.9,0.0004197326148,-0.001086712865,0.001945006223,0.2911854407,0.7088645568,20000,7,5,73,0,query_micro
coverage_change,deletion_effect,icews14_tcomplex_filtered,delete0.3-minus-delete0__rolling_margin,icews14,continuous_tcomplex,filtered,0.3,0.9,0.0004197326148,-0.0009999814979,0.001878405477,0.2744862757,0.7255637218,20000,14,5,73,0,query_micro
coverage_change,deletion_effect,icews14_tcomplex_filtered,delete0.3-minus-delete0__rolling_margin,icews14,continuous_tcomplex,filtered,0.3,0.9,0.0004197326148,-0.000963869084,0.00172879219,0.2548372581,0.7452127394,20000,21,5,73,0,query_micro
coverage_change,deletion_effect,icews14_tcomplex_filtered,delete0.3-minus-delete0__static_margin,icews14,continuous_tcomplex,filtered,0.3,0.9,-0.0006425536325,-0.004818271787,0.004633610408,0.6286185691,0.3714314284,20000,3,5,73,0,query_micro
coverage_change,deletion_effect,icews14_tcomplex_filtered,delete0.3-minus-delete0__static_margin,icews14,continuous_tcomplex,filtered,0.3,0.9,-0.0006425536325,-0.004866489875,0.004589125581,0.6320183991,0.3680815959,20000,7,5,73,0,query_micro
coverage_change,deletion_effect,icews14_tcomplex_filtered,delete0.3-minus-delete0__static_margin,icews14,continuous_tcomplex,filtered,0.3,0.9,-0.0006425536325,-0.0048987815,0.004498402847,0.6379181041,0.3621318934,20000,14,5,73,0,query_micro
coverage_change,deletion_effect,icews14_tcomplex_filtered,delete0.3-minus-delete0__static_margin,icews14,continuous_tcomplex,filtered,0.3,0.9,-0.0006425536325,-0.004902358521,0.004468870142,0.6374181291,0.3626318684,20000,21,5,73,0,query_micro
full_set_coverage_gap,multi_answer_degradation,icews05_15_distmult_filtered,multi-minus-single__kgcp_softmax_static,icews05_15,temporal_distmult,filtered,0.3,0.9,-0.2964656378,-0.3151239972,-0.2762793479,1,4.999750012e-05,20000,3,5,802,0,timestamp_macro
full_set_coverage_gap,multi_answer_degradation,icews05_15_distmult_filtered,multi-minus-single__kgcp_softmax_static,icews05_15,temporal_distmult,filtered,0.3,0.9,-0.2964656378,-0.3157928804,-0.2758956422,1,4.999750012e-05,20000,7,5,802,0,timestamp_macro
full_set_coverage_gap,multi_answer_degradation,icews05_15_distmult_filtered,multi-minus-single__kgcp_softmax_static,icews05_15,temporal_distmult,filtered,0.3,0.9,-0.2964656378,-0.3159478818,-0.2761237832,1,4.999750012e-05,20000,14,5,802,0,timestamp_macro
full_set_coverage_gap,multi_answer_degradation,icews05_15_distmult_filtered,multi-minus-single__kgcp_softmax_static,icews05_15,temporal_distmult,filtered,0.3,0.9,-0.2964656378,-0.3164564737,-0.2758713835,1,4.999750012e-05,20000,21,5,802,0,timestamp_macro
full_set_coverage_gap,multi_answer_degradation,icews05_15_distmult_filtered,multi-minus-single__rolling_margin,icews05_15,temporal_distmult,filtered,0.3,0.9,-0.2173906772,-0.2323855811,-0.2020463335,1,4.999750012e-05,20000,3,5,802,0,timestamp_macro
full_set_coverage_gap,multi_answer_degradation,icews05_15_distmult_filtered,multi-minus-single__rolling_margin,icews05_15,temporal_distmult,filtered,0.3,0.9,-0.2173906772,-0.23234618,-0.2022732316,1,4.999750012e-05,20000,7,5,802,0,timestamp_macro
full_set_coverage_gap,multi_answer_degradation,icews05_15_distmult_filtered,multi-minus-single__rolling_margin,icews05_15,temporal_distmult,filtered,0.3,0.9,-0.2173906772,-0.2325972093,-0.20193915,1,4.999750012e-05,20000,14,5,802,0,timestamp_macro
full_set_coverage_gap,multi_answer_degradation,icews05_15_distmult_filtered,multi-minus-single__rolling_margin,icews05_15,temporal_distmult,filtered,0.3,0.9,-0.2173906772,-0.2324317807,-0.2020915588,1,4.999750012e-05,20000,21,5,802,0,timestamp_macro
full_set_coverage_gap,multi_answer_degradation,icews05_15_distmult_filtered,multi-minus-single__static_margin,icews05_15,temporal_distmult,filtered,0.3,0.9,-0.3003541473,-0.3184116453,-0.280918715,1,4.999750012e-05,20000,3,5,802,0,timestamp_macro
full_set_coverage_gap,multi_answer_degradation,icews05_15_distmult_filtered,multi-minus-single__static_margin,icews05_15,temporal_distmult,filtered,0.3,0.9,-0.3003541473,-0.3191819345,-0.280647431,1,4.999750012e-05,20000,7,5,802,0,timestamp_macro
full_set_coverage_gap,multi_answer_degradation,icews05_15_distmult_filtered,multi-minus-single__static_margin,icews05_15,temporal_distmult,filtered,0.3,0.9,-0.3003541473,-0.3193524644,-0.280820072,1,4.999750012e-05,20000,14,5,802,0,timestamp_macro
full_set_coverage_gap,multi_answer_degradation,icews05_15_distmult_filtered,multi-minus-single__static_margin,icews05_15,temporal_distmult,filtered,0.3,0.9,-0.3003541473,-0.3196903275,-0.2804415452,1,4.999750012e-05,20000,21,5,802,0,timestamp_macro
full_set_coverage_gap,multi_answer_degradation,icews05_15_tcomplex_filtered,multi-minus-single__kgcp_softmax_static,icews05_15,continuous_tcomplex,filtered,0.3,0.9,-0.3078679346,-0.3239237539,-0.291326272,1,4.999750012e-05,20000,3,5,802,0,timestamp_macro
full_set_coverage_gap,multi_answer_degradation,icews05_15_tcomplex_filtered,multi-minus-single__kgcp_softmax_static,icews05_15,continuous_tcomplex,filtered,0.3,0.9,-0.3078679346,-0.3245191245,-0.2909681473,1,4.999750012e-05,20000,7,5,802,0,timestamp_macro
full_set_coverage_gap,multi_answer_degradation,icews05_15_tcomplex_filtered,multi-minus-single__kgcp_softmax_static,icews05_15,continuous_tcomplex,filtered,0.3,0.9,-0.3078679346,-0.3244503009,-0.2905689937,1,4.999750012e-05,20000,14,5,802,0,timestamp_macro
full_set_coverage_gap,multi_answer_degradation,icews05_15_tcomplex_filtered,multi-minus-single__kgcp_softmax_static,icews05_15,continuous_tcomplex,filtered,0.3,0.9,-0.3078679346,-0.3244088091,-0.290465926,1,4.999750012e-05,20000,21,5,802,0,timestamp_macro
full_set_coverage_gap,multi_answer_degradation,icews05_15_tcomplex_filtered,multi-minus-single__rolling_margin,icews05_15,continuous_tcomplex,filtered,0.3,0.9,-0.2294054715,-0.2443578486,-0.2139771564,1,4.999750012e-05,20000,3,5,802,0,timestamp_macro
full_set_coverage_gap,multi_answer_degradation,icews05_15_tcomplex_filtered,multi-minus-single__rolling_margin,icews05_15,continuous_tcomplex,filtered,0.3,0.9,-0.2294054715,-0.2445398328,-0.213462881,1,4.999750012e-05,20000,7,5,802,0,timestamp_macro
full_set_coverage_gap,multi_answer_degradation,icews05_15_tcomplex_filtered,multi-minus-single__rolling_margin,icews05_15,continuous_tcomplex,filtered,0.3,0.9,-0.2294054715,-0.2446707649,-0.2134152721,1,4.999750012e-05,20000,14,5,802,0,timestamp_macro
full_set_coverage_gap,multi_answer_degradation,icews05_15_tcomplex_filtered,multi-minus-single__rolling_margin,icews05_15,continuous_tcomplex,filtered,0.3,0.9,-0.2294054715,-0.244563863,-0.2135234575,1,4.999750012e-05,20000,21,5,802,0,timestamp_macro
full_set_coverage_gap,multi_answer_degradation,icews05_15_tcomplex_filtered,multi-minus-single__static_margin,icews05_15,continuous_tcomplex,filtered,0.3,0.9,-0.3099493789,-0.3260038117,-0.2933225759,1,4.999750012e-05,20000,3,5,802,0,timestamp_macro
full_set_coverage_gap,multi_answer_degradation,icews05_15_tcomplex_filtered,multi-minus-single__static_margin,icews05_15,continuous_tcomplex,filtered,0.3,0.9,-0.3099493789,-0.3263596411,-0.2929225089,1,4.999750012e-05,20000,7,5,802,0,timestamp_macro
full_set_coverage_gap,multi_answer_degradation,icews05_15_tcomplex_filtered,multi-minus-single__static_margin,icews05_15,continuous_tcomplex,filtered,0.3,0.9,-0.3099493789,-0.3267764684,-0.2927968428,1,4.999750012e-05,20000,14,5,802,0,timestamp_macro
full_set_coverage_gap,multi_answer_degradation,icews05_15_tcomplex_filtered,multi-minus-single__static_margin,icews05_15,continuous_tcomplex,filtered,0.3,0.9,-0.3099493789,-0.3263490139,-0.29293844,1,4.999750012e-05,20000,21,5,802,0,timestamp_macro
full_set_coverage_gap,multi_answer_degradation,icews14_distmult_filtered,multi-minus-single__kgcp_softmax_static,icews14,temporal_distmult,filtered,0.3,0.9,-0.3705131836,-0.3956946223,-0.3452879599,1,4.999750012e-05,20000,3,5,73,0,timestamp_macro
full_set_coverage_gap,multi_answer_degradation,icews14_distmult_filtered,multi-minus-single__kgcp_softmax_static,icews14,temporal_distmult,filtered,0.3,0.9,-0.3705131836,-0.3969336192,-0.3438751413,1,4.999750012e-05,20000,7,5,73,0,timestamp_macro
full_set_coverage_gap,multi_answer_degradation,icews14_distmult_filtered,multi-minus-single__kgcp_softmax_static,icews14,temporal_distmult,filtered,0.3,0.9,-0.3705131836,-0.3984313944,-0.3426980436,1,4.999750012e-05,20000,14,5,73,0,timestamp_macro
full_set_coverage_gap,multi_answer_degradation,icews14_distmult_filtered,multi-minus-single__kgcp_softmax_static,icews14,temporal_distmult,filtered,0.3,0.9,-0.3705131836,-0.3989135392,-0.3406718899,1,4.999750012e-05,20000,21,5,73,0,timestamp_macro
full_set_coverage_gap,multi_answer_degradation,icews14_distmult_filtered,multi-minus-single__rolling_margin,icews14,temporal_distmult,filtered,0.3,0.9,-0.2791855928,-0.2977376271,-0.2604417878,1,4.999750012e-05,20000,3,5,73,0,timestamp_macro
full_set_coverage_gap,multi_answer_degradation,icews14_distmult_filtered,multi-minus-single__rolling_margin,icews14,temporal_distmult,filtered,0.3,0.9,-0.2791855928,-0.2992120277,-0.259984063,1,4.999750012e-05,20000,7,5,73,0,timestamp_macro
full_set_coverage_gap,multi_answer_degradation,icews14_distmult_filtered,multi-minus-single__rolling_margin,icews14,temporal_distmult,filtered,0.3,0.9,-0.2791855928,-0.3011814415,-0.2572593451,1,4.999750012e-05,20000,14,5,73,0,timestamp_macro
full_set_coverage_gap,multi_answer_degradation,icews14_distmult_filtered,multi-minus-single__rolling_margin,icews14,temporal_distmult,filtered,0.3,0.9,-0.2791855928,-0.3031569334,-0.2560634735,1,4.999750012e-05,20000,21,5,73,0,timestamp_macro
full_set_coverage_gap,multi_answer_degradation,icews14_distmult_filtered,multi-minus-single__static_margin,icews14,temporal_distmult,filtered,0.3,0.9,-0.3715547594,-0.395034629,-0.3475680593,1,4.999750012e-05,20000,3,5,73,0,timestamp_macro
full_set_coverage_gap,multi_answer_degradation,icews14_distmult_filtered,multi-minus-single__static_margin,icews14,temporal_distmult,filtered,0.3,0.9,-0.3715547594,-0.3961629649,-0.3460899223,1,4.999750012e-05,20000,7,5,73,0,timestamp_macro
full_set_coverage_gap,multi_answer_degradation,icews14_distmult_filtered,multi-minus-single__static_margin,icews14,temporal_distmult,filtered,0.3,0.9,-0.3715547594,-0.396471434,-0.3466166708,1,4.999750012e-05,20000,14,5,73,0,timestamp_macro
full_set_coverage_gap,multi_answer_degradation,icews14_distmult_filtered,multi-minus-single__static_margin,icews14,temporal_distmult,filtered,0.3,0.9,-0.3715547594,-0.3965673592,-0.3448677181,1,4.999750012e-05,20000,21,5,73,0,timestamp_macro
full_set_coverage_gap,multi_answer_degradation,icews14_tcomplex_filtered,multi-minus-single__kgcp_softmax_static,icews14,continuous_tcomplex,filtered,0.3,0.9,-0.4030521919,-0.4257262464,-0.378087835,1,4.999750012e-05,20000,3,5,73,0,timestamp_macro
full_set_coverage_gap,multi_answer_degradation,icews14_tcomplex_filtered,multi-minus-single__kgcp_softmax_static,icews14,continuous_tcomplex,filtered,0.3,0.9,-0.4030521919,-0.4261085784,-0.377846963,1,4.999750012e-05,20000,7,5,73,0,timestamp_macro
full_set_coverage_gap,multi_answer_degradation,icews14_tcomplex_filtered,multi-minus-single__kgcp_softmax_static,icews14,continuous_tcomplex,filtered,0.3,0.9,-0.4030521919,-0.4274783853,-0.3765968907,1,4.999750012e-05,20000,14,5,73,0,timestamp_macro
full_set_coverage_gap,multi_answer_degradation,icews14_tcomplex_filtered,multi-minus-single__kgcp_softmax_static,icews14,continuous_tcomplex,filtered,0.3,0.9,-0.4030521919,-0.4285102658,-0.3755222557,1,4.999750012e-05,20000,21,5,73,0,timestamp_macro
full_set_coverage_gap,multi_answer_degradation,icews14_tcomplex_filtered,multi-minus-single__rolling_margin,icews14,continuous_tcomplex,filtered,0.3,0.9,-0.3053842578,-0.3275571819,-0.2825163817,1,4.999750012e-05,20000,3,5,73,0,timestamp_macro
full_set_coverage_gap,multi_answer_degradation,icews14_tcomplex_filtered,multi-minus-single__rolling_margin,icews14,continuous_tcomplex,filtered,0.3,0.9,-0.3053842578,-0.3306086598,-0.2806460562,1,4.999750012e-05,20000,7,5,73,0,timestamp_macro
full_set_coverage_gap,multi_answer_degradation,icews14_tcomplex_filtered,multi-minus-single__rolling_margin,icews14,continuous_tcomplex,filtered,0.3,0.9,-0.3053842578,-0.3337838813,-0.2773816461,1,4.999750012e-05,20000,14,5,73,0,timestamp_macro
full_set_coverage_gap,multi_answer_degradation,icews14_tcomplex_filtered,multi-minus-single__rolling_margin,icews14,continuous_tcomplex,filtered,0.3,0.9,-0.3053842578,-0.3355684746,-0.2760095487,1,4.999750012e-05,20000,21,5,73,0,timestamp_macro
full_set_coverage_gap,multi_answer_degradation,icews14_tcomplex_filtered,multi-minus-single__static_margin,icews14,continuous_tcomplex,filtered,0.3,0.9,-0.4044098816,-0.4263149066,-0.3807074006,1,4.999750012e-05,20000,3,5,73,0,timestamp_macro
full_set_coverage_gap,multi_answer_degradation,icews14_tcomplex_filtered,multi-minus-single__static_margin,icews14,continuous_tcomplex,filtered,0.3,0.9,-0.4044098816,-0.4258962501,-0.3802728679,1,4.999750012e-05,20000,7,5,73,0,timestamp_macro
full_set_coverage_gap,multi_answer_degradation,icews14_tcomplex_filtered,multi-minus-single__static_margin,icews14,continuous_tcomplex,filtered,0.3,0.9,-0.4044098816,-0.4270478165,-0.3794309873,1,4.999750012e-05,20000,14,5,73,0,timestamp_macro
full_set_coverage_gap,multi_answer_degradation,icews14_tcomplex_filtered,multi-minus-single__static_margin,icews14,continuous_tcomplex,filtered,0.3,0.9,-0.4044098816,-0.4279139097,-0.3790542391,1,4.999750012e-05,20000,21,5,73,0,timestamp_macro
coverage_change,negative_sampling_sensitivity,icews05_15_distmult_filtered|icews05_15_distmult_uniform_sensitivity,filtered-minus-uniform__rolling_margin,icews05_15,temporal_distmult,filtered-minus-uniform,0,0.9,0.0003215805791,-0.0003012225929,0.0009285610316,0.1538423079,0.8462076896,20000,3,5,804,0,query_micro
coverage_change,negative_sampling_sensitivity,icews05_15_distmult_filtered|icews05_15_distmult_uniform_sensitivity,filtered-minus-uniform__rolling_margin,icews05_15,temporal_distmult,filtered-minus-uniform,0.3,0.9,0.0001639430403,-0.0002925341751,0.0006206599106,0.2309384531,0.7691115444,20000,3,5,804,0,query_micro
coverage_change,negative_sampling_sensitivity,icews05_15_distmult_filtered|icews05_15_distmult_uniform_sensitivity,filtered-minus-uniform__rolling_margin,icews05_15,temporal_distmult,filtered-minus-uniform,0,0.9,0.0003215805791,-0.0002131569733,0.0008593917563,0.1194440278,0.8806059697,20000,7,5,804,0,query_micro
coverage_change,negative_sampling_sensitivity,icews05_15_distmult_filtered|icews05_15_distmult_uniform_sensitivity,filtered-minus-uniform__rolling_margin,icews05_15,temporal_distmult,filtered-minus-uniform,0.3,0.9,0.0001639430403,-0.0002365930918,0.0005692321919,0.199440028,0.8006099695,20000,7,5,804,0,query_micro
coverage_change,negative_sampling_sensitivity,icews05_15_distmult_filtered|icews05_15_distmult_uniform_sensitivity,filtered-minus-uniform__rolling_margin,icews05_15,temporal_distmult,filtered-minus-uniform,0,0.9,0.0003215805791,-0.0001263659806,0.0007646377856,0.07574621269,0.9243037848,20000,14,5,804,0,query_micro
coverage_change,negative_sampling_sensitivity,icews05_15_distmult_filtered|icews05_15_distmult_uniform_sensitivity,filtered-minus-uniform__rolling_margin,icews05_15,temporal_distmult,filtered-minus-uniform,0.3,0.9,0.0001639430403,-0.0001986881865,0.0005175192297,0.1745912704,0.8254587271,20000,14,5,804,0,query_micro
coverage_change,negative_sampling_sensitivity,icews05_15_distmult_filtered|icews05_15_distmult_uniform_sensitivity,filtered-minus-uniform__rolling_margin,icews05_15,temporal_distmult,filtered-minus-uniform,0,0.9,0.0003215805791,-7.663519573e-05,0.0007153892603,0.05219739013,0.9478526074,20000,21,5,804,0,query_micro
coverage_change,negative_sampling_sensitivity,icews05_15_distmult_filtered|icews05_15_distmult_uniform_sensitivity,filtered-minus-uniform__rolling_margin,icews05_15,temporal_distmult,filtered-minus-uniform,0.3,0.9,0.0001639430403,-0.0001758721042,0.0004960097225,0.1551922404,0.8448577571,20000,21,5,804,0,query_micro
coverage_change,negative_sampling_sensitivity,icews05_15_distmult_filtered|icews05_15_distmult_uniform_sensitivity,filtered-minus-uniform__static_margin,icews05_15,temporal_distmult,filtered-minus-uniform,0,0.9,0.002013556828,0.000528662949,0.003731614061,0.003549822509,0.996500175,20000,3,5,804,0,query_micro
coverage_change,negative_sampling_sensitivity,icews05_15_distmult_filtered|icews05_15_distmult_uniform_sensitivity,filtered-minus-uniform__static_margin,icews05_15,temporal_distmult,filtered-minus-uniform,0.3,0.9,0.001160212285,-0.0003941690236,0.002815932392,0.07649617519,0.9235538223,20000,3,5,804,0,query_micro
coverage_change,negative_sampling_sensitivity,icews05_15_distmult_filtered|icews05_15_distmult_uniform_sensitivity,filtered-minus-uniform__static_margin,icews05_15,temporal_distmult,filtered-minus-uniform,0,0.9,0.002013556828,0.0004914399985,0.003785317811,0.005249737513,0.99480026,20000,7,5,804,0,query_micro
coverage_change,negative_sampling_sensitivity,icews05_15_distmult_filtered|icews05_15_distmult_uniform_sensitivity,filtered-minus-uniform__static_margin,icews05_15,temporal_distmult,filtered-minus-uniform,0.3,0.9,0.001160212285,-0.0003832233098,0.002850820585,0.07509624519,0.9249537523,20000,7,5,804,0,query_micro
coverage_change,negative_sampling_sensitivity,icews05_15_distmult_filtered|icews05_15_distmult_uniform_sensitivity,filtered-minus-uniform__static_margin,icews05_15,temporal_distmult,filtered-minus-uniform,0,0.9,0.002013556828,0.0004058721762,0.003770918879,0.007549622519,0.992500375,20000,14,5,804,0,query_micro
coverage_change,negative_sampling_sensitivity,icews05_15_distmult_filtered|icews05_15_distmult_uniform_sensitivity,filtered-minus-uniform__static_margin,icews05_15,temporal_distmult,filtered-minus-uniform,0.3,0.9,0.001160212285,-0.0003915526953,0.002861226094,0.07589620519,0.9241537923,20000,14,5,804,0,query_micro
coverage_change,negative_sampling_sensitivity,icews05_15_distmult_filtered|icews05_15_distmult_uniform_sensitivity,filtered-minus-uniform__static_margin,icews05_15,temporal_distmult,filtered-minus-uniform,0,0.9,0.002013556828,0.0004072095681,0.003826811689,0.006999650017,0.9930503475,20000,21,5,804,0,query_micro
coverage_change,negative_sampling_sensitivity,icews05_15_distmult_filtered|icews05_15_distmult_uniform_sensitivity,filtered-minus-uniform__static_margin,icews05_15,temporal_distmult,filtered-minus-uniform,0.3,0.9,0.001160212285,-0.0004298188843,0.00289066857,0.0782460877,0.9218039098,20000,21,5,804,0,query_micro
coverage_change,negative_sampling_sensitivity,icews14_tcomplex_filtered|icews14_tcomplex_uniform_sensitivity,filtered-minus-uniform__rolling_margin,icews14,continuous_tcomplex,filtered-minus-uniform,0,0.9,-0.0001191833351,-0.001235620588,0.001082739449,0.599520024,0.4005299735,20000,3,5,73,0,query_micro
coverage_change,negative_sampling_sensitivity,icews14_tcomplex_filtered|icews14_tcomplex_uniform_sensitivity,filtered-minus-uniform__rolling_margin,icews14,continuous_tcomplex,filtered-minus-uniform,0.3,0.9,0.0001347289875,-0.0006910603687,0.0009785932463,0.3757312134,0.6243187841,20000,3,5,73,0,query_micro
coverage_change,negative_sampling_sensitivity,icews14_tcomplex_filtered|icews14_tcomplex_uniform_sensitivity,filtered-minus-uniform__rolling_margin,icews14,continuous_tcomplex,filtered-minus-uniform,0,0.9,-0.0001191833351,-0.001207488859,0.0008802216001,0.5769211539,0.4231288436,20000,7,5,73,0,query_micro
coverage_change,negative_sampling_sensitivity,icews14_tcomplex_filtered|icews14_tcomplex_uniform_sensitivity,filtered-minus-uniform__rolling_margin,icews14,continuous_tcomplex,filtered-minus-uniform,0.3,0.9,0.0001347289875,-0.0006315754057,0.0009218632276,0.3656817159,0.6343682816,20000,7,5,73,0,query_micro
coverage_change,negative_sampling_sensitivity,icews14_tcomplex_filtered|icews14_tcomplex_uniform_sensitivity,filtered-minus-uniform__rolling_margin,icews14,continuous_tcomplex,filtered-minus-uniform,0,0.9,-0.0001191833351,-0.001048723613,0.0007542413082,0.597520124,0.4025298735,20000,14,5,73,0,query_micro
coverage_change,negative_sampling_sensitivity,icews14_tcomplex_filtered|icews14_tcomplex_uniform_sensitivity,filtered-minus-uniform__rolling_margin,icews14,continuous_tcomplex,filtered-minus-uniform,0.3,0.9,0.0001347289875,-0.000631254766,0.0009336846943,0.3707814609,0.6292685366,20000,14,5,73,0,query_micro
coverage_change,negative_sampling_sensitivity,icews14_tcomplex_filtered|icews14_tcomplex_uniform_sensitivity,filtered-minus-uniform__rolling_margin,icews14,continuous_tcomplex,filtered-minus-uniform,0,0.9,-0.0001191833351,-0.0009686858504,0.0007269359529,0.5980700965,0.401979901,20000,21,5,73,0,query_micro
coverage_change,negative_sampling_sensitivity,icews14_tcomplex_filtered|icews14_tcomplex_uniform_sensitivity,filtered-minus-uniform__rolling_margin,icews14,continuous_tcomplex,filtered-minus-uniform,0.3,0.9,0.0001347289875,-0.0006062616106,0.0009487119913,0.3619319034,0.6381180941,20000,21,5,73,0,query_micro
coverage_change,negative_sampling_sensitivity,icews14_tcomplex_filtered|icews14_tcomplex_uniform_sensitivity,filtered-minus-uniform__static_margin,icews14,continuous_tcomplex,filtered-minus-uniform,0,0.9,0.0007513731993,-0.002164459311,0.004778648706,0.3649317534,0.6351182441,20000,3,5,73,0,query_micro
coverage_change,negative_sampling_sensitivity,icews14_tcomplex_filtered|icews14_tcomplex_uniform_sensitivity,filtered-minus-uniform__static_margin,icews14,continuous_tcomplex,filtered-minus-uniform,0.3,0.9,-0.000818737693,-0.003204760948,0.001435060326,0.7504624769,0.2496375181,20000,3,5,73,0,query_micro
coverage_change,negative_sampling_sensitivity,icews14_tcomplex_filtered|icews14_tcomplex_uniform_sensitivity,filtered-minus-uniform__static_margin,icews14,continuous_tcomplex,filtered-minus-uniform,0,0.9,0.0007513731993,-0.002178268466,0.004886840398,0.3615819209,0.6384680766,20000,7,5,73,0,query_micro
coverage_change,negative_sampling_sensitivity,icews14_tcomplex_filtered|icews14_tcomplex_uniform_sensitivity,filtered-minus-uniform__static_margin,icews14,continuous_tcomplex,filtered-minus-uniform,0.3,0.9,-0.000818737693,-0.003252443776,0.001447237248,0.7475626219,0.2524873756,20000,7,5,73,0,query_micro
coverage_change,negative_sampling_sensitivity,icews14_tcomplex_filtered|icews14_tcomplex_uniform_sensitivity,filtered-minus-uniform__static_margin,icews14,continuous_tcomplex,filtered-minus-uniform,0,0.9,0.0007513731993,-0.002182127964,0.005031521892,0.3583820809,0.6416679166,20000,14,5,73,0,query_micro
coverage_change,negative_sampling_sensitivity,icews14_tcomplex_filtered|icews14_tcomplex_uniform_sensitivity,filtered-minus-uniform__static_margin,icews14,continuous_tcomplex,filtered-minus-uniform,0.3,0.9,-0.000818737693,-0.003276916511,0.001462935901,0.7529623519,0.2470876456,20000,14,5,73,0,query_micro
coverage_change,negative_sampling_sensitivity,icews14_tcomplex_filtered|icews14_tcomplex_uniform_sensitivity,filtered-minus-uniform__static_margin,icews14,continuous_tcomplex,filtered-minus-uniform,0,0.9,0.0007513731993,-0.002159761822,0.005121206677,0.3587320634,0.6413179341,20000,21,5,73,0,query_micro
coverage_change,negative_sampling_sensitivity,icews14_tcomplex_filtered|icews14_tcomplex_uniform_sensitivity,filtered-minus-uniform__static_margin,icews14,continuous_tcomplex,filtered-minus-uniform,0.3,0.9,-0.000818737693,-0.003268402896,0.001467748738,0.7508624569,0.2492875356,20000,21,5,73,0,query_micro
coverage_gain,rolling_vs_static_baseline,icews05_15_distmult_filtered,rolling_margin-minus-kgcp_minmax_static,icews05_15,temporal_distmult,filtered,0.3,0.9,0.04361095055,0.03982361505,0.04745699592,4.999750012e-05,1,20000,3,5,804,0,query_micro
coverage_gain,rolling_vs_static_baseline,icews05_15_distmult_filtered,rolling_margin-minus-kgcp_minmax_static,icews05_15,temporal_distmult,filtered,0.3,0.9,0.04361095055,0.03867103894,0.04856285243,4.999750012e-05,1,20000,7,5,804,0,query_micro
coverage_gain,rolling_vs_static_baseline,icews05_15_distmult_filtered,rolling_margin-minus-kgcp_minmax_static,icews05_15,temporal_distmult,filtered,0.3,0.9,0.04361095055,0.03756916428,0.04942576734,4.999750012e-05,1,20000,14,5,804,0,query_micro
coverage_gain,rolling_vs_static_baseline,icews05_15_distmult_filtered,rolling_margin-minus-kgcp_minmax_static,icews05_15,temporal_distmult,filtered,0.3,0.9,0.04361095055,0.03661035756,0.05016641034,4.999750012e-05,1,20000,21,5,804,0,query_micro
undercoverage_reduction,rolling_vs_static_baseline,icews05_15_distmult_filtered,rolling_margin-minus-kgcp_minmax_static,icews05_15,temporal_distmult,filtered,0.3,0.9,0.03509028657,0.03187376981,0.03836728994,4.999750012e-05,1,20000,3,5,804,0,timestamp_macro
undercoverage_reduction,rolling_vs_static_baseline,icews05_15_distmult_filtered,rolling_margin-minus-kgcp_minmax_static,icews05_15,temporal_distmult,filtered,0.3,0.9,0.03509028657,0.0309568516,0.03926648862,4.999750012e-05,1,20000,7,5,804,0,timestamp_macro
undercoverage_reduction,rolling_vs_static_baseline,icews05_15_distmult_filtered,rolling_margin-minus-kgcp_minmax_static,icews05_15,temporal_distmult,filtered,0.3,0.9,0.03509028657,0.03009819182,0.04015680685,4.999750012e-05,1,20000,14,5,804,0,timestamp_macro
undercoverage_reduction,rolling_vs_static_baseline,icews05_15_distmult_filtered,rolling_margin-minus-kgcp_minmax_static,icews05_15,temporal_distmult,filtered,0.3,0.9,0.03509028657,0.02935838862,0.0408143014,4.999750012e-05,1,20000,21,5,804,0,timestamp_macro
coverage_gain,rolling_vs_static_baseline,icews05_15_distmult_filtered,rolling_margin-minus-kgcp_negscore_static,icews05_15,temporal_distmult,filtered,0.3,0.9,0.06733014555,0.06236751698,0.07237249001,4.999750012e-05,1,20000,3,5,804,0,query_micro
coverage_gain,rolling_vs_static_baseline,icews05_15_distmult_filtered,rolling_margin-minus-kgcp_negscore_static,icews05_15,temporal_distmult,filtered,0.3,0.9,0.06733014555,0.06068842109,0.07360012493,4.999750012e-05,1,20000,7,5,804,0,query_micro
coverage_gain,rolling_vs_static_baseline,icews05_15_distmult_filtered,rolling_margin-minus-kgcp_negscore_static,icews05_15,temporal_distmult,filtered,0.3,0.9,0.06733014555,0.05908129513,0.07512378941,4.999750012e-05,1,20000,14,5,804,0,query_micro
coverage_gain,rolling_vs_static_baseline,icews05_15_distmult_filtered,rolling_margin-minus-kgcp_negscore_static,icews05_15,temporal_distmult,filtered,0.3,0.9,0.06733014555,0.05757216377,0.07621860276,4.999750012e-05,1,20000,21,5,804,0,query_micro
undercoverage_reduction,rolling_vs_static_baseline,icews05_15_distmult_filtered,rolling_margin-minus-kgcp_negscore_static,icews05_15,temporal_distmult,filtered,0.3,0.9,0.05814896653,0.05368744606,0.06270488594,4.999750012e-05,1,20000,3,5,804,0,timestamp_macro
undercoverage_reduction,rolling_vs_static_baseline,icews05_15_distmult_filtered,rolling_margin-minus-kgcp_negscore_static,icews05_15,temporal_distmult,filtered,0.3,0.9,0.05814896653,0.05239059826,0.06393656592,4.999750012e-05,1,20000,7,5,804,0,timestamp_macro
undercoverage_reduction,rolling_vs_static_baseline,icews05_15_distmult_filtered,rolling_margin-minus-kgcp_negscore_static,icews05_15,temporal_distmult,filtered,0.3,0.9,0.05814896653,0.05102022367,0.06521700557,4.999750012e-05,1,20000,14,5,804,0,timestamp_macro
undercoverage_reduction,rolling_vs_static_baseline,icews05_15_distmult_filtered,rolling_margin-minus-kgcp_negscore_static,icews05_15,temporal_distmult,filtered,0.3,0.9,0.05814896653,0.04972836153,0.06611756316,4.999750012e-05,1,20000,21,5,804,0,timestamp_macro
coverage_gain,rolling_vs_static_baseline,icews05_15_distmult_filtered,rolling_margin-minus-kgcp_softmax_static,icews05_15,temporal_distmult,filtered,0.3,0.9,0.09889968998,0.09226662449,0.1055001798,4.999750012e-05,1,20000,3,5,804,0,query_micro
coverage_gain,rolling_vs_static_baseline,icews05_15_distmult_filtered,rolling_margin-minus-kgcp_softmax_static,icews05_15,temporal_distmult,filtered,0.3,0.9,0.09889968998,0.08993012397,0.1079902438,4.999750012e-05,1,20000,7,5,804,0,query_micro
coverage_gain,rolling_vs_static_baseline,icews05_15_distmult_filtered,rolling_margin-minus-kgcp_softmax_static,icews05_15,temporal_distmult,filtered,0.3,0.9,0.09889968998,0.08683123897,0.1106322568,4.999750012e-05,1,20000,14,5,804,0,query_micro
coverage_gain,rolling_vs_static_baseline,icews05_15_distmult_filtered,rolling_margin-minus-kgcp_softmax_static,icews05_15,temporal_distmult,filtered,0.3,0.9,0.09889968998,0.08469954585,0.1129559883,4.999750012e-05,1,20000,21,5,804,0,query_micro
undercoverage_reduction,rolling_vs_static_baseline,icews05_15_distmult_filtered,rolling_margin-minus-kgcp_softmax_static,icews05_15,temporal_distmult,filtered,0.3,0.9,0.08531583916,0.07884630031,0.0920304971,4.999750012e-05,1,20000,3,5,804,0,timestamp_macro
undercoverage_reduction,rolling_vs_static_baseline,icews05_15_distmult_filtered,rolling_margin-minus-kgcp_softmax_static,icews05_15,temporal_distmult,filtered,0.3,0.9,0.08531583916,0.07642392756,0.09447005918,4.999750012e-05,1,20000,7,5,804,0,timestamp_macro
undercoverage_reduction,rolling_vs_static_baseline,icews05_15_distmult_filtered,rolling_margin-minus-kgcp_softmax_static,icews05_15,temporal_distmult,filtered,0.3,0.9,0.08531583916,0.07334198948,0.09735602054,4.999750012e-05,1,20000,14,5,804,0,timestamp_macro
undercoverage_reduction,rolling_vs_static_baseline,icews05_15_distmult_filtered,rolling_margin-minus-kgcp_softmax_static,icews05_15,temporal_distmult,filtered,0.3,0.9,0.08531583916,0.07121531415,0.09943883878,4.999750012e-05,1,20000,21,5,804,0,timestamp_macro
coverage_gain,rolling_vs_static_baseline,icews05_15_distmult_filtered,rolling_margin-minus-static_margin,icews05_15,temporal_distmult,filtered,0.3,0.9,0.1011454994,0.09473520271,0.1075216015,4.999750012e-05,1,20000,3,5,804,0,query_micro
coverage_gain,rolling_vs_static_baseline,icews05_15_distmult_filtered,rolling_margin-minus-static_margin,icews05_15,temporal_distmult,filtered,0.3,0.9,0.1011454994,0.09213304961,0.1101776877,4.999750012e-05,1,20000,7,5,804,0,query_micro
coverage_gain,rolling_vs_static_baseline,icews05_15_distmult_filtered,rolling_margin-minus-static_margin,icews05_15,temporal_distmult,filtered,0.3,0.9,0.1011454994,0.08912136456,0.1129313396,4.999750012e-05,1,20000,14,5,804,0,query_micro
coverage_gain,rolling_vs_static_baseline,icews05_15_distmult_filtered,rolling_margin-minus-static_margin,icews05_15,temporal_distmult,filtered,0.3,0.9,0.1011454994,0.08654210292,0.1151401338,4.999750012e-05,1,20000,21,5,804,0,query_micro
undercoverage_reduction,rolling_vs_static_baseline,icews05_15_distmult_filtered,rolling_margin-minus-static_margin,icews05_15,temporal_distmult,filtered,0.3,0.9,0.08746699079,0.08113512212,0.09395815414,4.999750012e-05,1,20000,3,5,804,0,timestamp_macro
undercoverage_reduction,rolling_vs_static_baseline,icews05_15_distmult_filtered,rolling_margin-minus-static_margin,icews05_15,temporal_distmult,filtered,0.3,0.9,0.08746699079,0.07824422196,0.09664518942,4.999750012e-05,1,20000,7,5,804,0,timestamp_macro
undercoverage_reduction,rolling_vs_static_baseline,icews05_15_distmult_filtered,rolling_margin-minus-static_margin,icews05_15,temporal_distmult,filtered,0.3,0.9,0.08746699079,0.07496747257,0.09970658107,4.999750012e-05,1,20000,14,5,804,0,timestamp_macro
undercoverage_reduction,rolling_vs_static_baseline,icews05_15_distmult_filtered,rolling_margin-minus-static_margin,icews05_15,temporal_distmult,filtered,0.3,0.9,0.08746699079,0.0729813666,0.1022515516,4.999750012e-05,1,20000,21,5,804,0,timestamp_macro
coverage_gain,rolling_vs_static_baseline,icews05_15_tcomplex_filtered,rolling_margin-minus-kgcp_minmax_static,icews05_15,continuous_tcomplex,filtered,0.3,0.9,0.0470663654,0.04294126764,0.05128127045,4.999750012e-05,1,20000,3,5,804,0,query_micro
coverage_gain,rolling_vs_static_baseline,icews05_15_tcomplex_filtered,rolling_margin-minus-kgcp_minmax_static,icews05_15,continuous_tcomplex,filtered,0.3,0.9,0.0470663654,0.04179934324,0.05238168721,4.999750012e-05,1,20000,7,5,804,0,query_micro
coverage_gain,rolling_vs_static_baseline,icews05_15_tcomplex_filtered,rolling_margin-minus-kgcp_minmax_static,icews05_15,continuous_tcomplex,filtered,0.3,0.9,0.0470663654,0.04056621639,0.05333849409,4.999750012e-05,1,20000,14,5,804,0,query_micro
coverage_gain,rolling_vs_static_baseline,icews05_15_tcomplex_filtered,rolling_margin-minus-kgcp_minmax_static,icews05_15,continuous_tcomplex,filtered,0.3,0.9,0.0470663654,0.03979755272,0.05418644644,4.999750012e-05,1,20000,21,5,804,0,query_micro
undercoverage_reduction,rolling_vs_static_baseline,icews05_15_tcomplex_filtered,rolling_margin-minus-kgcp_minmax_static,icews05_15,continuous_tcomplex,filtered,0.3,0.9,0.03802365549,0.03417590117,0.04185947106,4.999750012e-05,1,20000,3,5,804,0,timestamp_macro
undercoverage_reduction,rolling_vs_static_baseline,icews05_15_tcomplex_filtered,rolling_margin-minus-kgcp_minmax_static,icews05_15,continuous_tcomplex,filtered,0.3,0.9,0.03802365549,0.033306864,0.04275300005,4.999750012e-05,1,20000,7,5,804,0,timestamp_macro
undercoverage_reduction,rolling_vs_static_baseline,icews05_15_tcomplex_filtered,rolling_margin-minus-kgcp_minmax_static,icews05_15,continuous_tcomplex,filtered,0.3,0.9,0.03802365549,0.03244909576,0.04360069766,4.999750012e-05,1,20000,14,5,804,0,timestamp_macro
undercoverage_reduction,rolling_vs_static_baseline,icews05_15_tcomplex_filtered,rolling_margin-minus-kgcp_minmax_static,icews05_15,continuous_tcomplex,filtered,0.3,0.9,0.03802365549,0.0317287418,0.04444100424,4.999750012e-05,1,20000,21,5,804,0,timestamp_macro
coverage_gain,rolling_vs_static_baseline,icews05_15_tcomplex_filtered,rolling_margin-minus-kgcp_negscore_static,icews05_15,continuous_tcomplex,filtered,0.3,0.9,0.06775786874,0.0625806571,0.07299590966,4.999750012e-05,1,20000,3,5,804,0,query_micro
coverage_gain,rolling_vs_static_baseline,icews05_15_tcomplex_filtered,rolling_margin-minus-kgcp_negscore_static,icews05_15,continuous_tcomplex,filtered,0.3,0.9,0.06775786874,0.06108019381,0.07445294774,4.999750012e-05,1,20000,7,5,804,0,query_micro
coverage_gain,rolling_vs_static_baseline,icews05_15_tcomplex_filtered,rolling_margin-minus-kgcp_negscore_static,icews05_15,continuous_tcomplex,filtered,0.3,0.9,0.06775786874,0.05917720088,0.0760448864,4.999750012e-05,1,20000,14,5,804,0,query_micro
coverage_gain,rolling_vs_static_baseline,icews05_15_tcomplex_filtered,rolling_margin-minus-kgcp_negscore_static,icews05_15,continuous_tcomplex,filtered,0.3,0.9,0.06775786874,0.05800498908,0.07697719548,4.999750012e-05,1,20000,21,5,804,0,query_micro
undercoverage_reduction,rolling_vs_static_baseline,icews05_15_tcomplex_filtered,rolling_margin-minus-kgcp_negscore_static,icews05_15,continuous_tcomplex,filtered,0.3,0.9,0.05859292608,0.05380109513,0.06347531207,4.999750012e-05,1,20000,3,5,804,0,timestamp_macro
undercoverage_reduction,rolling_vs_static_baseline,icews05_15_tcomplex_filtered,rolling_margin-minus-kgcp_negscore_static,icews05_15,continuous_tcomplex,filtered,0.3,0.9,0.05859292608,0.05243809776,0.0646642991,4.999750012e-05,1,20000,7,5,804,0,timestamp_macro
undercoverage_reduction,rolling_vs_static_baseline,icews05_15_tcomplex_filtered,rolling_margin-minus-kgcp_negscore_static,icews05_15,continuous_tcomplex,filtered,0.3,0.9,0.05859292608,0.05106571671,0.06613948612,4.999750012e-05,1,20000,14,5,804,0,timestamp_macro
undercoverage_reduction,rolling_vs_static_baseline,icews05_15_tcomplex_filtered,rolling_margin-minus-kgcp_negscore_static,icews05_15,continuous_tcomplex,filtered,0.3,0.9,0.05859292608,0.04973484745,0.06708106112,4.999750012e-05,1,20000,21,5,804,0,timestamp_macro
coverage_gain,rolling_vs_static_baseline,icews05_15_tcomplex_filtered,rolling_margin-minus-kgcp_softmax_static,icews05_15,continuous_tcomplex,filtered,0.3,0.9,0.100582208,0.09472124207,0.1065943405,4.999750012e-05,1,20000,3,5,804,0,query_micro
coverage_gain,rolling_vs_static_baseline,icews05_15_tcomplex_filtered,rolling_margin-minus-kgcp_softmax_static,icews05_15,continuous_tcomplex,filtered,0.3,0.9,0.100582208,0.0919683687,0.1091288054,4.999750012e-05,1,20000,7,5,804,0,query_micro
coverage_gain,rolling_vs_static_baseline,icews05_15_tcomplex_filtered,rolling_margin-minus-kgcp_softmax_static,icews05_15,continuous_tcomplex,filtered,0.3,0.9,0.100582208,0.08884442685,0.1119762689,4.999750012e-05,1,20000,14,5,804,0,query_micro
coverage_gain,rolling_vs_static_baseline,icews05_15_tcomplex_filtered,rolling_margin-minus-kgcp_softmax_static,icews05_15,continuous_tcomplex,filtered,0.3,0.9,0.100582208,0.08632857942,0.1140180152,4.999750012e-05,1,20000,21,5,804,0,query_micro
undercoverage_reduction,rolling_vs_static_baseline,icews05_15_tcomplex_filtered,rolling_margin-minus-kgcp_softmax_static,icews05_15,continuous_tcomplex,filtered,0.3,0.9,0.08701313875,0.08091792537,0.09317086837,4.999750012e-05,1,20000,3,5,804,0,timestamp_macro
undercoverage_reduction,rolling_vs_static_baseline,icews05_15_tcomplex_filtered,rolling_margin-minus-kgcp_softmax_static,icews05_15,continuous_tcomplex,filtered,0.3,0.9,0.08701313875,0.07838190308,0.09581682181,4.999750012e-05,1,20000,7,5,804,0,timestamp_macro
undercoverage_reduction,rolling_vs_static_baseline,icews05_15_tcomplex_filtered,rolling_margin-minus-kgcp_softmax_static,icews05_15,continuous_tcomplex,filtered,0.3,0.9,0.08701313875,0.07522878201,0.09881274688,4.999750012e-05,1,20000,14,5,804,0,timestamp_macro
undercoverage_reduction,rolling_vs_static_baseline,icews05_15_tcomplex_filtered,rolling_margin-minus-kgcp_softmax_static,icews05_15,continuous_tcomplex,filtered,0.3,0.9,0.08701313875,0.0729192706,0.1011474702,4.999750012e-05,1,20000,21,5,804,0,timestamp_macro
coverage_gain,rolling_vs_static_baseline,icews05_15_tcomplex_filtered,rolling_margin-minus-static_margin,icews05_15,continuous_tcomplex,filtered,0.3,0.9,0.1024749094,0.0964221396,0.1085091147,4.999750012e-05,1,20000,3,5,804,0,query_micro
coverage_gain,rolling_vs_static_baseline,icews05_15_tcomplex_filtered,rolling_margin-minus-static_margin,icews05_15,continuous_tcomplex,filtered,0.3,0.9,0.1024749094,0.09373383265,0.1110980263,4.999750012e-05,1,20000,7,5,804,0,query_micro
coverage_gain,rolling_vs_static_baseline,icews05_15_tcomplex_filtered,rolling_margin-minus-static_margin,icews05_15,continuous_tcomplex,filtered,0.3,0.9,0.1024749094,0.09052905092,0.1141778701,4.999750012e-05,1,20000,14,5,804,0,query_micro
coverage_gain,rolling_vs_static_baseline,icews05_15_tcomplex_filtered,rolling_margin-minus-static_margin,icews05_15,continuous_tcomplex,filtered,0.3,0.9,0.1024749094,0.08814817833,0.1164379678,4.999750012e-05,1,20000,21,5,804,0,query_micro
undercoverage_reduction,rolling_vs_static_baseline,icews05_15_tcomplex_filtered,rolling_margin-minus-static_margin,icews05_15,continuous_tcomplex,filtered,0.3,0.9,0.08889530818,0.08256613573,0.09513563123,4.999750012e-05,1,20000,3,5,804,0,timestamp_macro
undercoverage_reduction,rolling_vs_static_baseline,icews05_15_tcomplex_filtered,rolling_margin-minus-static_margin,icews05_15,continuous_tcomplex,filtered,0.3,0.9,0.08889530818,0.07989746574,0.09786535612,4.999750012e-05,1,20000,7,5,804,0,timestamp_macro
undercoverage_reduction,rolling_vs_static_baseline,icews05_15_tcomplex_filtered,rolling_margin-minus-static_margin,icews05_15,continuous_tcomplex,filtered,0.3,0.9,0.08889530818,0.07711187782,0.1010989575,4.999750012e-05,1,20000,14,5,804,0,timestamp_macro
undercoverage_reduction,rolling_vs_static_baseline,icews05_15_tcomplex_filtered,rolling_margin-minus-static_margin,icews05_15,continuous_tcomplex,filtered,0.3,0.9,0.08889530818,0.07452973038,0.1034415151,4.999750012e-05,1,20000,21,5,804,0,timestamp_macro
coverage_gain,rolling_vs_static_baseline,icews14_distmult_filtered,rolling_margin-minus-kgcp_minmax_static,icews14,temporal_distmult,filtered,0.3,0.9,-0.001668566691,-0.008248739038,0.004632908159,0.6940152992,0.3060346983,20000,3,5,73,0,query_micro
coverage_gain,rolling_vs_static_baseline,icews14_distmult_filtered,rolling_margin-minus-kgcp_minmax_static,icews14,temporal_distmult,filtered,0.3,0.9,-0.001668566691,-0.00740479779,0.004240730763,0.7081145943,0.2919854007,20000,7,5,73,0,query_micro
coverage_gain,rolling_vs_static_baseline,icews14_distmult_filtered,rolling_margin-minus-kgcp_minmax_static,icews14,temporal_distmult,filtered,0.3,0.9,-0.001668566691,-0.006798387259,0.003777415966,0.7153642318,0.2847357632,20000,14,5,73,0,query_micro
coverage_gain,rolling_vs_static_baseline,icews14_distmult_filtered,rolling_margin-minus-kgcp_minmax_static,icews14,temporal_distmult,filtered,0.3,0.9,-0.001668566691,-0.006714426685,0.003508418565,0.7255637218,0.2744862757,20000,21,5,73,0,query_micro
undercoverage_reduction,rolling_vs_static_baseline,icews14_distmult_filtered,rolling_margin-minus-kgcp_minmax_static,icews14,temporal_distmult,filtered,0.3,0.9,-1.19132657e-05,-0.004188845775,0.004219072756,0.5067246638,0.4933253337,20000,3,5,73,0,timestamp_macro
undercoverage_reduction,rolling_vs_static_baseline,icews14_distmult_filtered,rolling_margin-minus-kgcp_minmax_static,icews14,temporal_distmult,filtered,0.3,0.9,-1.19132657e-05,-0.003875730867,0.004030909904,0.5044247788,0.4956252187,20000,7,5,73,0,timestamp_macro
undercoverage_reduction,rolling_vs_static_baseline,icews14_distmult_filtered,rolling_margin-minus-kgcp_minmax_static,icews14,temporal_distmult,filtered,0.3,0.9,-1.19132657e-05,-0.003068410638,0.003021693882,0.5007749613,0.4992750362,20000,14,5,73,0,timestamp_macro
undercoverage_reduction,rolling_vs_static_baseline,icews14_distmult_filtered,rolling_margin-minus-kgcp_minmax_static,icews14,temporal_distmult,filtered,0.3,0.9,-1.19132657e-05,-0.002928726181,0.002949425881,0.5039748013,0.4960751962,20000,21,5,73,0,timestamp_macro
coverage_gain,rolling_vs_static_baseline,icews14_distmult_filtered,rolling_margin-minus-kgcp_negscore_static,icews14,temporal_distmult,filtered,0.3,0.9,0.0009379210281,-0.006631106318,0.008488476372,0.4003299835,0.599720014,20000,3,5,73,0,query_micro
coverage_gain,rolling_vs_static_baseline,icews14_distmult_filtered,rolling_margin-minus-kgcp_negscore_static,icews14,temporal_distmult,filtered,0.3,0.9,0.0009379210281,-0.005808507026,0.0084875064,0.394880256,0.6051697415,20000,7,5,73,0,query_micro
coverage_gain,rolling_vs_static_baseline,icews14_distmult_filtered,rolling_margin-minus-kgcp_negscore_static,icews14,temporal_distmult,filtered,0.3,0.9,0.0009379210281,-0.005479087136,0.008391693584,0.395180241,0.6048697565,20000,14,5,73,0,query_micro
coverage_gain,rolling_vs_static_baseline,icews14_distmult_filtered,rolling_margin-minus-kgcp_negscore_static,icews14,temporal_distmult,filtered,0.3,0.9,0.0009379210281,-0.005539741627,0.00842551182,0.388380581,0.6116694165,20000,21,5,73,0,query_micro
undercoverage_reduction,rolling_vs_static_baseline,icews14_distmult_filtered,rolling_margin-minus-kgcp_negscore_static,icews14,temporal_distmult,filtered,0.3,0.9,0.00233286982,-0.002594921963,0.007580330313,0.1870906455,0.812959352,20000,3,5,73,0,timestamp_macro
undercoverage_reduction,rolling_vs_static_baseline,icews14_distmult_filtered,rolling_margin-minus-kgcp_negscore_static,icews14,temporal_distmult,filtered,0.3,0.9,0.00233286982,-0.002203127665,0.007564164276,0.1750412479,0.8250087496,20000,7,5,73,0,timestamp_macro
undercoverage_reduction,rolling_vs_static_baseline,icews14_distmult_filtered,rolling_margin-minus-kgcp_negscore_static,icews14,temporal_distmult,filtered,0.3,0.9,0.00233286982,-0.001486821604,0.006598693588,0.1262436878,0.8738063097,20000,14,5,73,0,timestamp_macro
undercoverage_reduction,rolling_vs_static_baseline,icews14_distmult_filtered,rolling_margin-minus-kgcp_negscore_static,icews14,temporal_distmult,filtered,0.3,0.9,0.00233286982,-0.001342403429,0.006664039071,0.1189440528,0.8811059447,20000,21,5,73,0,timestamp_macro
coverage_gain,rolling_vs_static_baseline,icews14_distmult_filtered,rolling_margin-minus-kgcp_softmax_static,icews14,temporal_distmult,filtered,0.3,0.9,0.07893045911,0.06557820831,0.093819977,4.999750012e-05,1,20000,3,5,73,0,query_micro
coverage_gain,rolling_vs_static_baseline,icews14_distmult_filtered,rolling_margin-minus-kgcp_softmax_static,icews14,temporal_distmult,filtered,0.3,0.9,0.07893045911,0.06179881955,0.09916024541,4.999750012e-05,1,20000,7,5,73,0,query_micro
coverage_gain,rolling_vs_static_baseline,icews14_distmult_filtered,rolling_margin-minus-kgcp_softmax_static,icews14,temporal_distmult,filtered,0.3,0.9,0.07893045911,0.05805319313,0.1032134897,4.999750012e-05,1,20000,14,5,73,0,query_micro
coverage_gain,rolling_vs_static_baseline,icews14_distmult_filtered,rolling_margin-minus-kgcp_softmax_static,icews14,temporal_distmult,filtered,0.3,0.9,0.07893045911,0.05678667068,0.1045182043,4.999750012e-05,1,20000,21,5,73,0,query_micro
undercoverage_reduction,rolling_vs_static_baseline,icews14_distmult_filtered,rolling_margin-minus-kgcp_softmax_static,icews14,temporal_distmult,filtered,0.3,0.9,0.07499558507,0.06100641532,0.09028280063,4.999750012e-05,1,20000,3,5,73,0,timestamp_macro
undercoverage_reduction,rolling_vs_static_baseline,icews14_distmult_filtered,rolling_margin-minus-kgcp_softmax_static,icews14,temporal_distmult,filtered,0.3,0.9,0.07499558507,0.05600621712,0.09567477211,4.999750012e-05,1,20000,7,5,73,0,timestamp_macro
undercoverage_reduction,rolling_vs_static_baseline,icews14_distmult_filtered,rolling_margin-minus-kgcp_softmax_static,icews14,temporal_distmult,filtered,0.3,0.9,0.07499558507,0.05202875955,0.100225668,4.999750012e-05,1,20000,14,5,73,0,timestamp_macro
undercoverage_reduction,rolling_vs_static_baseline,icews14_distmult_filtered,rolling_margin-minus-kgcp_softmax_static,icews14,temporal_distmult,filtered,0.3,0.9,0.07499558507,0.05017528314,0.1014375805,4.999750012e-05,1,20000,21,5,73,0,timestamp_macro
coverage_gain,rolling_vs_static_baseline,icews14_distmult_filtered,rolling_margin-minus-static_margin,icews14,temporal_distmult,filtered,0.3,0.9,0.07980619753,0.06622508339,0.09478944529,4.999750012e-05,1,20000,3,5,73,0,query_micro
coverage_gain,rolling_vs_static_baseline,icews14_distmult_filtered,rolling_margin-minus-static_margin,icews14,temporal_distmult,filtered,0.3,0.9,0.07980619753,0.06214045488,0.09994301066,4.999750012e-05,1,20000,7,5,73,0,query_micro
coverage_gain,rolling_vs_static_baseline,icews14_distmult_filtered,rolling_margin-minus-static_margin,icews14,temporal_distmult,filtered,0.3,0.9,0.07980619753,0.05847716658,0.1046509407,4.999750012e-05,1,20000,14,5,73,0,query_micro
coverage_gain,rolling_vs_static_baseline,icews14_distmult_filtered,rolling_margin-minus-static_margin,icews14,temporal_distmult,filtered,0.3,0.9,0.07980619753,0.05688200128,0.1054975511,4.999750012e-05,1,20000,21,5,73,0,query_micro
undercoverage_reduction,rolling_vs_static_baseline,icews14_distmult_filtered,rolling_margin-minus-static_margin,icews14,temporal_distmult,filtered,0.3,0.9,0.07599375377,0.0612456026,0.09211215132,4.999750012e-05,1,20000,3,5,73,0,timestamp_macro
undercoverage_reduction,rolling_vs_static_baseline,icews14_distmult_filtered,rolling_margin-minus-static_margin,icews14,temporal_distmult,filtered,0.3,0.9,0.07599375377,0.05664365596,0.097306002,4.999750012e-05,1,20000,7,5,73,0,timestamp_macro
undercoverage_reduction,rolling_vs_static_baseline,icews14_distmult_filtered,rolling_margin-minus-static_margin,icews14,temporal_distmult,filtered,0.3,0.9,0.07599375377,0.05249303035,0.101941214,4.999750012e-05,1,20000,14,5,73,0,timestamp_macro
undercoverage_reduction,rolling_vs_static_baseline,icews14_distmult_filtered,rolling_margin-minus-static_margin,icews14,temporal_distmult,filtered,0.3,0.9,0.07599375377,0.05035238239,0.10272268,4.999750012e-05,1,20000,21,5,73,0,timestamp_macro
coverage_gain,rolling_vs_static_baseline,icews14_tcomplex_filtered,rolling_margin-minus-kgcp_minmax_static,icews14,continuous_tcomplex,filtered,0.3,0.9,-0.001041558711,-0.007960424182,0.00568833653,0.616419179,0.3836308185,20000,3,5,73,0,query_micro
coverage_gain,rolling_vs_static_baseline,icews14_tcomplex_filtered,rolling_margin-minus-kgcp_minmax_static,icews14,continuous_tcomplex,filtered,0.3,0.9,-0.001041558711,-0.007168773486,0.005761164358,0.6216689166,0.3783810809,20000,7,5,73,0,query_micro
coverage_gain,rolling_vs_static_baseline,icews14_tcomplex_filtered,rolling_margin-minus-kgcp_minmax_static,icews14,continuous_tcomplex,filtered,0.3,0.9,-0.001041558711,-0.006622952782,0.004950569757,0.6284685766,0.3715814209,20000,14,5,73,0,query_micro
coverage_gain,rolling_vs_static_baseline,icews14_tcomplex_filtered,rolling_margin-minus-kgcp_minmax_static,icews14,continuous_tcomplex,filtered,0.3,0.9,-0.001041558711,-0.006584801698,0.004967549693,0.6243187841,0.3757312134,20000,21,5,73,0,query_micro
undercoverage_reduction,rolling_vs_static_baseline,icews14_tcomplex_filtered,rolling_margin-minus-kgcp_minmax_static,icews14,continuous_tcomplex,filtered,0.3,0.9,0.0004767635737,-0.003762226181,0.005040084873,0.4266286686,0.5734213289,20000,3,5,73,0,timestamp_macro
undercoverage_reduction,rolling_vs_static_baseline,icews14_tcomplex_filtered,rolling_margin-minus-kgcp_minmax_static,icews14,continuous_tcomplex,filtered,0.3,0.9,0.0004767635737,-0.003594983414,0.005058170319,0.4313284336,0.5687215639,20000,7,5,73,0,timestamp_macro
undercoverage_reduction,rolling_vs_static_baseline,icews14_tcomplex_filtered,rolling_margin-minus-kgcp_minmax_static,icews14,continuous_tcomplex,filtered,0.3,0.9,0.0004767635737,-0.003153530037,0.004316189884,0.4096295185,0.590420479,20000,14,5,73,0,timestamp_macro
undercoverage_reduction,rolling_vs_static_baseline,icews14_tcomplex_filtered,rolling_margin-minus-kgcp_minmax_static,icews14,continuous_tcomplex,filtered,0.3,0.9,0.0004767635737,-0.003288955108,0.004331883935,0.4119294035,0.588120594,20000,21,5,73,0,timestamp_macro
coverage_gain,rolling_vs_static_baseline,icews14_tcomplex_filtered,rolling_margin-minus-kgcp_negscore_static,icews14,continuous_tcomplex,filtered,0.3,0.9,0.003461498601,-0.003911672637,0.01087119656,0.1766911654,0.8233588321,20000,3,5,73,0,query_micro
coverage_gain,rolling_vs_static_baseline,icews14_tcomplex_filtered,rolling_margin-minus-kgcp_negscore_static,icews14,continuous_tcomplex,filtered,0.3,0.9,0.003461498601,-0.003785695979,0.01144955206,0.1760411979,0.8240087996,20000,7,5,73,0,query_micro
coverage_gain,rolling_vs_static_baseline,icews14_tcomplex_filtered,rolling_margin-minus-kgcp_negscore_static,icews14,continuous_tcomplex,filtered,0.3,0.9,0.003461498601,-0.004146815597,0.01154883904,0.193440328,0.8066096695,20000,14,5,73,0,query_micro
coverage_gain,rolling_vs_static_baseline,icews14_tcomplex_filtered,rolling_margin-minus-kgcp_negscore_static,icews14,continuous_tcomplex,filtered,0.3,0.9,0.003461498601,-0.004528719734,0.01193483759,0.204739763,0.7953102345,20000,21,5,73,0,query_micro
undercoverage_reduction,rolling_vs_static_baseline,icews14_tcomplex_filtered,rolling_margin-minus-kgcp_negscore_static,icews14,continuous_tcomplex,filtered,0.3,0.9,0.004066418563,-0.001093289062,0.009600352567,0.06394680266,0.9361031948,20000,3,5,73,0,timestamp_macro
undercoverage_reduction,rolling_vs_static_baseline,icews14_tcomplex_filtered,rolling_margin-minus-kgcp_negscore_static,icews14,continuous_tcomplex,filtered,0.3,0.9,0.004066418563,-0.0009979070262,0.009636147587,0.05899705015,0.9410529474,20000,7,5,73,0,timestamp_macro
undercoverage_reduction,rolling_vs_static_baseline,icews14_tcomplex_filtered,rolling_margin-minus-kgcp_negscore_static,icews14,continuous_tcomplex,filtered,0.3,0.9,0.004066418563,-0.000929126547,0.008950281061,0.05479726014,0.9452527374,20000,14,5,73,0,timestamp_macro
undercoverage_reduction,rolling_vs_static_baseline,icews14_tcomplex_filtered,rolling_margin-minus-kgcp_negscore_static,icews14,continuous_tcomplex,filtered,0.3,0.9,0.004066418563,-0.00114072572,0.009162129899,0.06619669017,0.9338533073,20000,21,5,73,0,timestamp_macro
coverage_gain,rolling_vs_static_baseline,icews14_tcomplex_filtered,rolling_margin-minus-kgcp_softmax_static,icews14,continuous_tcomplex,filtered,0.3,0.9,0.08013783812,0.06603890598,0.09532194621,4.999750012e-05,1,20000,3,5,73,0,query_micro
coverage_gain,rolling_vs_static_baseline,icews14_tcomplex_filtered,rolling_margin-minus-kgcp_softmax_static,icews14,continuous_tcomplex,filtered,0.3,0.9,0.08013783812,0.06147330035,0.1016386516,4.999750012e-05,1,20000,7,5,73,0,query_micro
coverage_gain,rolling_vs_static_baseline,icews14_tcomplex_filtered,rolling_margin-minus-kgcp_softmax_static,icews14,continuous_tcomplex,filtered,0.3,0.9,0.08013783812,0.05686112192,0.1058449978,4.999750012e-05,1,20000,14,5,73,0,query_micro
coverage_gain,rolling_vs_static_baseline,icews14_tcomplex_filtered,rolling_margin-minus-kgcp_softmax_static,icews14,continuous_tcomplex,filtered,0.3,0.9,0.08013783812,0.05510147899,0.1071606835,4.999750012e-05,1,20000,21,5,73,0,query_micro
undercoverage_reduction,rolling_vs_static_baseline,icews14_tcomplex_filtered,rolling_margin-minus-kgcp_softmax_static,icews14,continuous_tcomplex,filtered,0.3,0.9,0.07712893496,0.06218135138,0.09312182683,4.999750012e-05,1,20000,3,5,73,0,timestamp_macro
undercoverage_reduction,rolling_vs_static_baseline,icews14_tcomplex_filtered,rolling_margin-minus-kgcp_softmax_static,icews14,continuous_tcomplex,filtered,0.3,0.9,0.07712893496,0.05691865292,0.09873642077,4.999750012e-05,1,20000,7,5,73,0,timestamp_macro
undercoverage_reduction,rolling_vs_static_baseline,icews14_tcomplex_filtered,rolling_margin-minus-kgcp_softmax_static,icews14,continuous_tcomplex,filtered,0.3,0.9,0.07712893496,0.05212118006,0.1030568111,4.999750012e-05,1,20000,14,5,73,0,timestamp_macro
undercoverage_reduction,rolling_vs_static_baseline,icews14_tcomplex_filtered,rolling_margin-minus-kgcp_softmax_static,icews14,continuous_tcomplex,filtered,0.3,0.9,0.07712893496,0.05006440826,0.1048094365,4.999750012e-05,1,20000,21,5,73,0,timestamp_macro
coverage_gain,rolling_vs_static_baseline,icews14_tcomplex_filtered,rolling_margin-minus-static_margin,icews14,continuous_tcomplex,filtered,0.3,0.9,0.08023111203,0.06594062004,0.09573925696,4.999750012e-05,1,20000,3,5,73,0,query_micro
coverage_gain,rolling_vs_static_baseline,icews14_tcomplex_filtered,rolling_margin-minus-static_margin,icews14,continuous_tcomplex,filtered,0.3,0.9,0.08023111203,0.06124306789,0.1012067268,4.999750012e-05,1,20000,7,5,73,0,query_micro
coverage_gain,rolling_vs_static_baseline,icews14_tcomplex_filtered,rolling_margin-minus-static_margin,icews14,continuous_tcomplex,filtered,0.3,0.9,0.08023111203,0.05664561435,0.1066387832,4.999750012e-05,1,20000,14,5,73,0,query_micro
coverage_gain,rolling_vs_static_baseline,icews14_tcomplex_filtered,rolling_margin-minus-static_margin,icews14,continuous_tcomplex,filtered,0.3,0.9,0.08023111203,0.05538252406,0.1078563337,4.999750012e-05,1,20000,21,5,73,0,query_micro
undercoverage_reduction,rolling_vs_static_baseline,icews14_tcomplex_filtered,rolling_margin-minus-static_margin,icews14,continuous_tcomplex,filtered,0.3,0.9,0.07733672223,0.06233117515,0.09299166599,4.999750012e-05,1,20000,3,5,73,0,timestamp_macro
undercoverage_reduction,rolling_vs_static_baseline,icews14_tcomplex_filtered,rolling_margin-minus-static_margin,icews14,continuous_tcomplex,filtered,0.3,0.9,0.07733672223,0.05742596754,0.09875642882,4.999750012e-05,1,20000,7,5,73,0,timestamp_macro
undercoverage_reduction,rolling_vs_static_baseline,icews14_tcomplex_filtered,rolling_margin-minus-static_margin,icews14,continuous_tcomplex,filtered,0.3,0.9,0.07733672223,0.05214012266,0.1039550147,4.999750012e-05,1,20000,14,5,73,0,timestamp_macro
undercoverage_reduction,rolling_vs_static_baseline,icews14_tcomplex_filtered,rolling_margin-minus-static_margin,icews14,continuous_tcomplex,filtered,0.3,0.9,0.07733672223,0.04999427056,0.1053788757,4.999750012e-05,1,20000,21,5,73,0,timestamp_macro
