run,dataset_mode,model_name,negative_sampling,deletion_rate,method,seed_count,coverage_mean,coverage_sd,timestamp_macro_coverage_mean,timestamp_macro_coverage_sd,mean_size_mean,mean_size_sd,mrr_mean,mrr_sd,coverage_abs_error_mean,undercoverage_mean
icews05_15_distmult_filtered,icews05_15,temporal_distmult,filtered,0,adaptive,5,0.8991992013,0.0002371733475,0.8989844883,0.000212284324,3725.19517,36.97053221,0.3283562402,0.002147343865,0.0008007986969,0.0008007986969
icews05_15_distmult_filtered,icews05_15,temporal_distmult,filtered,0,kgcp_minmax_static,5,0.8521990437,0.002998994045,0.854359201,0.002914233996,1750.501656,69.39404319,0.3283562402,0.002147343865,0.04780095633,0.04780095633
icews05_15_distmult_filtered,icews05_15,temporal_distmult,filtered,0,kgcp_negscore_static,5,0.832877936,0.002869631088,0.8352326731,0.002823395204,2054.005718,100.5674782,0.3283562402,0.002147343865,0.067122064,0.067122064
icews05_15_distmult_filtered,icews05_15,temporal_distmult,filtered,0,kgcp_softmax_static,5,0.805022332,0.002409487474,0.8078483264,0.002249818168,1907.744765,20.05144953,0.3283562402,0.002147343865,0.09497766802,0.09497766802
icews05_15_distmult_filtered,icews05_15,temporal_distmult,filtered,0,rolling_margin,5,0.9002112343,0.000213455172,0.9000057368,0.0002042686067,3756.554619,38.4173153,0.3283562402,0.002147343865,0.0002427618097,1.576375388e-05
icews05_15_distmult_filtered,icews05_15,temporal_distmult,filtered,0,static_margin,5,0.8013567338,0.001938206088,0.8041889396,0.001699908238,1931.534302,28.07120307,0.3283562402,0.002147343865,0.09864326625,0.09864326625
icews05_15_distmult_filtered,icews05_15,temporal_distmult,filtered,0,top1,5,0.2274741212,0.002252175288,0.2290403889,0.002041250002,1,0,0.3283562402,0.002147343865,0.6725258788,0.6725258788
icews05_15_distmult_filtered,icews05_15,temporal_distmult,filtered,0,weighted,5,0.8991960486,0.0002337847314,0.8989817203,0.0002134662114,3725.009566,36.87187958,0.3283562402,0.002147343865,0.0008039514476,0.0008039514476
icews05_15_distmult_filtered,icews05_15,temporal_distmult,filtered,0.1,adaptive,5,0.8992128632,0.0001440178026,0.8989988017,0.0002936060344,3898.252949,29.83499238,0.3284897409,0.001489540829,0.0007871367768,0.0007871367768
icews05_15_distmult_filtered,icews05_15,temporal_distmult,filtered,0.1,kgcp_minmax_static,5,0.853080763,0.002134789066,0.8549831063,0.002341745727,1780.502243,104.967268,0.3284897409,0.001489540829,0.04691923703,0.04691923703
icews05_15_distmult_filtered,icews05_15,temporal_distmult,filtered,0.1,kgcp_negscore_static,5,0.8320886974,0.002212989385,0.8344270697,0.002187870949,2080.838327,178.327851,0.3284897409,0.001489540829,0.06791130261,0.06791130261
icews05_15_distmult_filtered,icews05_15,temporal_distmult,filtered,0.1,kgcp_softmax_static,5,0.8021659398,0.004511317808,0.8050351474,0.004330317839,2025.890907,33.19802481,0.3284897409,0.001489540829,0.09783406022,0.09783406022
icews05_15_distmult_filtered,icews05_15,temporal_distmult,filtered,0.1,rolling_margin,5,0.9001597394,0.000122252403,0.8999056499,0.0004125801717,3927.49356,26.80031202,0.3284897409,0.001489540829,0.0001597393726,0
icews05_15_distmult_filtered,icews05_15,temporal_distmult,filtered,0.1,static_margin,5,0.798583364,0.00465714609,0.8014731481,0.004481625135,2055.559767,29.90362233,0.3284897409,0.001489540829,0.101416636,0.101416636
icews05_15_distmult_filtered,icews05_15,temporal_distmult,filtered,0.1,top1,5,0.228601755,0.002670144463,0.2298944562,0.002552551115,1,0,0.3284897409,0.001489540829,0.671398245,0.671398245
icews05_15_distmult_filtered,icews05_15,temporal_distmult,filtered,0.1,weighted,5,0.8991119752,0.0001032362078,0.8988940699,0.0003961075022,3894.878155,27.16815681,0.3284897409,0.001489540829,0.0008880248016,0.0008880248016
icews05_15_distmult_filtered,icews05_15,temporal_distmult,filtered,0.2,adaptive,5,0.8992832747,0.0002029181526,0.8992714179,0.0003617537074,4117.333151,132.1423719,0.3281161099,0.002290667826,0.0007167253429,0.0007167253429
icews05_15_distmult_filtered,icews05_15,temporal_distmult,filtered,0.2,kgcp_minmax_static,5,0.8539257002,0.003192610119,0.8560332336,0.00305864612,1832.443158,104.5072062,0.3281161099,0.002290667826,0.04607429983,0.04607429983
icews05_15_distmult_filtered,icews05_15,temporal_distmult,filtered,0.2,kgcp_negscore_static,5,0.8320372025,0.002494591569,0.8342730783,0.002239324631,2081.838217,114.7701715,0.3281161099,0.002290667826,0.06796279754,0.06796279754
icews05_15_distmult_filtered,icews05_15,temporal_distmult,filtered,0.2,kgcp_softmax_static,5,0.8001124481,0.002963340225,0.8029708412,0.002803409347,2166.41186,40.51197848,0.3281161099,0.002290667826,0.09988755189,0.09988755189
icews05_15_distmult_filtered,icews05_15,temporal_distmult,filtered,0.2,rolling_margin,5,0.900100888,0.0001495665617,0.9001069641,0.0003284553059,4144.005692,130.8978274,0.3281161099,0.002290667826,0.000126110031,1.26110031e-05
icews05_15_distmult_filtered,icews05_15,temporal_distmult,filtered,0.2,static_margin,5,0.7973632494,0.002773413868,0.8002925845,0.002661606912,2205.508902,40.58395761,0.3281161099,0.002290667826,0.1026367506,0.1026367506
icews05_15_distmult_filtered,icews05_15,temporal_distmult,filtered,0.2,top1,5,0.2298113604,0.002222983062,0.2313651872,0.002163221661,1,0,0.3281161099,0.002290667826,0.6701886396,0.6701886396
icews05_15_distmult_filtered,icews05_15,temporal_distmult,filtered,0.2,weighted,5,0.8991550628,0.0001444485218,0.8991618004,0.000356856119,4113.659155,131.0101326,0.3281161099,0.002290667826,0.0008449372077,0.0008449372077
icews05_15_distmult_filtered,icews05_15,temporal_distmult,filtered,0.3,adaptive,5,0.8995260365,0.0002231621534,0.8997420881,0.0002316114052,4286.96729,249.3807852,0.3268693174,0.001167706665,0.0004739635332,0.0004739635332
icews05_15_distmult_filtered,icews05_15,temporal_distmult,filtered,0.3,kgcp_minmax_static,5,0.856609742,0.0009787614228,0.8586710653,0.001182685988,1982.062994,150.9598052,0.3268693174,0.001167706665,0.043390258,0.043390258
icews05_15_distmult_filtered,icews05_15,temporal_distmult,filtered,0.3,kgcp_negscore_static,5,0.832890547,0.0009139322467,0.8351691762,0.0009765838805,2269.366126,214.889156,0.3268693174,0.001167706665,0.067109453,0.067109453
icews05_15_distmult_filtered,icews05_15,temporal_distmult,filtered,0.3,kgcp_softmax_static,5,0.8013210026,0.003596494679,0.8046327032,0.003575306318,2317.885265,158.4300197,0.3268693174,0.001167706665,0.09867899743,0.09867899743
icews05_15_distmult_filtered,icews05_15,temporal_distmult,filtered,0.3,rolling_margin,5,0.9002206926,0.0001128207165,0.9004818312,0.000243649443,4307.230859,249.203402,0.3268693174,0.001167706665,0.0002206925543,0
icews05_15_distmult_filtered,icews05_15,temporal_distmult,filtered,0.3,static_margin,5,0.7990751931,0.003146041852,0.8024512158,0.003095330581,2361.667923,165.8826021,0.3268693174,0.001167706665,0.1009248069,0.1009248069
icews05_15_distmult_filtered,icews05_15,temporal_distmult,filtered,0.3,top1,5,0.2291660974,0.001947114676,0.2306486006,0.002160450272,1,0,0.3268693174,0.001167706665,0.6708339026,0.6708339026
icews05_15_distmult_filtered,icews05_15,temporal_distmult,filtered,0.3,weighted,5,0.8992433398,0.0001707537892,0.8994892667,0.0002129822031,4277.735324,250.388597,0.3268693174,0.001167706665,0.000756660186,0.000756660186
icews05_15_distmult_uniform_sensitivity,icews05_15,temporal_distmult,uniform,0,adaptive,5,0.8990793968,0.0001700814159,0.8994668558,0.0001932383656,3472.83254,67.79739898,0.328257504,0.001515724912,0.0009206032263,0.0009206032263
icews05_15_distmult_uniform_sensitivity,icews05_15,temporal_distmult,uniform,0,kgcp_minmax_static,5,0.8514077032,0.002576709753,0.8536026901,0.002526540005,1742.820259,68.79924495,0.328257504,0.001515724912,0.04859229678,0.04859229678
icews05_15_distmult_uniform_sensitivity,icews05_15,temporal_distmult,uniform,0,kgcp_negscore_static,5,0.8323167464,0.002737041963,0.8346489503,0.002807113931,2046.074879,101.1578779,0.328257504,0.001515724912,0.06768325364,0.06768325364
icews05_15_distmult_uniform_sensitivity,icews05_15,temporal_distmult,uniform,0,kgcp_softmax_static,5,0.8028658505,0.002302475402,0.8061287943,0.002376156922,1770.415068,25.72503803,0.328257504,0.001515724912,0.09713414955,0.09713414955
icews05_15_distmult_uniform_sensitivity,icews05_15,temporal_distmult,uniform,0,rolling_margin,5,0.8998896537,5.397151643e-05,0.9003109448,0.0002004215369,3497.175343,64.65628863,0.328257504,0.001515724912,0.0001103462771,0.0001103462771
icews05_15_distmult_uniform_sensitivity,icews05_15,temporal_distmult,uniform,0,static_margin,5,0.7993431769,0.002092674198,0.8026447279,0.002083209804,1804.814063,30.64332503,0.328257504,0.001515724912,0.1006568231,0.1006568231
icews05_15_distmult_uniform_sensitivity,icews05_15,temporal_distmult,uniform,0,top1,5,0.2271010457,0.001851626453,0.2285734086,0.001722322575,1,0,0.328257504,0.001515724912,0.6728989543,0.6728989543
icews05_15_distmult_uniform_sensitivity,icews05_15,temporal_distmult,uniform,0,weighted,5,0.8989144028,3.594688955e-05,0.8993222678,0.0001866991336,3467.800976,65.5638845,0.328257504,0.001515724912,0.001085597184,0.001085597184
icews05_15_distmult_uniform_sensitivity,icews05_15,temporal_distmult,uniform,0.3,adaptive,5,0.8994367085,0.0001178128965,0.8996560281,0.0003683900375,4300.146256,74.70801483,0.3266480606,0.001620642052,0.0005632914718,0.0005632914718
icews05_15_distmult_uniform_sensitivity,icews05_15,temporal_distmult,uniform,0.3,kgcp_minmax_static,5,0.8570721454,0.001465787078,0.8591194304,0.001481942057,1982.221554,100.631783,0.3266480606,0.001620642052,0.04292785455,0.04292785455
icews05_15_distmult_uniform_sensitivity,icews05_15,temporal_distmult,uniform,0.3,kgcp_negscore_static,5,0.8320519153,0.001261376146,0.8343131276,0.001429585417,2170.875758,133.0725795,0.3266480606,0.001620642052,0.0679480847,0.0679480847
icews05_15_distmult_uniform_sensitivity,icews05_15,temporal_distmult,uniform,0.3,kgcp_softmax_static,5,0.7999453523,0.002347978082,0.8032375055,0.002751668857,2323.736379,60.63252422,0.3266480606,0.001620642052,0.1000546477,0.1000546477
icews05_15_distmult_uniform_sensitivity,icews05_15,temporal_distmult,uniform,0.3,rolling_margin,5,0.9000567495,0.0001147257662,0.9003315369,0.0003024683682,4318.602751,75.09606521,0.3266480606,0.001620642052,9.878619095e-05,2.10183385e-05
icews05_15_distmult_uniform_sensitivity,icews05_15,temporal_distmult,uniform,0.3,static_margin,5,0.7979149808,0.002723067507,0.8012439912,0.002994877292,2363.141474,68.12867642,0.3266480606,0.001620642052,0.1020850192,0.1020850192
icews05_15_distmult_uniform_sensitivity,icews05_15,temporal_distmult,uniform,0.3,top1,5,0.2296285009,0.00178219368,0.2312223339,0.001847467747,1,0,0.3266480606,0.001620642052,0.6703714991,0.6703714991
icews05_15_distmult_uniform_sensitivity,icews05_15,temporal_distmult,uniform,0.3,weighted,5,0.899076244,0.0001573482712,0.8993494722,0.0003396085121,4289.726999,73.32812735,0.3266480606,0.001620642052,0.0009237559771,0.0009237559771
icews05_15_tcomplex_filtered,icews05_15,continuous_tcomplex,filtered,0,adaptive,5,0.8992044559,0.000356317409,0.8991984088,0.0004904686294,3922.658177,380.1048017,0.3314464659,0.002303645918,0.0007955441122,0.0007955441122
icews05_15_tcomplex_filtered,icews05_15,continuous_tcomplex,filtered,0,kgcp_minmax_static,5,0.8501623667,0.002482079679,0.8522232913,0.002649123694,1724.639257,20.75541167,0.3314464659,0.002303645918,0.04983763334,0.04983763334
icews05_15_tcomplex_filtered,icews05_15,continuous_tcomplex,filtered,0,kgcp_negscore_static,5,0.8341337817,0.001575503761,0.836613208,0.001788590243,2098.42561,168.7797494,0.3314464659,0.002303645918,0.06586621828,0.06586621828
icews05_15_tcomplex_filtered,icews05_15,continuous_tcomplex,filtered,0,kgcp_softmax_static,5,0.8004350796,0.002161779157,0.8033967618,0.00228237793,2030.041566,328.4679111,0.3314464659,0.002303645918,0.09956492039,0.09956492039
icews05_15_tcomplex_filtered,icews05_15,continuous_tcomplex,filtered,0,rolling_margin,5,0.9000872261,0.0003575743872,0.9001000089,0.0005136403111,3949.582807,381.0171206,0.3314464659,0.002303645918,0.0002154379696,6.410593243e-05
icews05_15_tcomplex_filtered,icews05_15,continuous_tcomplex,filtered,0,static_margin,5,0.7980841784,0.00291858381,0.801077313,0.002996701323,2066.873816,335.7236242,0.3314464659,0.002303645918,0.1019158216,0.1019158216
icews05_15_tcomplex_filtered,icews05_15,continuous_tcomplex,filtered,0,top1,5,0.2310777153,0.004196272922,0.2327457105,0.004255084456,1,0,0.3314464659,0.002303645918,0.6689222847,0.6689222847
icews05_15_tcomplex_filtered,icews05_15,continuous_tcomplex,filtered,0,weighted,5,0.8990993642,0.0003373918009,0.8991070018,0.0004656457927,3919.785247,381.2383394,0.3314464659,0.002303645918,0.0009006358047,0.0009006358047
icews05_15_tcomplex_filtered,icews05_15,continuous_tcomplex,filtered,0.3,adaptive,5,0.8993936209,0.000281196385,0.899489872,0.0003211518574,4233.827436,176.4777479,0.3295368586,0.001531429981,0.0006063790657,0.0006063790657
icews05_15_tcomplex_filtered,icews05_15,continuous_tcomplex,filtered,0.3,kgcp_minmax_static,5,0.8531396143,0.002458550462,0.8551497164,0.002599231898,1921.448126,103.0321418,0.3295368586,0.001531429981,0.04686038569,0.04686038569
icews05_15_tcomplex_filtered,icews05_15,continuous_tcomplex,filtered,0.3,kgcp_negscore_static,5,0.832448111,0.002220064802,0.8347003136,0.002303678678,2327.38525,225.667291,0.3295368586,0.001531429981,0.06755188902,0.06755188902
icews05_15_tcomplex_filtered,icews05_15,continuous_tcomplex,filtered,0.3,kgcp_softmax_static,5,0.7996237717,0.001602426914,0.8027614242,0.001654134549,2272.36334,135.0714913,0.3295368586,0.001531429981,0.1003762283,0.1003762283
icews05_15_tcomplex_filtered,icews05_15,continuous_tcomplex,filtered,0.3,rolling_margin,5,0.9002059797,0.000221267308,0.9003020724,0.0002359760778,4260.092538,177.393243,0.3295368586,0.001531429981,0.0002312017235,1.26110031e-05
icews05_15_tcomplex_filtered,icews05_15,continuous_tcomplex,filtered,0.3,static_margin,5,0.7977310704,0.001728684073,0.8008633449,0.001787248849,2307.989642,135.8216357,0.3295368586,0.001531429981,0.1022689296,0.1022689296
icews05_15_tcomplex_filtered,icews05_15,continuous_tcomplex,filtered,0.3,top1,5,0.2319773002,0.002545879058,0.2335089172,0.002466624082,1,0,0.3295368586,0.001531429981,0.6680226998,0.6680226998
icews05_15_tcomplex_filtered,icews05_15,continuous_tcomplex,filtered,0.3,weighted,5,0.8992548999,0.0002198590042,0.8993757912,0.0002284515695,4229.435919,177.7500138,0.3295368586,0.001531429981,0.0007451000998,0.0007451000998
icews14_distmult_filtered,icews14,temporal_distmult,filtered,0,adaptive,5,0.8981915224,0.0003008171888,0.8983618391,0.0004399461633,3699.610898,75.62204818,0.3189690586,0.001532085653,0.001808477562,0.001808477562
icews14_distmult_filtered,icews14,temporal_distmult,filtered,0,kgcp_minmax_static,5,0.9025805783,0.002693271504,0.9026099425,0.002569176617,2099.683978,115.0316741,0.3189690586,0.001532085653,0.003061457146,0.0002404394238
icews14_distmult_filtered,icews14,temporal_distmult,filtered,0,kgcp_negscore_static,5,0.8985179811,0.003027657433,0.8983755487,0.002761506356,2812.19372,69.59850604,0.3189690586,0.001532085653,0.002752616851,0.002117317857
icews14_distmult_filtered,icews14,temporal_distmult,filtered,0,kgcp_softmax_static,5,0.822271738,0.007136825054,0.8187921788,0.007372959728,2547.70044,129.4386319,0.3189690586,0.001532085653,0.077728262,0.077728262
icews14_distmult_filtered,icews14,temporal_distmult,filtered,0,rolling_margin,5,0.899103534,0.0002261700989,0.899310969,0.0005450472936,3715.846362,75.55473113,0.3189690586,0.001532085653,0.000896465955,0.000896465955
icews14_distmult_filtered,icews14,temporal_distmult,filtered,0,static_margin,5,0.8222302829,0.007714383704,0.818803287,0.007996214127,2588.308364,138.0413598,0.3189690586,0.001532085653,0.07776971707,0.07776971707
icews14_distmult_filtered,icews14,temporal_distmult,filtered,0,top1,5,0.2286558193,0.001759591146,0.2315274806,0.001734455325,1,0,0.3189690586,0.001532085653,0.6713441807,0.6713441807
icews14_distmult_filtered,icews14,temporal_distmult,filtered,0,weighted,5,0.8980723391,0.0001981689623,0.8982130855,0.0005436819159,3696.477106,73.68008976,0.3189690586,0.001532085653,0.001927660898,0.001927660898
icews14_distmult_filtered,icews14,temporal_distmult,filtered,0.1,adaptive,5,0.8983625246,0.000739531301,0.8984292345,0.0008888533538,3734.407944,74.41256427,0.3176252337,0.0003761701705,0.001637475386,0.001637475386
icews14_distmult_filtered,icews14,temporal_distmult,filtered,0.1,kgcp_minmax_static,5,0.9023836667,0.004198109755,0.9026946124,0.003606809177,2158.069163,122.0836481,0.3176252337,0.0003761701705,0.002812726707,0.0002145300031
icews14_distmult_filtered,icews14,temporal_distmult,filtered,0.1,kgcp_negscore_static,5,0.8994766297,0.003662377033,0.8997479594,0.003408246616,2875.510089,105.9776913,0.3176252337,0.0003761701705,0.002764016997,0.001643693647
icews14_distmult_filtered,icews14,temporal_distmult,filtered,0.1,kgcp_softmax_static,5,0.8222302829,0.004260796154,0.8187922261,0.004263167821,2593.481558,95.01888432,0.3176252337,0.0003761701705,0.07776971707,0.07776971707
icews14_distmult_filtered,icews14,temporal_distmult,filtered,0.1,rolling_margin,5,0.8993678101,0.0007296159105,0.8994151558,0.0008574290813,3749.894714,76.09544216,0.3176252337,0.0003761701705,0.0007627733444,0.0006974816043
icews14_distmult_filtered,icews14,temporal_distmult,filtered,0.1,static_margin,5,0.8221991916,0.004173572606,0.8186272299,0.004205435634,2638.054887,98.45426022,0.3176252337,0.0003761701705,0.07780080837,0.07780080837
icews14_distmult_filtered,icews14,temporal_distmult,filtered,0.1,top1,5,0.2278733548,0.0008858597263,0.2307896568,0.001171903735,1,0,0.3176252337,0.0003761701705,0.6721266452,0.6721266452
icews14_distmult_filtered,icews14,temporal_distmult,filtered,0.1,weighted,5,0.8983107058,0.0006689950892,0.8983963853,0.000861814946,3733.108353,72.98419787,0.3176252337,0.0003761701705,0.001689294227,0.001689294227
icews14_distmult_filtered,icews14,temporal_distmult,filtered,0.2,adaptive,5,0.8984195253,0.0007570695477,0.8985181995,0.0008963824454,3775.085211,93.51941451,0.3155825713,0.00122842998,0.001580474661,0.001580474661
icews14_distmult_filtered,icews14,temporal_distmult,filtered,0.2,kgcp_minmax_static,5,0.9033889522,0.003785720137,0.9033746517,0.004096200958,2290.498839,107.4964688,0.3155825713,0.00122842998,0.003388952223,0
icews14_distmult_filtered,icews14,temporal_distmult,filtered,0.2,kgcp_negscore_static,5,0.9007721007,0.005088922863,0.9009281789,0.005207209333,3001.869178,119.818317,0.3155825713,0.00122842998,0.004111306871,0.001669603068
icews14_distmult_filtered,icews14,temporal_distmult,filtered,0.2,kgcp_softmax_static,5,0.8182402321,0.005586301824,0.8144972673,0.005716090997,2599.081615,108.525983,0.3155825713,0.00122842998,0.08175976785,0.08175976785
icews14_distmult_filtered,icews14,temporal_distmult,filtered,0.2,rolling_margin,5,0.8992019898,0.0004298934301,0.8992392413,0.0007021077735,3790.856726,91.23940607,0.3155825713,0.00122842998,0.0007980101565,0.0007980101565
icews14_distmult_filtered,icews14,temporal_distmult,filtered,0.2,static_margin,5,0.819053788,0.005987834723,0.8152083855,0.00620270638,2644.733693,117.9619398,0.3155825713,0.00122842998,0.08094621204,0.08094621204
icews14_distmult_filtered,icews14,temporal_distmult,filtered,0.2,top1,5,0.2267747953,0.002018907546,0.229570603,0.002285297237,1,0,0.3155825713,0.00122842998,0.6732252047,0.6732252047
icews14_distmult_filtered,icews14,temporal_distmult,filtered,0.2,weighted,5,0.8983625246,0.0007195172539,0.8984303173,0.0008633152738,3774.67763,94.86760491,0.3155825713,0.00122842998,0.001637475386,0.001637475386
icews14_distmult_filtered,icews14,temporal_distmult,filtered,0.3,adaptive,5,0.8986941652,0.0005447143756,0.8989288089,0.0004088709849,3853.195373,57.87381679,0.3103458642,0.0006343903152,0.001305834802,0.001305834802
icews14_distmult_filtered,icews14,temporal_distmult,filtered,0.3,kgcp_minmax_static,5,0.9013110167,0.00112995971,0.9011948506,0.0006872140612,2325.442813,176.2219495,0.3103458642,0.0006343903152,0.0015742564,0.000131619857
icews14_distmult_filtered,icews14,temporal_distmult,filtered,0.3,kgcp_negscore_static,5,0.898704529,0.003717870962,0.8985502161,0.003815619973,3023.080076,191.612095,0.3103458642,0.0006343903152,0.003318478599,0.002306974816
icews14_distmult_filtered,icews14,temporal_distmult,filtered,0.3,kgcp_softmax_static,5,0.8207119909,0.005704616661,0.8167631822,0.005370869812,2705.046145,115.9327226,0.3103458642,0.0006343903152,0.07928800912,0.07928800912
icews14_distmult_filtered,icews14,temporal_distmult,filtered,0.3,rolling_margin,5,0.89964245,0.0006149326858,0.8999096718,0.000535709643,3870.633226,55.98716698,0.3103458642,0.0006343903152,0.000597989429,0.0004777697171
icews14_distmult_filtered,icews14,temporal_distmult,filtered,0.3,static_margin,5,0.8198362525,0.006657954874,0.8157858321,0.006451594151,2745.910944,132.931943,0.3103458642,0.0006343903152,0.08016374754,0.08016374754
icews14_distmult_filtered,icews14,temporal_distmult,filtered,0.3,top1,5,0.2233702974,0.001663195116,0.2261543298,0.001651222792,1,0,0.3103458642,0.0006343903152,0.6766297026,0.6766297026
icews14_distmult_filtered,icews14,temporal_distmult,filtered,0.3,weighted,5,0.8986527101,0.0005772046749,0.8989019151,0.0004892959811,3852.434646,57.56491209,0.3103458642,0.0006343903152,0.001347289875,0.001347289875
icews14_tcomplex_filtered,icews14,continuous_tcomplex,filtered,0,adaptive,5,0.8976266971,0.0006257004393,0.89742449,0.0008626158058,3609.249337,67.58102117,0.3225985345,0.00194584132,0.002373302933,0.002373302933
icews14_tcomplex_filtered,icews14,continuous_tcomplex,filtered,0,kgcp_minmax_static,5,0.9015442015,0.001412004,0.9019170323,0.001392905476,2139.289673,172.6435585,0.3225985345,0.00194584132,0.001589802052,2.280029019e-05
icews14_tcomplex_filtered,icews14,continuous_tcomplex,filtered,0,kgcp_negscore_static,5,0.8972691471,0.001116212003,0.8980663338,0.001067365186,2862.10697,134.2158018,0.3225985345,0.00194584132,0.002730852938,0.002730852938
icews14_tcomplex_filtered,icews14,continuous_tcomplex,filtered,0,kgcp_softmax_static,5,0.8200538916,0.003128040827,0.8162900048,0.003172442515,2497.199995,74.66253194,0.3225985345,0.00194584132,0.07994610841,0.07994610841
icews14_tcomplex_filtered,icews14,continuous_tcomplex,filtered,0,rolling_margin,5,0.8984195253,0.0008422753767,0.8981998584,0.001095401716,3623.328822,69.18469965,0.3225985345,0.00194584132,0.001580474661,0.001580474661
icews14_tcomplex_filtered,icews14,continuous_tcomplex,filtered,0,static_margin,5,0.8192506996,0.002952673774,0.8152858102,0.003070218628,2530.767857,78.67201529,0.3225985345,0.00194584132,0.08074930045,0.08074930045
icews14_tcomplex_filtered,icews14,continuous_tcomplex,filtered,0,top1,5,0.2327132345,0.001053943514,0.2358514896,0.001141327423,1,0,0.3225985345,0.00194584132,0.6672867655,0.6672867655
icews14_tcomplex_filtered,icews14,continuous_tcomplex,filtered,0,weighted,5,0.8974401492,0.0005847154109,0.8972329062,0.0007848487605,3605.146844,68.11406773,0.3225985345,0.00194584132,0.002559850762,0.002559850762
icews14_tcomplex_filtered,icews14,continuous_tcomplex,filtered,0.1,adaptive,5,0.8977666079,0.0003800833417,0.8974934576,0.0004533475841,3649.650404,36.36048797,0.3198841592,0.001904352465,0.002233392061,0.002233392061
icews14_tcomplex_filtered,icews14,continuous_tcomplex,filtered,0.1,kgcp_minmax_static,5,0.9012281065,0.002230272938,0.9013847971,0.002262861523,2214.138631,158.0840943,0.3198841592,0.001904352465,0.00185822365,0.0003150585553
icews14_tcomplex_filtered,icews14,continuous_tcomplex,filtered,0.1,kgcp_negscore_static,5,0.8967095036,0.002871483945,0.8973000051,0.00281001326,2905.752311,128.8427462,0.3198841592,0.001904352465,0.003290496424,0.003290496424
icews14_tcomplex_filtered,icews14,continuous_tcomplex,filtered,0.1,kgcp_softmax_static,5,0.8172556742,0.004645357539,0.8133556853,0.005142857974,2496.335885,53.29838724,0.3198841592,0.001904352465,0.08274432584,0.08274432584
icews14_tcomplex_filtered,icews14,continuous_tcomplex,filtered,0.1,rolling_margin,5,0.8985542543,0.0005421201888,0.8982784644,0.000532621224,3665.374163,37.93758989,0.3198841592,0.001904352465,0.001445745673,0.001445745673
icews14_tcomplex_filtered,icews14,continuous_tcomplex,filtered,0.1,static_margin,5,0.817038035,0.004505394218,0.8129332936,0.004944694075,2532.785657,54.9453772,0.3198841592,0.001904352465,0.08296196497,0.08296196497
icews14_tcomplex_filtered,icews14,continuous_tcomplex,filtered,0.1,top1,5,0.2309980309,0.001633588459,0.2339937218,0.001679646397,1,0,0.3198841592,0.001904352465,0.6690019691,0.6690019691
icews14_tcomplex_filtered,icews14,continuous_tcomplex,filtered,0.1,weighted,5,0.8977044253,0.0003969302951,0.8974506346,0.0004659080667,3646.707001,36.65770927,0.3198841592,0.001904352465,0.002295574671,0.002295574671
icews14_tcomplex_filtered,icews14,continuous_tcomplex,filtered,0.2,adaptive,5,0.8978184268,0.0003952354527,0.8975943503,0.0003243472887,3716.122562,40.47178606,0.3170942357,0.001915647275,0.00218157322,0.00218157322
icews14_tcomplex_filtered,icews14,continuous_tcomplex,filtered,0.2,kgcp_minmax_static,5,0.9009534667,0.002455141485,0.9008529095,0.002406387564,2277.840849,175.7997593,0.3170942357,0.001915647275,0.001583583791,0.0003150585553
icews14_tcomplex_filtered,icews14,continuous_tcomplex,filtered,0.2,kgcp_negscore_static,5,0.896155042,0.001375763401,0.8966709099,0.001380035044,2982.542953,105.0343212,0.3170942357,0.001915647275,0.003844958027,0.003844958027
icews14_tcomplex_filtered,icews14,continuous_tcomplex,filtered,0.2,kgcp_softmax_static,5,0.8192144264,0.005757274993,0.8150417214,0.005962343649,2588.970676,71.30432225,0.3170942357,0.001915647275,0.08078557363,0.08078557363
icews14_tcomplex_filtered,icews14,continuous_tcomplex,filtered,0.2,rolling_margin,5,0.8986838014,0.0004571379355,0.8984935259,0.0002120755295,3732.679433,39.36342605,0.3170942357,0.001915647275,0.00131619857,0.00131619857
icews14_tcomplex_filtered,icews14,continuous_tcomplex,filtered,0.2,static_margin,5,0.817395585,0.005036014301,0.8130282813,0.005295952854,2613.605664,70.96121083,0.3170942357,0.001915647275,0.08260441497,0.08260441497
icews14_tcomplex_filtered,icews14,continuous_tcomplex,filtered,0.2,top1,5,0.2299305628,0.002109558332,0.2329544341,0.002396303806,1,0,0.3170942357,0.001915647275,0.6700694372,0.6700694372
icews14_tcomplex_filtered,icews14,continuous_tcomplex,filtered,0.2,weighted,5,0.8976836978,0.0004237596444,0.8974309053,0.000377202801,3714.577008,39.6182574,0.3170942357,0.001915647275,0.002316302207,0.002316302207
icews14_tcomplex_filtered,icews14,continuous_tcomplex,filtered,0.3,adaptive,5,0.8978598819,0.000712249927,0.897653361,0.0007793520058,3801.77521,21.49668725,0.3129468248,0.001614205184,0.002140118147,0.002140118147
icews14_tcomplex_filtered,icews14,continuous_tcomplex,filtered,0.3,kgcp_minmax_static,5,0.8998808167,0.002159624427,0.8995786365,0.00234852544,2342.094207,114.4392268,0.3129468248,0.001614205184,0.001485127993,0.0008021556638
icews14_tcomplex_filtered,icews14,continuous_tcomplex,filtered,0.3,kgcp_negscore_static,5,0.8953777594,0.00101857311,0.8955747438,0.001422792541,3030.026127,44.10073699,0.3129468248,0.001614205184,0.004622240647,0.004622240647
icews14_tcomplex_filtered,icews14,continuous_tcomplex,filtered,0.3,kgcp_softmax_static,5,0.8187014198,0.005897754773,0.8144800434,0.00583946522,2668.083812,59.0936333,0.3129468248,0.001614205184,0.08129858016,0.08129858016
icews14_tcomplex_filtered,icews14,continuous_tcomplex,filtered,0.3,rolling_margin,5,0.898839258,0.0007693832896,0.8985872714,0.0007723845966,3818.049072,20.69854003,0.3129468248,0.001614205184,0.001166960307,0.001163851176
icews14_tcomplex_filtered,icews14,continuous_tcomplex,filtered,0.3,static_margin,5,0.8186081459,0.005500582822,0.8142722562,0.005451538067,2709.931604,57.18571689,0.3129468248,0.001614205184,0.08139185408,0.08139185408
icews14_tcomplex_filtered,icews14,continuous_tcomplex,filtered,0.3,top1,5,0.2267644315,0.001784122782,0.229693525,0.001856111295,1,0,0.3129468248,0.001614205184,0.6732355685,0.6732355685
icews14_tcomplex_filtered,icews14,continuous_tcomplex,filtered,0.3,weighted,5,0.897673334,0.0007051933189,0.897437029,0.0008061380991,3798.779599,19.6684351,0.3129468248,0.001614205184,0.002326665976,0.002326665976
icews14_tcomplex_uniform_sensitivity,icews14,continuous_tcomplex,uniform,0,adaptive,5,0.8977303347,0.0005380183378,0.8973841253,0.0005855769011,3503.380697,153.8044455,0.3216332394,0.001648138621,0.00226966525,0.00226966525
icews14_tcomplex_uniform_sensitivity,icews14,continuous_tcomplex,uniform,0,kgcp_minmax_static,5,0.9018395689,0.002610083197,0.9021450087,0.002704099658,2121.710576,146.9288191,0.3216332394,0.001648138621,0.002030262203,9.534666805e-05
icews14_tcomplex_uniform_sensitivity,icews14,continuous_tcomplex,uniform,0,kgcp_negscore_static,5,0.8971706913,0.001085323334,0.8979872763,0.001022086182,2876.228127,98.78832404,0.3216332394,0.001648138621,0.002829308737,0.002829308737
icews14_tcomplex_uniform_sensitivity,icews14,continuous_tcomplex,uniform,0,kgcp_softmax_static,5,0.8197481604,0.005396472702,0.8159965775,0.005384660518,2434.79046,167.0920587,0.3216332394,0.001648138621,0.08025183957,0.08025183957
icews14_tcomplex_uniform_sensitivity,icews14,continuous_tcomplex,uniform,0,rolling_margin,5,0.8985387087,0.0006891613679,0.8982007407,0.0007413616403,3518.658524,154.9849835,0.3216332394,0.001648138621,0.001461291326,0.001461291326
icews14_tcomplex_uniform_sensitivity,icews14,continuous_tcomplex,uniform,0,static_margin,5,0.8184993264,0.004366925056,0.8144205891,0.004216286592,2467.562457,169.5220703,0.3216332394,0.001648138621,0.08150067364,0.08150067364
icews14_tcomplex_uniform_sensitivity,icews14,continuous_tcomplex,uniform,0,top1,5,0.2317494041,0.00120855714,0.2349011114,0.001461712994,1,0,0.3216332394,0.001648138621,0.6682505959,0.6682505959
icews14_tcomplex_uniform_sensitivity,icews14,continuous_tcomplex,uniform,0,weighted,5,0.8975748782,0.0006265045785,0.8972256352,0.0005855759789,3501.117473,153.9071843,0.3216332394,0.001648138621,0.002425121774,0.002425121774
icews14_tcomplex_uniform_sensitivity,icews14,continuous_tcomplex,uniform,0.3,adaptive,5,0.8978754275,0.0006817181677,0.897652468,0.0005991675139,3775.350425,27.39245898,0.3130988089,0.001836492592,0.002124572495,0.002124572495
icews14_tcomplex_uniform_sensitivity,icews14,continuous_tcomplex,uniform,0.3,kgcp_minmax_static,5,0.9003990051,0.001747052082,0.900070955,0.001729963073,2339.412084,102.5039195,0.3130988089,0.001836492592,0.001153487408,0.0003772411649
icews14_tcomplex_uniform_sensitivity,icews14,continuous_tcomplex,uniform,0.3,kgcp_negscore_static,5,0.8961343144,0.001224669004,0.8963171676,0.001613199352,3055.573044,39.75598655,0.3130988089,0.001836492592,0.003865685563,0.003865685563
icews14_tcomplex_uniform_sensitivity,icews14,continuous_tcomplex,uniform,0.3,kgcp_softmax_static,5,0.8193698829,0.005399569267,0.8151657499,0.004960120718,2652.878158,75.5999334,0.3130988089,0.001836492592,0.08063011711,0.08063011711
icews14_tcomplex_uniform_sensitivity,icews14,continuous_tcomplex,uniform,0.3,rolling_margin,5,0.898704529,0.0006217181307,0.8984707038,0.000559437475,3789.515509,27.07616481,0.3130988089,0.001836492592,0.001295471033,0.001295471033
icews14_tcomplex_uniform_sensitivity,icews14,continuous_tcomplex,uniform,0.3,static_margin,5,0.8194268836,0.005555217853,0.815142057,0.005189488561,2698.311696,73.11732992,0.3130988089,0.001836492592,0.08057311639,0.08057311639
icews14_tcomplex_uniform_sensitivity,icews14,continuous_tcomplex,uniform,0.3,top1,5,0.2269768888,0.002058666113,0.2298344348,0.00224315241,1,0,0.3130988089,0.001836492592,0.6730231112,0.6730231112
icews14_tcomplex_uniform_sensitivity,icews14,continuous_tcomplex,uniform,0.3,weighted,5,0.897673334,0.0005737050185,0.8974132484,0.0005047561534,3772.223458,28.46200755,0.3130988089,0.001836492592,0.002326665976,0.002326665976
