run,dataset_mode,model_name,negative_sampling,deletion_rate,method,answer_group,seed_count,query_count_mean,query_count_sd,mean_answer_count_mean,mean_answer_count_sd,full_set_coverage_mean,full_set_coverage_sd,partial_answer_recall_mean,partial_answer_recall_sd,mean_size_mean,mean_size_sd
icews05_15_distmult_filtered,icews05_15,temporal_distmult,filtered,0,kgcp_softmax_static,multi,5,13594,0,2.235912903,0,0.563763425,0.01287242268,0.7321286819,0.00836953113,865.5240106,12.33356056
icews05_15_distmult_filtered,icews05_15,temporal_distmult,filtered,0,kgcp_softmax_static,single,5,159915,0,1,0,0.8210136635,0.001669183743,0.8210136635,0.001669183743,2114.617646,21.71703872
icews05_15_distmult_filtered,icews05_15,temporal_distmult,filtered,0,rolling_margin,multi,5,13594,0,2.235912903,0,0.7312049434,0.004199152016,0.8432183056,0.002045508122,1930.311593,12.39868163
icews05_15_distmult_filtered,icews05_15,temporal_distmult,filtered,0,rolling_margin,single,5,159915,0,1,0,0.9130237939,0.0004648830835,0.9130237939,0.0004648830835,4119.343467,44.92649273
icews05_15_distmult_filtered,icews05_15,temporal_distmult,filtered,0,static_margin,multi,5,13594,0,2.235912903,0,0.5564808004,0.01410196503,0.7272539064,0.008928586836,881.5682507,17.06963941
icews05_15_distmult_filtered,icews05_15,temporal_distmult,filtered,0,static_margin,single,5,159915,0,1,0,0.817590595,0.001389011908,0.817590595,0.001389011908,2139.820172,30.38418701
icews05_15_distmult_filtered,icews05_15,temporal_distmult,filtered,0.1,kgcp_softmax_static,multi,5,13594,0,2.235912903,0,0.5494335736,0.01435154103,0.7199201068,0.01100658627,906.3976607,22.86813564
icews05_15_distmult_filtered,icews05_15,temporal_distmult,filtered,0.1,kgcp_softmax_static,single,5,159915,0,1,0,0.8202307476,0.003274906624,0.8202307476,0.003274906624,2248.007346,35.62772228
icews05_15_distmult_filtered,icews05_15,temporal_distmult,filtered,0.1,rolling_margin,multi,5,13594,0,2.235912903,0,0.7258937767,0.005392742043,0.8395347817,0.003719276408,2022.602339,18.1367182
icews05_15_distmult_filtered,icews05_15,temporal_distmult,filtered,0.1,rolling_margin,single,5,159915,0,1,0,0.9138192165,0.0008770448626,0.9138192165,0.0008770448626,4305.961119,31.91408055
icews05_15_distmult_filtered,icews05_15,temporal_distmult,filtered,0.1,static_margin,multi,5,13594,0,2.235912903,0,0.54290128,0.01540409001,0.7144550844,0.01151432503,928.4734736,22.56744464
icews05_15_distmult_filtered,icews05_15,temporal_distmult,filtered,0.1,static_margin,single,5,159915,0,1,0,0.81701654,0.003365802031,0.81701654,0.003365802031,2279.102356,31.90152856
icews05_15_distmult_filtered,icews05_15,temporal_distmult,filtered,0.2,kgcp_softmax_static,multi,5,13594,0,2.235912903,0,0.5366632338,0.01216660774,0.7081498119,0.008315099899,970.8013094,16.8541799
icews05_15_distmult_filtered,icews05_15,temporal_distmult,filtered,0.2,kgcp_softmax_static,single,5,159915,0,1,0,0.8201832223,0.002212088268,0.8201832223,0.002212088268,2403.637289,45.1680826
icews05_15_distmult_filtered,icews05_15,temporal_distmult,filtered,0.2,rolling_margin,multi,5,13594,0,2.235912903,0,0.717625423,0.006617829195,0.8343177126,0.002813535255,2146.012344,85.75404263
icews05_15_distmult_filtered,icews05_15,temporal_distmult,filtered,0.2,rolling_margin,single,5,159915,0,1,0,0.9148485133,0.0007345324707,0.9148485133,0.0007345324707,4540.91029,140.6631817
icews05_15_distmult_filtered,icews05_15,temporal_distmult,filtered,0.2,static_margin,multi,5,13594,0,2.235912903,0,0.5315433279,0.01140486519,0.7037689687,0.007557322287,998.472635,17.76805587
icews05_15_distmult_filtered,icews05_15,temporal_distmult,filtered,0.2,static_margin,single,5,159915,0,1,0,0.8177794453,0.002166568097,0.8177794453,0.002166568097,2444.693093,44.98264806
icews05_15_distmult_filtered,icews05_15,temporal_distmult,filtered,0.3,kgcp_softmax_static,multi,5,13594,0,2.235912903,0,0.5356627924,0.01700643103,0.7085509024,0.01565415952,1047.566941,70.72333072
icews05_15_distmult_filtered,icews05_15,temporal_distmult,filtered,0.3,kgcp_softmax_static,single,5,159915,0,1,0,0.8216890223,0.002374050481,0.8216890223,0.002374050481,2570.112576,175.9018339
icews05_15_distmult_filtered,icews05_15,temporal_distmult,filtered,0.3,rolling_margin,multi,5,13594,0,2.235912903,0,0.7099602766,0.01062700384,0.830305001,0.008001236876,2262.770046,164.4001163
icews05_15_distmult_filtered,icews05_15,temporal_distmult,filtered,0.3,rolling_margin,single,5,159915,0,1,0,0.9158340368,0.001816407621,0.9158340368,0.001816407621,4713.592362,266.522254
icews05_15_distmult_filtered,icews05_15,temporal_distmult,filtered,0.3,static_margin,multi,5,13594,0,2.235912903,0,0.5304840371,0.01680969914,0.7046117632,0.01605684452,1080.572223,75.70804575
icews05_15_distmult_filtered,icews05_15,temporal_distmult,filtered,0.3,static_margin,single,5,159915,0,1,0,0.8198030204,0.002233212695,0.8198030204,0.002233212695,2615.774544,183.7034344
icews05_15_distmult_uniform_sensitivity,icews05_15,temporal_distmult,uniform,0,kgcp_softmax_static,multi,5,13594,0,2.235912903,0,0.5757245844,0.007554090858,0.7461400009,0.006651277304,806.059129,10.88881468
icews05_15_distmult_uniform_sensitivity,icews05_15,temporal_distmult,uniform,0,kgcp_softmax_static,single,5,159915,0,1,0,0.8151155301,0.001818568846,0.8151155301,0.001818568846,1961.806583,28.8076595
icews05_15_distmult_uniform_sensitivity,icews05_15,temporal_distmult,uniform,0,rolling_margin,multi,5,13594,0,2.235912903,0,0.7366632338,0.002438328959,0.8577503471,0.002668711818,1779.237031,26.91059647
icews05_15_distmult_uniform_sensitivity,icews05_15,temporal_distmult,uniform,0,rolling_margin,single,5,159915,0,1,0,0.9089003533,0.0006479419434,0.9089003533,0.0006479419434,3838.114961,72.19568526
icews05_15_distmult_uniform_sensitivity,icews05_15,temporal_distmult,uniform,0,static_margin,multi,5,13594,0,2.235912903,0,0.5683831102,0.00648317544,0.7405346674,0.006078213518,822.314065,13.78659011
icews05_15_distmult_uniform_sensitivity,icews05_15,temporal_distmult,uniform,0,static_margin,single,5,159915,0,1,0,0.8120501516,0.001922177018,0.8120501516,0.001922177018,1999.624315,33.76150735
icews05_15_distmult_uniform_sensitivity,icews05_15,temporal_distmult,uniform,0.3,kgcp_softmax_static,multi,5,13594,0,2.235912903,0,0.5364719729,0.005965635992,0.7093611725,0.00548459555,1049.591393,33.18256689
icews05_15_distmult_uniform_sensitivity,icews05_15,temporal_distmult,uniform,0.3,kgcp_softmax_static,single,5,159915,0,1,0,0.8197767564,0.002279855233,0.8197767564,0.002279855233,2576.63363,66.2935562
icews05_15_distmult_uniform_sensitivity,icews05_15,temporal_distmult,uniform,0.3,rolling_margin,multi,5,13594,0,2.235912903,0,0.7144769751,0.005411824009,0.8330025608,0.003485395631,2291.014668,34.20278085
icews05_15_distmult_uniform_sensitivity,icews05_15,temporal_distmult,uniform,0.3,rolling_margin,single,5,159915,0,1,0,0.9150361129,0.0007001068146,0.9150361129,0.0007001068146,4721.688376,83.63235935
icews05_15_distmult_uniform_sensitivity,icews05_15,temporal_distmult,uniform,0.3,static_margin,multi,5,13594,0,2.235912903,0,0.5331322642,0.006237508339,0.7063853313,0.006048650549,1080.642887,36.70005152
icews05_15_distmult_uniform_sensitivity,icews05_15,temporal_distmult,uniform,0.3,static_margin,single,5,159915,0,1,0,0.8179270237,0.002626080354,0.8179270237,0.002626080354,2617.532545,74.48674076
icews05_15_tcomplex_filtered,icews05_15,continuous_tcomplex,filtered,0,kgcp_softmax_static,multi,5,13594,0,2.235912903,0,0.5357804914,0.01548626657,0.7096268837,0.01637747951,905.7345447,156.863155
icews05_15_tcomplex_filtered,icews05_15,continuous_tcomplex,filtered,0,kgcp_softmax_static,single,5,159915,0,1,0,0.820210737,0.005979089959,0.820210737,0.005979089959,2253.10414,362.6645647
icews05_15_tcomplex_filtered,icews05_15,continuous_tcomplex,filtered,0,rolling_margin,multi,5,13594,0,2.235912903,0,0.7097837281,0.01816236352,0.8304230476,0.01306732318,1992.885906,216.3023053
icews05_15_tcomplex_filtered,icews05_15,continuous_tcomplex,filtered,0,rolling_margin,single,5,159915,0,1,0,0.9155326267,0.0031919721,0.9155326267,0.0031919721,4338.773362,414.3285854
icews05_15_tcomplex_filtered,icews05_15,continuous_tcomplex,filtered,0,static_margin,multi,5,13594,0,2.235912903,0,0.5317198764,0.01377232547,0.706262923,0.01528072351,926.0061203,160.8675029
icews05_15_tcomplex_filtered,icews05_15,continuous_tcomplex,filtered,0,static_margin,single,5,159915,0,1,0,0.8180583435,0.006781685844,0.8180583435,0.006781685844,2293.185526,370.5586072
icews05_15_tcomplex_filtered,icews05_15,continuous_tcomplex,filtered,0.3,kgcp_softmax_static,multi,5,13594,0,2.235912903,0,0.5263498602,0.009535757411,0.7008210688,0.01000297783,1006.729925,56.1015715
icews05_15_tcomplex_filtered,icews05_15,continuous_tcomplex,filtered,0.3,kgcp_softmax_static,single,5,159915,0,1,0,0.8210211675,0.002863371529,0.8210211675,0.002863371529,2523.51488,150.7346488
icews05_15_tcomplex_filtered,icews05_15,continuous_tcomplex,filtered,0.3,rolling_margin,multi,5,13594,0,2.235912903,0,0.7030307489,0.009826086594,0.8250190417,0.006925746053,2164.99463,99.90050947
icews05_15_tcomplex_filtered,icews05_15,continuous_tcomplex,filtered,0.3,rolling_margin,single,5,159915,0,1,0,0.9167770378,0.001527856921,0.9167770378,0.001527856921,4676.510214,193.4491871
icews05_15_tcomplex_filtered,icews05_15,continuous_tcomplex,filtered,0.3,static_margin,multi,5,13594,0,2.235912903,0,0.5235545093,0.008996438714,0.6982675262,0.01006837954,1028.650051,59.07800767
icews05_15_tcomplex_filtered,icews05_15,continuous_tcomplex,filtered,0.3,static_margin,single,5,159915,0,1,0,0.8192764906,0.003056197532,0.8192764906,0.003056197532,2561.729269,150.9458126
icews14_distmult_filtered,icews14,temporal_distmult,filtered,0,kgcp_softmax_static,multi,5,3439,0,2.34690317,0,0.5062518174,0.01483701771,0.6972651241,0.00567719228,1189.602268,89.97848841
icews14_distmult_filtered,icews14,temporal_distmult,filtered,0,kgcp_softmax_static,single,5,30525,0,1,0,0.861025389,0.007685192277,0.861025389,0.007685192277,2930.381975,142.0233078
icews14_distmult_filtered,icews14,temporal_distmult,filtered,0,rolling_margin,multi,5,3439,0,2.34690317,0,0.6596103518,0.002438066161,0.8038095292,0.004293737713,2052.558069,48.12419939
icews14_distmult_filtered,icews14,temporal_distmult,filtered,0,rolling_margin,single,5,30525,0,1,0,0.9297231777,0.00168186958,0.9297231777,0.00168186958,4190.914994,83.572775
icews14_distmult_filtered,icews14,temporal_distmult,filtered,0,static_margin,multi,5,3439,0,2.34690317,0,0.5052631579,0.01460381068,0.6954306808,0.007045653651,1225.509683,94.15234505
icews14_distmult_filtered,icews14,temporal_distmult,filtered,0,static_margin,single,5,30525,0,1,0,0.8613267813,0.008235255845,0.8613267813,0.008235255845,2972.256518,151.880588
icews14_distmult_filtered,icews14,temporal_distmult,filtered,0.1,kgcp_softmax_static,multi,5,3439,0,2.34690317,0,0.5046815935,0.005076627588,0.6959689048,0.002327846146,1221.58959,57.26748043
icews14_distmult_filtered,icews14,temporal_distmult,filtered,0.1,kgcp_softmax_static,single,5,30525,0,1,0,0.8612547093,0.005516608594,0.8612547093,0.005516608594,2980.653196,106.3427141
icews14_distmult_filtered,icews14,temporal_distmult,filtered,0.1,rolling_margin,multi,5,3439,0,2.34690317,0,0.65751672,0.00440705349,0.8049796045,0.001039102187,2083.821634,50.09954351
icews14_distmult_filtered,icews14,temporal_distmult,filtered,0.1,rolling_margin,single,5,30525,0,1,0,0.9297821458,0.001778812463,0.9297821458,0.001778812463,4226.768819,84.83738157
icews14_distmult_filtered,icews14,temporal_distmult,filtered,0.1,static_margin,multi,5,3439,0,2.34690317,0,0.5036347776,0.005672116663,0.6939517071,0.003610574918,1265.907706,58.19203363
icews14_distmult_filtered,icews14,temporal_distmult,filtered,0.1,static_margin,single,5,30525,0,1,0,0.8617067977,0.005333681448,0.8617067977,0.005333681448,3025.6865,110.4095814
icews14_distmult_filtered,icews14,temporal_distmult,filtered,0.2,kgcp_softmax_static,multi,5,3439,0,2.34690317,0,0.4947368421,0.009285928343,0.6895975897,0.004001512442,1214.968654,81.57099454
icews14_distmult_filtered,icews14,temporal_distmult,filtered,0.2,kgcp_softmax_static,single,5,30525,0,1,0,0.8581031941,0.006456494665,0.8581031941,0.006456494665,2989.500731,117.3174471
icews14_distmult_filtered,icews14,temporal_distmult,filtered,0.2,rolling_margin,multi,5,3439,0,2.34690317,0,0.6548415237,0.007393534245,0.8024425013,0.004061746949,2104.868392,93.24630975
icews14_distmult_filtered,icews14,temporal_distmult,filtered,0.2,rolling_margin,single,5,30525,0,1,0,0.9302276822,0.001810921749,0.9302276822,0.001810921749,4273.374211,92.48814064
icews14_distmult_filtered,icews14,temporal_distmult,filtered,0.2,static_margin,multi,5,3439,0,2.34690317,0,0.4977028206,0.008516494007,0.6906352668,0.003735025322,1258.296074,88.67206729
icews14_distmult_filtered,icews14,temporal_distmult,filtered,0.2,static_margin,single,5,30525,0,1,0,0.8586535627,0.006797394978,0.8586535627,0.006797394978,3035.890778,127.2868
icews14_distmult_filtered,icews14,temporal_distmult,filtered,0.3,kgcp_softmax_static,multi,5,3439,0,2.34690317,0,0.4984006979,0.006495582409,0.6902221945,0.003338655054,1293.758186,77.96083421
icews14_distmult_filtered,icews14,temporal_distmult,filtered,0.3,kgcp_softmax_static,single,5,30525,0,1,0,0.8606519247,0.007932380418,0.8606519247,0.007932380418,3104.435283,128.1529375
icews14_distmult_filtered,icews14,temporal_distmult,filtered,0.3,rolling_margin,multi,5,3439,0,2.34690317,0,0.6532131434,0.002539978808,0.8025544687,0.00244370724,2161.465833,33.29123405
icews14_distmult_filtered,icews14,temporal_distmult,filtered,0.3,rolling_margin,single,5,30525,0,1,0,0.9305487305,0.002191619259,0.9305487305,0.002191619259,4359.937225,63.76510435
icews14_distmult_filtered,icews14,temporal_distmult,filtered,0.3,static_margin,multi,5,3439,0,2.34690317,0,0.4969467869,0.008827048117,0.6881051155,0.003147577348,1335.010992,88.93435
icews14_distmult_filtered,icews14,temporal_distmult,filtered,0.3,static_margin,single,5,30525,0,1,0,0.859977068,0.009183578562,0.859977068,0.009183578562,3145.509936,146.9840059
icews14_tcomplex_filtered,icews14,continuous_tcomplex,filtered,0,kgcp_softmax_static,multi,5,3439,0,2.34690317,0,0.4829310846,0.005824361016,0.681261092,0.005532466287,1107.057982,51.95175503
icews14_tcomplex_filtered,icews14,continuous_tcomplex,filtered,0,kgcp_softmax_static,single,5,30525,0,1,0,0.8618050778,0.004972655721,0.8618050778,0.004972655721,2888.806323,82.13117924
icews14_tcomplex_filtered,icews14,continuous_tcomplex,filtered,0,rolling_margin,multi,5,3439,0,2.34690317,0,0.6388485025,0.002543305566,0.7923827199,0.003568081256,1912.609072,49.35666152
icews14_tcomplex_filtered,icews14,continuous_tcomplex,filtered,0,rolling_margin,single,5,30525,0,1,0,0.9314266994,0.002454642601,0.9314266994,0.002454642601,4110.116639,76.4265203
icews14_tcomplex_filtered,icews14,continuous_tcomplex,filtered,0,static_margin,multi,5,3439,0,2.34690317,0,0.4820005816,0.00666456065,0.6794270871,0.005696119835,1139.296074,53.41174089
icews14_tcomplex_filtered,icews14,continuous_tcomplex,filtered,0,static_margin,single,5,30525,0,1,0,0.8611760852,0.004998380182,0.8611760852,0.004998380182,2922.863037,86.9267052
icews14_tcomplex_filtered,icews14,continuous_tcomplex,filtered,0.1,kgcp_softmax_static,multi,5,3439,0,2.34690317,0,0.4760104682,0.00697574326,0.6767700708,0.003957862511,1098.232626,32.75434962
icews14_tcomplex_filtered,icews14,continuous_tcomplex,filtered,0.1,kgcp_softmax_static,single,5,30525,0,1,0,0.8593284193,0.005442012395,0.8593284193,0.005442012395,2890.104308,59.33179613
icews14_tcomplex_filtered,icews14,continuous_tcomplex,filtered,0.1,rolling_margin,multi,5,3439,0,2.34690317,0,0.6361151498,0.002605707103,0.7907749644,0.002274475117,1941.56214,27.20396867
icews14_tcomplex_filtered,icews14,continuous_tcomplex,filtered,0.1,rolling_margin,single,5,30525,0,1,0,0.9317870598,0.0007096158856,0.9317870598,0.0007096158856,4155.35601,42.75932925
icews14_tcomplex_filtered,icews14,continuous_tcomplex,filtered,0.1,static_margin,multi,5,3439,0,2.34690317,0,0.4745565571,0.006212812044,0.6756594729,0.003291054535,1131.667403,32.00424305
icews14_tcomplex_filtered,icews14,continuous_tcomplex,filtered,0.1,static_margin,single,5,30525,0,1,0,0.8592039312,0.005528220341,0.8592039312,0.005528220341,2927.315355,62.06612185
icews14_tcomplex_filtered,icews14,continuous_tcomplex,filtered,0.2,kgcp_softmax_static,multi,5,3439,0,2.34690317,0,0.4777551614,0.004786879219,0.6775418383,0.00147011689,1153.875778,47.46737565
icews14_tcomplex_filtered,icews14,continuous_tcomplex,filtered,0.2,kgcp_softmax_static,single,5,30525,0,1,0,0.8617985258,0.007634092864,0.8617985258,0.007634092864,2993.677458,79.57289611
icews14_tcomplex_filtered,icews14,continuous_tcomplex,filtered,0.2,rolling_margin,multi,5,3439,0,2.34690317,0,0.6349520209,0.002142731425,0.7908888433,0.002195098756,1986.890375,39.06374424
icews14_tcomplex_filtered,icews14,continuous_tcomplex,filtered,0.2,rolling_margin,single,5,30525,0,1,0,0.931970516,0.001463167369,0.931970516,0.001463167369,4230.244665,40.86778384
icews14_tcomplex_filtered,icews14,continuous_tcomplex,filtered,0.2,static_margin,multi,5,3439,0,2.34690317,0,0.4730444897,0.00404699469,0.6739460625,0.002812407728,1180.797557,47.57490649
icews14_tcomplex_filtered,icews14,continuous_tcomplex,filtered,0.2,static_margin,single,5,30525,0,1,0,0.8603636364,0.006894784552,0.8603636364,0.006894784552,3017.602588,78.93124863
icews14_tcomplex_filtered,icews14,continuous_tcomplex,filtered,0.3,kgcp_softmax_static,multi,5,3439,0,2.34690317,0,0.4687409131,0.006794603923,0.674213574,0.005634857563,1195.824193,42.58688122
icews14_tcomplex_filtered,icews14,continuous_tcomplex,filtered,0.3,kgcp_softmax_static,single,5,30525,0,1,0,0.8621719902,0.006541900478,0.8621719902,0.006541900478,3083.447325,63.9588879
icews14_tcomplex_filtered,icews14,continuous_tcomplex,filtered,0.3,rolling_margin,multi,5,3439,0,2.34690317,0,0.6310555394,0.007844116076,0.7901032548,0.004155883964,2045.863565,19.50899235
icews14_tcomplex_filtered,icews14,continuous_tcomplex,filtered,0.3,rolling_margin,single,5,30525,0,1,0,0.9325733006,0.001557290808,0.9325733006,0.001557290808,4323.858713,22.27419384
icews14_tcomplex_filtered,icews14,continuous_tcomplex,filtered,0.3,static_margin,multi,5,3439,0,2.34690317,0,0.4671706892,0.006919761164,0.6723728765,0.005544344149,1234.188311,46.03998176
icews14_tcomplex_filtered,icews14,continuous_tcomplex,filtered,0.3,static_margin,single,5,30525,0,1,0,0.8623882064,0.005948341548,0.8623882064,0.005948341548,3126.502342,60.94618177
icews14_tcomplex_uniform_sensitivity,icews14,continuous_tcomplex,uniform,0,kgcp_softmax_static,multi,5,3439,0,2.34690317,0,0.486013376,0.005422912699,0.6875564616,0.006314454766,1073.022681,105.9948149
icews14_tcomplex_uniform_sensitivity,icews14,continuous_tcomplex,uniform,0,kgcp_softmax_static,single,5,30525,0,1,0,0.8592497952,0.009044397771,0.8592497952,0.009044397771,2818.26398,185.5634175
icews14_tcomplex_uniform_sensitivity,icews14,continuous_tcomplex,uniform,0,rolling_margin,multi,5,3439,0,2.34690317,0,0.6410002908,0.006956322326,0.7988745588,0.00715444325,1837.726083,109.3756415
icews14_tcomplex_uniform_sensitivity,icews14,continuous_tcomplex,uniform,0,rolling_margin,single,5,30525,0,1,0,0.928989353,0.004417481183,0.928989353,0.004417481183,3996.443735,170.7704055
icews14_tcomplex_uniform_sensitivity,icews14,continuous_tcomplex,uniform,0,static_margin,multi,5,3439,0,2.34690317,0,0.4820005816,0.00317605523,0.6839764358,0.00674273875,1103.820238,106.2455579
icews14_tcomplex_uniform_sensitivity,icews14,continuous_tcomplex,uniform,0,static_margin,single,5,30525,0,1,0,0.8585356265,0.008654057326,0.8585356265,0.008654057326,2851.530175,188.7197761
icews14_tcomplex_uniform_sensitivity,icews14,continuous_tcomplex,uniform,0.3,kgcp_softmax_static,multi,5,3439,0,2.34690317,0,0.4713579529,0.008579307061,0.6773645046,0.005200734278,1186.566851,53.10662256
icews14_tcomplex_uniform_sensitivity,icews14,continuous_tcomplex,uniform,0.3,kgcp_softmax_static,single,5,30525,0,1,0,0.861988534,0.00564858399,0.861988534,0.00564858399,3066.437694,82.13160419
icews14_tcomplex_uniform_sensitivity,icews14,continuous_tcomplex,uniform,0.3,rolling_margin,multi,5,3439,0,2.34690317,0,0.6311136958,0.005352288626,0.7910410668,0.003102926408,2022.686479,26.64981389
icews14_tcomplex_uniform_sensitivity,icews14,continuous_tcomplex,uniform,0.3,rolling_margin,single,5,30525,0,1,0,0.9318001638,0.001812550768,0.9318001638,0.001812550768,4293.643715,28.30999228
icews14_tcomplex_uniform_sensitivity,icews14,continuous_tcomplex,uniform,0.3,static_margin,multi,5,3439,0,2.34690317,0,0.4709508578,0.007914405739,0.6759949204,0.004870819681,1226.163245,58.23760883
icews14_tcomplex_uniform_sensitivity,icews14,continuous_tcomplex,uniform,0.3,static_margin,single,5,30525,0,1,0,0.8623292383,0.005944325773,0.8623292383,0.005944325773,3113.669766,77.5227939
