dataset_mode,model_name,seed,deletion_rate,method,filtered_run,uniform_run,coverage_filtered_minus_uniform,mean_size_filtered_minus_uniform,mrr_filtered_minus_uniform
icews05_15,temporal_distmult,17,0,adaptive,icews05_15_distmult_filtered,icews05_15_distmult_uniform_sensitivity,7.356418475e-05,270.2186695,0.000352280261
icews05_15,temporal_distmult,17,0,kgcp_minmax_static,icews05_15_distmult_filtered,icews05_15_distmult_uniform_sensitivity,0.001423992433,27.25391729,0.000352280261
icews05_15,temporal_distmult,17,0,kgcp_negscore_static,icews05_15_distmult_filtered,icews05_15_distmult_uniform_sensitivity,5.254584625e-06,-22.73858441,0.000352280261
icews05_15,temporal_distmult,17,0,kgcp_softmax_static,icews05_15_distmult_filtered,icews05_15_distmult_uniform_sensitivity,0.001802322526,164.3612895,0.000352280261
icews05_15,temporal_distmult,17,0,rolling_margin,icews05_15_distmult_filtered,icews05_15_distmult_uniform_sensitivity,0.0003940938469,282.6664022,0.000352280261
icews05_15,temporal_distmult,17,0,static_margin,icews05_15_distmult_filtered,icews05_15_distmult_uniform_sensitivity,0.00161315748,163.4928695,0.000352280261
icews05_15,temporal_distmult,17,0,top1,icews05_15_distmult_filtered,icews05_15_distmult_uniform_sensitivity,0.0004256213546,0,0.000352280261
icews05_15,temporal_distmult,17,0,weighted,icews05_15_distmult_filtered,icews05_15_distmult_uniform_sensitivity,0.0003625663391,278.2864011,0.000352280261
icews05_15,temporal_distmult,17,0.3,adaptive,icews05_15_distmult_filtered,icews05_15_distmult_uniform_sensitivity,0.0004729126163,186.9308076,0.0007677928165
icews05_15,temporal_distmult,17,0.3,kgcp_minmax_static,icews05_15_distmult_filtered,icews05_15_distmult_uniform_sensitivity,-0.0008512427093,-17.44912511,0.0007677928165
icews05_15,temporal_distmult,17,0.3,kgcp_negscore_static,icews05_15_distmult_filtered,icews05_15_distmult_uniform_sensitivity,0.0007093689244,51.31511219,0.0007677928165
icews05_15,temporal_distmult,17,0.3,kgcp_softmax_static,icews05_15_distmult_filtered,icews05_15_distmult_uniform_sensitivity,-0.000924806894,97.77184068,0.0007677928165
icews05_15,temporal_distmult,17,0.3,rolling_margin,icews05_15_distmult_filtered,icews05_15_distmult_uniform_sensitivity,0.0003993484315,184.2912143,0.0007677928165
icews05_15,temporal_distmult,17,0.3,static_margin,icews05_15_distmult_filtered,icews05_15_distmult_uniform_sensitivity,-0.000966843571,104.6908465,0.0007677928165
icews05_15,temporal_distmult,17,0.3,top1,icews05_15_distmult_filtered,icews05_15_distmult_uniform_sensitivity,0.0003573117545,0,0.0007677928165
icews05_15,temporal_distmult,17,0.3,weighted,icews05_15_distmult_filtered,icews05_15_distmult_uniform_sensitivity,0.0005254584625,189.9253218,0.0007677928165
icews05_15,temporal_distmult,29,0,adaptive,icews05_15_distmult_filtered,icews05_15_distmult_uniform_sensitivity,0.0001734012926,195.8153802,-0.0001741561429
icews05_15,temporal_distmult,29,0,kgcp_minmax_static,icews05_15_distmult_filtered,icews05_15_distmult_uniform_sensitivity,0.000798696863,-2.926435815,-0.0001741561429
icews05_15,temporal_distmult,29,0,kgcp_negscore_static,icews05_15_distmult_filtered,icews05_15_distmult_uniform_sensitivity,0.0003415480006,20.09291157,-0.0001741561429
icews05_15,temporal_distmult,29,0,kgcp_softmax_static,icews05_15_distmult_filtered,icews05_15_distmult_uniform_sensitivity,0.001912668804,96.46782092,-0.0001741561429
icews05_15,temporal_distmult,29,0,rolling_margin,icews05_15_distmult_filtered,icews05_15_distmult_uniform_sensitivity,0.0004308759393,204.8397036,-0.0001741561429
icews05_15,temporal_distmult,29,0,static_margin,icews05_15_distmult_filtered,icews05_15_distmult_uniform_sensitivity,0.001723503757,77.57281278,-0.0001741561429
icews05_15,temporal_distmult,29,0,top1,icews05_15_distmult_filtered,icews05_15_distmult_uniform_sensitivity,9.983710788e-05,0,-0.0001741561429
icews05_15,temporal_distmult,29,0,weighted,icews05_15_distmult_filtered,icews05_15_distmult_uniform_sensitivity,0.0003678209238,200.66966,-0.0001741561429
icews05_15,temporal_distmult,29,0.3,adaptive,icews05_15_distmult_filtered,icews05_15_distmult_uniform_sensitivity,-5.254584625e-05,30.7428669,0.0007773998353
icews05_15,temporal_distmult,29,0.3,kgcp_minmax_static,icews05_15_distmult_filtered,icews05_15_distmult_uniform_sensitivity,0.001187536125,-3.480405654,0.0007773998353
icews05_15,temporal_distmult,29,0.3,kgcp_negscore_static,icews05_15_distmult_filtered,icews05_15_distmult_uniform_sensitivity,0.001150754033,34.37998529,0.0007773998353
icews05_15,temporal_distmult,29,0.3,kgcp_softmax_static,icews05_15_distmult_filtered,icews05_15_distmult_uniform_sensitivity,0.001066680679,59.28280174,0.0007773998353
icews05_15,temporal_distmult,29,0.3,rolling_margin,icews05_15_distmult_filtered,icews05_15_distmult_uniform_sensitivity,9.458252325e-05,36.15013399,0.0007773998353
icews05_15,temporal_distmult,29,0.3,static_margin,icews05_15_distmult_filtered,icews05_15_distmult_uniform_sensitivity,0.001634175818,73.5187431,0.0007773998353
icews05_15,temporal_distmult,29,0.3,top1,icews05_15_distmult_filtered,icews05_15_distmult_uniform_sensitivity,0.0007934422784,0,0.0007773998353
icews05_15,temporal_distmult,29,0.3,weighted,icews05_15_distmult_filtered,icews05_15_distmult_uniform_sensitivity,0.0001786558773,35.29248594,0.0007773998353
icews05_15,temporal_distmult,43,0,adaptive,icews05_15_distmult_filtered,icews05_15_distmult_uniform_sensitivity,0.0006095318165,294.5768588,0.001137715365
icews05_15,temporal_distmult,43,0,kgcp_minmax_static,icews05_15_distmult_filtered,icews05_15_distmult_uniform_sensitivity,-0.000714623509,-13.49847092,0.001137715365
icews05_15,temporal_distmult,43,0,kgcp_negscore_static,icews05_15_distmult_filtered,icews05_15_distmult_uniform_sensitivity,0.0006358047396,20.99871788,0.001137715365
icews05_15,temporal_distmult,43,0,kgcp_softmax_static,icews05_15_distmult_filtered,icews05_15_distmult_uniform_sensitivity,0.001518574957,143.0855184,0.001137715365
icews05_15,temporal_distmult,43,0,rolling_margin,icews05_15_distmult_filtered,icews05_15_distmult_uniform_sensitivity,0.0006095318165,292.5569282,0.001137715365
icews05_15,temporal_distmult,43,0,static_margin,icews05_15_distmult_filtered,icews05_15_distmult_uniform_sensitivity,0.001833850034,138.4842573,0.001137715365
icews05_15,temporal_distmult,43,0,top1,icews05_15_distmult_filtered,icews05_15_distmult_uniform_sensitivity,0.0006778414166,0,0.001137715365
icews05_15,temporal_distmult,43,0,weighted,icews05_15_distmult_filtered,icews05_15_distmult_uniform_sensitivity,0.0006042772319,294.5038884,0.001137715365
icews05_15,temporal_distmult,43,0.3,adaptive,icews05_15_distmult_filtered,icews05_15_distmult_uniform_sensitivity,-1.576375388e-05,76.90431927,0.0006594833076
icews05_15,temporal_distmult,43,0.3,kgcp_minmax_static,icews05_15_distmult_filtered,icews05_15_distmult_uniform_sensitivity,-3.678209238e-05,-28.45095371,0.0006594833076
icews05_15,temporal_distmult,43,0.3,kgcp_negscore_static,icews05_15_distmult_filtered,icews05_15_distmult_uniform_sensitivity,-0.000378330093,-55.22558983,0.0006594833076
icews05_15,temporal_distmult,43,0.3,kgcp_softmax_static,icews05_15_distmult_filtered,icews05_15_distmult_uniform_sensitivity,0.0008197152015,63.78053702,0.0006594833076
icews05_15,temporal_distmult,43,0.3,rolling_margin,icews05_15_distmult_filtered,icews05_15_distmult_uniform_sensitivity,0.0002154379696,80.56156797,0.0006594833076
icews05_15,temporal_distmult,43,0.3,static_margin,icews05_15_distmult_filtered,icews05_15_distmult_uniform_sensitivity,-0.0004046030161,49.7640744,0.0006594833076
icews05_15,temporal_distmult,43,0.3,top1,icews05_15_distmult_filtered,icews05_15_distmult_uniform_sensitivity,0.0004046030161,0,0.0006594833076
icews05_15,temporal_distmult,43,0.3,weighted,icews05_15_distmult_filtered,icews05_15_distmult_uniform_sensitivity,0.0001523829541,79.42446009,0.0006594833076
icews05_15,temporal_distmult,59,0,adaptive,icews05_15_distmult_filtered,icews05_15_distmult_uniform_sensitivity,-0.0003152750775,255.3868057,0.0005232445732
icews05_15,temporal_distmult,59,0,kgcp_minmax_static,icews05_15_distmult_filtered,icews05_15_distmult_uniform_sensitivity,0.001928432557,30.15073827,0.0005232445732
icews05_15,temporal_distmult,59,0,kgcp_negscore_static,icews05_15_distmult_filtered,icews05_15_distmult_uniform_sensitivity,0.0007408964321,-14.79161894,0.0005232445732
icews05_15,temporal_distmult,59,0,kgcp_softmax_static,icews05_15_distmult_filtered,icews05_15_distmult_uniform_sensitivity,0.00566969681,180.0595029,0.0005232445732
icews05_15,temporal_distmult,59,0,rolling_margin,icews05_15_distmult_filtered,icews05_15_distmult_uniform_sensitivity,0.0001944196311,266.6440912,0.0005232445732
icews05_15,temporal_distmult,59,0,static_margin,icews05_15_distmult_filtered,icews05_15_distmult_uniform_sensitivity,0.005070674163,162.3392885,0.0005232445732
icews05_15,temporal_distmult,59,0,top1,icews05_15_distmult_filtered,icews05_15_distmult_uniform_sensitivity,0.001297882402,0,0.0005232445732
icews05_15,temporal_distmult,59,0,weighted,icews05_15_distmult_filtered,icews05_15_distmult_uniform_sensitivity,0,265.811413,0.0005232445732
icews05_15,temporal_distmult,59,0.3,adaptive,icews05_15_distmult_filtered,icews05_15_distmult_uniform_sensitivity,8.4073354e-05,-457.5384741,-0.002073606647
icews05_15,temporal_distmult,59,0.3,kgcp_minmax_static,icews05_15_distmult_filtered,icews05_15_distmult_uniform_sensitivity,-0.001355682833,102.7962955,-0.002073606647
icews05_15,temporal_distmult,59,0.3,kgcp_negscore_static,icews05_15_distmult_filtered,icews05_15_distmult_uniform_sensitivity,0.00168146708,425.6321528,-0.002073606647
icews05_15,temporal_distmult,59,0.3,kgcp_softmax_static,icews05_15_distmult_filtered,icews05_15_distmult_uniform_sensitivity,0.005007619148,-353.5971783,-0.002073606647
icews05_15,temporal_distmult,59,0.3,rolling_margin,icews05_15_distmult_filtered,icews05_15_distmult_uniform_sensitivity,6.830960013e-05,-455.3957596,-0.002073606647
icews05_15,temporal_distmult,59,0.3,static_margin,icews05_15_distmult_filtered,icews05_15_distmult_uniform_sensitivity,0.003725500499,-359.3506332,-0.002073606647
icews05_15,temporal_distmult,59,0.3,top1,icews05_15_distmult_filtered,icews05_15_distmult_uniform_sensitivity,-0.005406967579,0,-0.002073606647
icews05_15,temporal_distmult,59,0.3,weighted,icews05_15_distmult_filtered,icews05_15_distmult_uniform_sensitivity,3.678209238e-05,-459.6746834,-0.002073606647
icews05_15,temporal_distmult,71,0,adaptive,icews05_15_distmult_filtered,icews05_15_distmult_uniform_sensitivity,5.780043088e-05,245.815438,-0.001345402964
icews05_15,temporal_distmult,71,0,kgcp_minmax_static,icews05_15_distmult_filtered,icews05_15_distmult_uniform_sensitivity,0.0005202038779,-2.572760233,-0.001345402964
icews05_15,temporal_distmult,71,0,kgcp_negscore_static,icews05_15_distmult_filtered,icews05_15_distmult_uniform_sensitivity,0.001082444433,36.09276969,-0.001345402964
icews05_15,temporal_distmult,71,0,kgcp_softmax_static,icews05_15_distmult_filtered,icews05_15_distmult_uniform_sensitivity,-0.0001208554464,102.6743524,-0.001345402964
icews05_15,temporal_distmult,71,0,rolling_margin,icews05_15_distmult_filtered,icews05_15_distmult_uniform_sensitivity,-2.10183385e-05,250.1892544,-0.001345402964
icews05_15,temporal_distmult,71,0,static_margin,icews05_15_distmult_filtered,icews05_15_distmult_uniform_sensitivity,-0.0001734012926,91.71196469,-0.001345402964
icews05_15,temporal_distmult,71,0,top1,icews05_15_distmult_filtered,icews05_15_distmult_uniform_sensitivity,-0.0006358047396,0,-0.001345402964
icews05_15,temporal_distmult,71,0,weighted,icews05_15_distmult_filtered,icews05_15_distmult_uniform_sensitivity,7.356418475e-05,246.7715885,-0.001345402964
icews05_15,temporal_distmult,71,0.3,adaptive,icews05_15_distmult_filtered,icews05_15_distmult_uniform_sensitivity,-4.2036677e-05,97.06565078,0.0009752148965
icews05_15,temporal_distmult,71,0.3,kgcp_minmax_static,icews05_15_distmult_filtered,icews05_15_distmult_uniform_sensitivity,-0.001255845725,-54.20861226,0.0009752148965
icews05_15,temporal_distmult,71,0.3,kgcp_negscore_static,icews05_15_distmult_filtered,icews05_15_distmult_uniform_sensitivity,0.001029898587,36.35017603,0.0009752148965
icews05_15,temporal_distmult,71,0.3,kgcp_softmax_static,icews05_15_distmult_filtered,icews05_15_distmult_uniform_sensitivity,0.0009090431401,103.5064316,0.0009752148965
icews05_15,temporal_distmult,71,0.3,rolling_margin,icews05_15_distmult_filtered,icews05_15_distmult_uniform_sensitivity,4.2036677e-05,97.53338238,0.0009752148965
icews05_15,temporal_distmult,71,0.3,static_margin,icews05_15_distmult_filtered,icews05_15_distmult_uniform_sensitivity,0.001812831696,124.0092113,0.0009752148965
icews05_15,temporal_distmult,71,0.3,top1,icews05_15_distmult_filtered,icews05_15_distmult_uniform_sensitivity,0.001539593295,0,0.0009752148965
icews05_15,temporal_distmult,71,0.3,weighted,icews05_15_distmult_filtered,icews05_15_distmult_uniform_sensitivity,-5.780043088e-05,95.07404235,0.0009752148965
icews14,continuous_tcomplex,17,0,adaptive,icews14_tcomplex_filtered,icews14_tcomplex_uniform_sensitivity,0.0007254637786,281.7656234,0.002209100023
icews14,continuous_tcomplex,17,0,kgcp_minmax_static,icews14_tcomplex_filtered,icews14_tcomplex_uniform_sensitivity,0.001710021764,-11.45276713,0.002209100023
icews14,continuous_tcomplex,17,0,kgcp_negscore_static,icews14_tcomplex_filtered,icews14_tcomplex_uniform_sensitivity,5.181884133e-05,-99.5340968,0.002209100023
icews14,continuous_tcomplex,17,0,kgcp_softmax_static,icews14_tcomplex_filtered,icews14_tcomplex_uniform_sensitivity,0.00391232252,247.5434501,0.002209100023
icews14,continuous_tcomplex,17,0,rolling_margin,icews14_tcomplex_filtered,icews14_tcomplex_uniform_sensitivity,0.0008291014613,281.407037,0.002209100023
icews14,continuous_tcomplex,17,0,static_margin,icews14_tcomplex_filtered,icews14_tcomplex_uniform_sensitivity,0.0077728262,284.5740232,0.002209100023
icews14,continuous_tcomplex,17,0,top1,icews14_tcomplex_filtered,icews14_tcomplex_uniform_sensitivity,0.002824126853,0,0.002209100023
icews14,continuous_tcomplex,17,0,weighted,icews14_tcomplex_filtered,icews14_tcomplex_uniform_sensitivity,0.0009586485646,281.7715307,0.002209100023
icews14,continuous_tcomplex,17,0.3,adaptive,icews14_tcomplex_filtered,icews14_tcomplex_uniform_sensitivity,0.00038864131,26.99497357,-0.0001912874559
icews14,continuous_tcomplex,17,0.3,kgcp_minmax_static,icews14_tcomplex_filtered,icews14_tcomplex_uniform_sensitivity,-0.003782775417,-38.3369002,-0.0001912874559
icews14,continuous_tcomplex,17,0.3,kgcp_negscore_static,icews14_tcomplex_filtered,icews14_tcomplex_uniform_sensitivity,-0.0006477355166,-63.65063737,-0.0001912874559
icews14,continuous_tcomplex,17,0.3,kgcp_softmax_static,icews14_tcomplex_filtered,icews14_tcomplex_uniform_sensitivity,-0.005311431236,-47.31744222,-0.0001912874559
icews14,continuous_tcomplex,17,0.3,rolling_margin,icews14_tcomplex_filtered,icews14_tcomplex_uniform_sensitivity,0.000466369572,26.13607628,-0.0001912874559
icews14,continuous_tcomplex,17,0.3,static_margin,icews14_tcomplex_filtered,icews14_tcomplex_uniform_sensitivity,-0.004508239196,-45.57503368,-0.0001912874559
icews14,continuous_tcomplex,17,0.3,top1,icews14_tcomplex_filtered,icews14_tcomplex_uniform_sensitivity,-0.0005959166753,0,-0.0001912874559
icews14,continuous_tcomplex,17,0.3,weighted,icews14_tcomplex_filtered,icews14_tcomplex_uniform_sensitivity,2.590942067e-05,23.59669396,-0.0001912874559
icews14,continuous_tcomplex,29,0,adaptive,icews14_tcomplex_filtered,icews14_tcomplex_uniform_sensitivity,-0.0004404601513,25.3256296,0.0002828607257
icews14,continuous_tcomplex,29,0,kgcp_minmax_static,icews14_tcomplex_filtered,icews14_tcomplex_uniform_sensitivity,0.0003627318893,-11.10659136,0.0002828607257
icews14,continuous_tcomplex,29,0,kgcp_negscore_static,icews14_tcomplex_filtered,icews14_tcomplex_uniform_sensitivity,-0.0001036376827,-3.145300031,0.0002828607257
icews14,continuous_tcomplex,29,0,kgcp_softmax_static,icews14_tcomplex_filtered,icews14_tcomplex_uniform_sensitivity,-0.0004922789926,15.04433102,0.0002828607257
icews14,continuous_tcomplex,29,0,rolling_margin,icews14_tcomplex_filtered,icews14_tcomplex_uniform_sensitivity,-0.0003368224686,24.44214426,0.0002828607257
icews14,continuous_tcomplex,29,0,static_margin,icews14_tcomplex_filtered,icews14_tcomplex_uniform_sensitivity,-0.0001036376827,18.96636957,0.0002828607257
icews14,continuous_tcomplex,29,0,top1,icews14_tcomplex_filtered,icews14_tcomplex_uniform_sensitivity,0.00038864131,0,0.0002828607257
icews14,continuous_tcomplex,29,0,weighted,icews14_tcomplex_filtered,icews14_tcomplex_uniform_sensitivity,-0.000544097834,23.62884755,0.0002828607257
icews14,continuous_tcomplex,29,0.3,adaptive,icews14_tcomplex_filtered,icews14_tcomplex_uniform_sensitivity,-0.000466369572,34.48878122,-0.0006977920567
icews14,continuous_tcomplex,29,0.3,kgcp_minmax_static,icews14_tcomplex_filtered,icews14_tcomplex_uniform_sensitivity,0.001191833351,-1.577909628,-0.0006977920567
icews14,continuous_tcomplex,29,0.3,kgcp_negscore_static,icews14_tcomplex_filtered,icews14_tcomplex_uniform_sensitivity,-0.001528655819,-23.45924448,-0.0006977920567
icews14,continuous_tcomplex,29,0.3,kgcp_softmax_static,icews14_tcomplex_filtered,icews14_tcomplex_uniform_sensitivity,0.003135039901,81.58684838,-0.0006977920567
icews14,continuous_tcomplex,29,0.3,rolling_margin,icews14_tcomplex_filtered,icews14_tcomplex_uniform_sensitivity,-2.590942067e-05,40.37436522,-0.0006977920567
icews14,continuous_tcomplex,29,0.3,static_margin,icews14_tcomplex_filtered,icews14_tcomplex_uniform_sensitivity,0.002202300757,64.98517981,-0.0006977920567
icews14,continuous_tcomplex,29,0.3,top1,icews14_tcomplex_filtered,icews14_tcomplex_uniform_sensitivity,-0.0004145507306,0,-0.0006977920567
icews14,continuous_tcomplex,29,0.3,weighted,icews14_tcomplex_filtered,icews14_tcomplex_uniform_sensitivity,-0.0002072753653,38.11273189,-0.0006977920567
icews14,continuous_tcomplex,43,0,adaptive,icews14_tcomplex_filtered,icews14_tcomplex_uniform_sensitivity,0.000233184786,23.32283138,0.001306862975
icews14,continuous_tcomplex,43,0,kgcp_minmax_static,icews14_tcomplex_filtered,icews14_tcomplex_uniform_sensitivity,-0.001425018137,38.31422945,0.001306862975
icews14,continuous_tcomplex,43,0,kgcp_negscore_static,icews14_tcomplex_filtered,icews14_tcomplex_uniform_sensitivity,-0.0002850036273,-111.3660224,0.001306862975
icews14,continuous_tcomplex,43,0,kgcp_softmax_static,icews14_tcomplex_filtered,icews14_tcomplex_uniform_sensitivity,-0.00468960514,-59.09485439,0.001306862975
icews14,continuous_tcomplex,43,0,rolling_margin,icews14_tcomplex_filtered,icews14_tcomplex_uniform_sensitivity,0.0005181884133,29.63050575,0.001306862975
icews14,continuous_tcomplex,43,0,static_margin,icews14_tcomplex_filtered,icews14_tcomplex_uniform_sensitivity,-0.003290496424,-57.28834594,0.001306862975
icews14,continuous_tcomplex,43,0,top1,icews14_tcomplex_filtered,icews14_tcomplex_uniform_sensitivity,0.0003368224686,0,0.001306862975
icews14,continuous_tcomplex,43,0,weighted,icews14_tcomplex_filtered,icews14_tcomplex_uniform_sensitivity,-0.0001036376827,18.94564204,0.001306862975
icews14,continuous_tcomplex,43,0.3,adaptive,icews14_tcomplex_filtered,icews14_tcomplex_uniform_sensitivity,-0.0005181884133,25.38379625,-2.128198173e-05
icews14,continuous_tcomplex,43,0.3,kgcp_minmax_static,icews14_tcomplex_filtered,icews14_tcomplex_uniform_sensitivity,0.00116592393,11.6130428,-2.128198173e-05
icews14,continuous_tcomplex,43,0.3,kgcp_negscore_static,icews14_tcomplex_filtered,icews14_tcomplex_uniform_sensitivity,-0.0009845579853,-25.80119702,-2.128198173e-05
icews14,continuous_tcomplex,43,0.3,kgcp_softmax_static,icews14_tcomplex_filtered,icews14_tcomplex_uniform_sensitivity,0.001217742771,35.7241424,-2.128198173e-05
icews14,continuous_tcomplex,43,0.3,rolling_margin,icews14_tcomplex_filtered,icews14_tcomplex_uniform_sensitivity,-0.0006477355166,27.45390714,-2.128198173e-05
icews14,continuous_tcomplex,43,0.3,static_margin,icews14_tcomplex_filtered,icews14_tcomplex_uniform_sensitivity,-0.0001813659447,22.61760286,-2.128198173e-05
icews14,continuous_tcomplex,43,0.3,top1,icews14_tcomplex_filtered,icews14_tcomplex_uniform_sensitivity,0.0002850036273,0,-2.128198173e-05
icews14,continuous_tcomplex,43,0.3,weighted,icews14_tcomplex_filtered,icews14_tcomplex_uniform_sensitivity,-0.000233184786,28.69644523,-2.128198173e-05
icews14,continuous_tcomplex,59,0,adaptive,icews14_tcomplex_filtered,icews14_tcomplex_uniform_sensitivity,-0.000699554358,104.8993419,-0.0001158866477
icews14,continuous_tcomplex,59,0,kgcp_minmax_static,icews14_tcomplex_filtered,icews14_tcomplex_uniform_sensitivity,0.0009586485646,114.2578246,-0.0001158866477
icews14,continuous_tcomplex,59,0,kgcp_negscore_static,icews14_tcomplex_filtered,icews14_tcomplex_uniform_sensitivity,0.0002590942067,121.4283086,-0.0001158866477
icews14,continuous_tcomplex,59,0,kgcp_softmax_static,icews14_tcomplex_filtered,icews14_tcomplex_uniform_sensitivity,0.001373199295,50.59270391,-0.0001158866477
icews14,continuous_tcomplex,59,0,rolling_margin,icews14_tcomplex_filtered,icews14_tcomplex_uniform_sensitivity,-0.000855010882,101.385584,-0.0001158866477
icews14,continuous_tcomplex,59,0,static_margin,icews14_tcomplex_filtered,icews14_tcomplex_uniform_sensitivity,-0.0002072753653,25.71383045,-0.0001158866477
icews14,continuous_tcomplex,59,0,top1,icews14_tcomplex_filtered,icews14_tcomplex_uniform_sensitivity,-0.000155456524,0,-0.0001158866477
icews14,continuous_tcomplex,59,0,weighted,icews14_tcomplex_filtered,icews14_tcomplex_uniform_sensitivity,-0.0008809203026,99.16493937,-0.0001158866477
icews14,continuous_tcomplex,59,0.3,adaptive,icews14_tcomplex_filtered,icews14_tcomplex_uniform_sensitivity,-0.0004145507306,13.15646699,0.000789992563
icews14,continuous_tcomplex,59,0.3,kgcp_minmax_static,icews14_tcomplex_filtered,icews14_tcomplex_uniform_sensitivity,-0.001269561613,-24.26419836,0.000789992563
icews14,continuous_tcomplex,59,0.3,kgcp_negscore_static,icews14_tcomplex_filtered,icews14_tcomplex_uniform_sensitivity,0.0002072753653,-3.636439009,0.000789992563
icews14,continuous_tcomplex,59,0.3,kgcp_softmax_static,icews14_tcomplex_filtered,icews14_tcomplex_uniform_sensitivity,0.001606384081,27.50310913,0.000789992563
icews14,continuous_tcomplex,59,0.3,rolling_margin,icews14_tcomplex_filtered,icews14_tcomplex_uniform_sensitivity,-0.000155456524,15.72258783,0.000789992563
icews14,continuous_tcomplex,59,0.3,static_margin,icews14_tcomplex_filtered,icews14_tcomplex_uniform_sensitivity,0.001243652192,28.32658825,0.000789992563
icews14,continuous_tcomplex,59,0.3,top1,icews14_tcomplex_filtered,icews14_tcomplex_uniform_sensitivity,0.0009068297233,0,0.000789992563
icews14,continuous_tcomplex,59,0.3,weighted,icews14_tcomplex_filtered,icews14_tcomplex_uniform_sensitivity,-0.00038864131,10.12231837,0.000789992563
icews14,continuous_tcomplex,71,0,adaptive,icews14_tcomplex_filtered,icews14_tcomplex_uniform_sensitivity,-0.0003368224686,94.02976992,0.001143538449
icews14,continuous_tcomplex,71,0,kgcp_minmax_static,icews14_tcomplex_filtered,icews14_tcomplex_uniform_sensitivity,-0.003083221059,-42.11721422,0.001143538449
icews14,continuous_tcomplex,71,0,kgcp_negscore_static,icews14_tcomplex_filtered,icews14_tcomplex_uniform_sensitivity,0.0005700072546,22.01132242,0.001143538449
icews14,continuous_tcomplex,71,0,kgcp_softmax_static,icews14_tcomplex_filtered,icews14_tcomplex_uniform_sensitivity,0.001425018137,57.9620427,0.001143538449
icews14,continuous_tcomplex,71,0,rolling_margin,icews14_tcomplex_filtered,icews14_tcomplex_uniform_sensitivity,-0.0007513731993,86.48621619,0.001143538449
icews14,continuous_tcomplex,71,0,static_margin,icews14_tcomplex_filtered,icews14_tcomplex_uniform_sensitivity,-0.0004145507306,44.06112032,0.001143538449
icews14,continuous_tcomplex,71,0,top1,icews14_tcomplex_filtered,icews14_tcomplex_uniform_sensitivity,0.001425018137,0,0.001143538449
icews14,continuous_tcomplex,71,0,weighted,icews14_tcomplex_filtered,icews14_tcomplex_uniform_sensitivity,-0.0001036376827,96.63589491,0.001143538449
icews14,continuous_tcomplex,71,0.3,adaptive,icews14_tcomplex_filtered,icews14_tcomplex_uniform_sensitivity,0.000932739144,32.09990673,-0.0006395515527
icews14,continuous_tcomplex,71,0.3,kgcp_minmax_static,icews14_tcomplex_filtered,icews14_tcomplex_uniform_sensitivity,0.0001036376827,65.97657788,-0.0006395515527
icews14,continuous_tcomplex,71,0.3,kgcp_negscore_static,icews14_tcomplex_filtered,icews14_tcomplex_uniform_sensitivity,-0.0008291014613,-11.18706602,-0.0006395515527
icews14,continuous_tcomplex,71,0.3,kgcp_softmax_static,icews14_tcomplex_filtered,icews14_tcomplex_uniform_sensitivity,-0.003990050782,-21.46839051,-0.0006395515527
icews14,continuous_tcomplex,71,0.3,rolling_margin,icews14_tcomplex_filtered,icews14_tcomplex_uniform_sensitivity,0.001036376827,32.98087885,-0.0006395515527
icews14,continuous_tcomplex,71,0.3,static_margin,icews14_tcomplex_filtered,icews14_tcomplex_uniform_sensitivity,-0.002850036273,-12.25479324,-0.0006395515527
icews14,continuous_tcomplex,71,0.3,top1,icews14_tcomplex_filtered,icews14_tcomplex_uniform_sensitivity,-0.001243652192,0,-0.0006395515527
icews14,continuous_tcomplex,71,0.3,weighted,icews14_tcomplex_filtered,icews14_tcomplex_uniform_sensitivity,0.0008031920406,32.25251321,-0.0006395515527
