case,dataset_mode,model_name,deletion_rate,family,comparison,metric,left_method,right_method,observed,ci95_low,ci95_high,pvalue_positive,pvalue_negative,block_length,iterations,seed_count,timestamp_count,excluded_timestamp_count,weighting
icews05_15_continuous_complex,icews05_15,continuous_tcomplex,0.3,history_policy,label_margin_rolling-minus-label_margin_static,absolute_target_error_reduction,label_margin_rolling,label_margin_static,0.0824213126,0.07622007808,0.08884623761,4.999750012e-05,1,3,20000,5,804,0,label_count
icews05_15_continuous_complex,icews05_15,continuous_tcomplex,0.3,history_policy,label_margin_rolling-minus-label_margin_static,absolute_target_error_reduction,label_margin_rolling,label_margin_static,0.0824213126,0.0735436682,0.09111064227,4.999750012e-05,1,7,20000,5,804,0,label_count
icews05_15_continuous_complex,icews05_15,continuous_tcomplex,0.3,history_policy,label_margin_rolling-minus-label_margin_static,absolute_target_error_reduction,label_margin_rolling,label_margin_static,0.0824213126,0.07069325762,0.09409204421,4.999750012e-05,1,14,20000,5,804,0,label_count
icews05_15_continuous_complex,icews05_15,continuous_tcomplex,0.3,history_policy,label_margin_rolling-minus-label_margin_static,absolute_target_error_reduction,label_margin_rolling,label_margin_static,0.0824213126,0.06830653887,0.09610794523,4.999750012e-05,1,21,20000,5,804,0,label_count
icews05_15_continuous_complex,icews05_15,continuous_tcomplex,0.3,history_policy,label_margin_rolling-minus-label_margin_static,full_set_coverage,label_margin_rolling,label_margin_static,0.1039231394,0.09776013748,0.1101447875,4.999750012e-05,1,3,20000,5,804,0,query_count
icews05_15_continuous_complex,icews05_15,continuous_tcomplex,0.3,history_policy,label_margin_rolling-minus-label_margin_static,full_set_coverage,label_margin_rolling,label_margin_static,0.1039231394,0.09515367755,0.1126989169,4.999750012e-05,1,7,20000,5,804,0,query_count
icews05_15_continuous_complex,icews05_15,continuous_tcomplex,0.3,history_policy,label_margin_rolling-minus-label_margin_static,full_set_coverage,label_margin_rolling,label_margin_static,0.1039231394,0.09167870826,0.1158045696,4.999750012e-05,1,14,20000,5,804,0,query_count
icews05_15_continuous_complex,icews05_15,continuous_tcomplex,0.3,history_policy,label_margin_rolling-minus-label_margin_static,full_set_coverage,label_margin_rolling,label_margin_static,0.1039231394,0.089115371,0.1181839118,4.999750012e-05,1,21,20000,5,804,0,query_count
icews05_15_continuous_complex,icews05_15,continuous_tcomplex,0.3,history_policy,label_margin_rolling-minus-label_margin_static,label_coverage,label_margin_rolling,label_margin_static,0.1024749094,0.0964550191,0.1085547896,4.999750012e-05,1,3,20000,5,804,0,label_count
icews05_15_continuous_complex,icews05_15,continuous_tcomplex,0.3,history_policy,label_margin_rolling-minus-label_margin_static,label_coverage,label_margin_rolling,label_margin_static,0.1024749094,0.09375595831,0.111128205,4.999750012e-05,1,7,20000,5,804,0,label_count
icews05_15_continuous_complex,icews05_15,continuous_tcomplex,0.3,history_policy,label_margin_rolling-minus-label_margin_static,label_coverage,label_margin_rolling,label_margin_static,0.1024749094,0.09057348569,0.114152204,4.999750012e-05,1,14,20000,5,804,0,label_count
icews05_15_continuous_complex,icews05_15,continuous_tcomplex,0.3,history_policy,label_margin_rolling-minus-label_margin_static,label_coverage,label_margin_rolling,label_margin_static,0.1024749094,0.08826361839,0.1165117783,4.999750012e-05,1,21,20000,5,804,0,label_count
icews05_15_continuous_complex,icews05_15,continuous_tcomplex,0.3,history_policy,label_margin_rolling-minus-label_margin_static,mean_set_size,label_margin_rolling,label_margin_static,2038.123559,1929.894802,2144.413142,4.999750012e-05,1,3,20000,5,804,0,query_count
icews05_15_continuous_complex,icews05_15,continuous_tcomplex,0.3,history_policy,label_margin_rolling-minus-label_margin_static,mean_set_size,label_margin_rolling,label_margin_static,2038.123559,1888.450976,2181.629043,4.999750012e-05,1,7,20000,5,804,0,query_count
icews05_15_continuous_complex,icews05_15,continuous_tcomplex,0.3,history_policy,label_margin_rolling-minus-label_margin_static,mean_set_size,label_margin_rolling,label_margin_static,2038.123559,1840.870515,2229.40053,4.999750012e-05,1,14,20000,5,804,0,query_count
icews05_15_continuous_complex,icews05_15,continuous_tcomplex,0.3,history_policy,label_margin_rolling-minus-label_margin_static,mean_set_size,label_margin_rolling,label_margin_static,2038.123559,1805.526609,2258.411629,4.999750012e-05,1,21,20000,5,804,0,query_count
icews05_15_distmult,icews05_15,temporal_distmult,0.3,history_policy,label_margin_rolling-minus-label_margin_static,absolute_target_error_reduction,label_margin_rolling,label_margin_static,0.08109232305,0.07455818584,0.08771252381,4.999750012e-05,1,3,20000,5,804,0,label_count
icews05_15_distmult,icews05_15,temporal_distmult,0.3,history_policy,label_margin_rolling-minus-label_margin_static,absolute_target_error_reduction,label_margin_rolling,label_margin_static,0.08109232305,0.07233437735,0.09015029411,4.999750012e-05,1,7,20000,5,804,0,label_count
icews05_15_distmult,icews05_15,temporal_distmult,0.3,history_policy,label_margin_rolling-minus-label_margin_static,absolute_target_error_reduction,label_margin_rolling,label_margin_static,0.08109232305,0.06900140209,0.09281300347,4.999750012e-05,1,14,20000,5,804,0,label_count
icews05_15_distmult,icews05_15,temporal_distmult,0.3,history_policy,label_margin_rolling-minus-label_margin_static,absolute_target_error_reduction,label_margin_rolling,label_margin_static,0.08109232305,0.06671269614,0.09510677374,4.999750012e-05,1,21,20000,5,804,0,label_count
icews05_15_distmult,icews05_15,temporal_distmult,0.3,history_policy,label_margin_rolling-minus-label_margin_static,full_set_coverage,label_margin_rolling,label_margin_static,0.1025687428,0.09618086557,0.1089581897,4.999750012e-05,1,3,20000,5,804,0,query_count
icews05_15_distmult,icews05_15,temporal_distmult,0.3,history_policy,label_margin_rolling-minus-label_margin_static,full_set_coverage,label_margin_rolling,label_margin_static,0.1025687428,0.09355200023,0.1114949109,4.999750012e-05,1,7,20000,5,804,0,query_count
icews05_15_distmult,icews05_15,temporal_distmult,0.3,history_policy,label_margin_rolling-minus-label_margin_static,full_set_coverage,label_margin_rolling,label_margin_static,0.1025687428,0.09019027545,0.1146475909,4.999750012e-05,1,14,20000,5,804,0,query_count
icews05_15_distmult,icews05_15,temporal_distmult,0.3,history_policy,label_margin_rolling-minus-label_margin_static,full_set_coverage,label_margin_rolling,label_margin_static,0.1025687428,0.08806360787,0.1167044734,4.999750012e-05,1,21,20000,5,804,0,query_count
icews05_15_distmult,icews05_15,temporal_distmult,0.3,history_policy,label_margin_rolling-minus-label_margin_static,label_coverage,label_margin_rolling,label_margin_static,0.1011454994,0.09466073025,0.1076706908,4.999750012e-05,1,3,20000,5,804,0,label_count
icews05_15_distmult,icews05_15,temporal_distmult,0.3,history_policy,label_margin_rolling-minus-label_margin_static,label_coverage,label_margin_rolling,label_margin_static,0.1011454994,0.09213673346,0.1101955238,4.999750012e-05,1,7,20000,5,804,0,label_count
icews05_15_distmult,icews05_15,temporal_distmult,0.3,history_policy,label_margin_rolling-minus-label_margin_static,label_coverage,label_margin_rolling,label_margin_static,0.1011454994,0.08903341857,0.1130517227,4.999750012e-05,1,14,20000,5,804,0,label_count
icews05_15_distmult,icews05_15,temporal_distmult,0.3,history_policy,label_margin_rolling-minus-label_margin_static,label_coverage,label_margin_rolling,label_margin_static,0.1011454994,0.08679232688,0.1155006175,4.999750012e-05,1,21,20000,5,804,0,label_count
icews05_15_distmult,icews05_15,temporal_distmult,0.3,history_policy,label_margin_rolling-minus-label_margin_static,mean_set_size,label_margin_rolling,label_margin_static,2026.081484,1904.517154,2150.867919,4.999750012e-05,1,3,20000,5,804,0,query_count
icews05_15_distmult,icews05_15,temporal_distmult,0.3,history_policy,label_margin_rolling-minus-label_margin_static,mean_set_size,label_margin_rolling,label_margin_static,2026.081484,1866.983367,2183.221485,4.999750012e-05,1,7,20000,5,804,0,query_count
icews05_15_distmult,icews05_15,temporal_distmult,0.3,history_policy,label_margin_rolling-minus-label_margin_static,mean_set_size,label_margin_rolling,label_margin_static,2026.081484,1821.746221,2224.284933,4.999750012e-05,1,14,20000,5,804,0,query_count
icews05_15_distmult,icews05_15,temporal_distmult,0.3,history_policy,label_margin_rolling-minus-label_margin_static,mean_set_size,label_margin_rolling,label_margin_static,2026.081484,1786.063692,2253.194597,4.999750012e-05,1,21,20000,5,804,0,query_count
icews14_continuous_complex,icews14,continuous_tcomplex,0.3,history_policy,label_margin_rolling-minus-label_margin_static,absolute_target_error_reduction,label_margin_rolling,label_margin_static,0.06694061561,0.05308916034,0.08196530513,4.999750012e-05,1,3,20000,5,73,0,label_count
icews14_continuous_complex,icews14,continuous_tcomplex,0.3,history_policy,label_margin_rolling-minus-label_margin_static,absolute_target_error_reduction,label_margin_rolling,label_margin_static,0.06694061561,0.04884847089,0.08752752625,4.999750012e-05,1,7,20000,5,73,0,label_count
icews14_continuous_complex,icews14,continuous_tcomplex,0.3,history_policy,label_margin_rolling-minus-label_margin_static,absolute_target_error_reduction,label_margin_rolling,label_margin_static,0.06694061561,0.04403001669,0.09289413725,4.999750012e-05,1,14,20000,5,73,0,label_count
icews14_continuous_complex,icews14,continuous_tcomplex,0.3,history_policy,label_margin_rolling-minus-label_margin_static,absolute_target_error_reduction,label_margin_rolling,label_margin_static,0.06694061561,0.04203012115,0.09463789495,4.999750012e-05,1,21,20000,5,73,0,label_count
icews14_continuous_complex,icews14,continuous_tcomplex,0.3,history_policy,label_margin_rolling-minus-label_margin_static,full_set_coverage,label_margin_rolling,label_margin_static,0.07967259451,0.06544078475,0.09468739502,4.999750012e-05,1,3,20000,5,73,0,query_count
icews14_continuous_complex,icews14,continuous_tcomplex,0.3,history_policy,label_margin_rolling-minus-label_margin_static,full_set_coverage,label_margin_rolling,label_margin_static,0.07967259451,0.06106441149,0.1003626055,4.999750012e-05,1,7,20000,5,73,0,query_count
icews14_continuous_complex,icews14,continuous_tcomplex,0.3,history_policy,label_margin_rolling-minus-label_margin_static,full_set_coverage,label_margin_rolling,label_margin_static,0.07967259451,0.05697271211,0.1055171475,4.999750012e-05,1,14,20000,5,73,0,query_count
icews14_continuous_complex,icews14,continuous_tcomplex,0.3,history_policy,label_margin_rolling-minus-label_margin_static,full_set_coverage,label_margin_rolling,label_margin_static,0.07967259451,0.05502172961,0.1065941882,4.999750012e-05,1,21,20000,5,73,0,query_count
icews14_continuous_complex,icews14,continuous_tcomplex,0.3,history_policy,label_margin_rolling-minus-label_margin_static,label_coverage,label_margin_rolling,label_margin_static,0.08023111203,0.06596866777,0.09572173339,4.999750012e-05,1,3,20000,5,73,0,label_count
icews14_continuous_complex,icews14,continuous_tcomplex,0.3,history_policy,label_margin_rolling-minus-label_margin_static,label_coverage,label_margin_rolling,label_margin_static,0.08023111203,0.06123232418,0.1013899411,4.999750012e-05,1,7,20000,5,73,0,label_count
icews14_continuous_complex,icews14,continuous_tcomplex,0.3,history_policy,label_margin_rolling-minus-label_margin_static,label_coverage,label_margin_rolling,label_margin_static,0.08023111203,0.05729758533,0.1062919124,4.999750012e-05,1,14,20000,5,73,0,label_count
icews14_continuous_complex,icews14,continuous_tcomplex,0.3,history_policy,label_margin_rolling-minus-label_margin_static,label_coverage,label_margin_rolling,label_margin_static,0.08023111203,0.05451895444,0.1081867203,4.999750012e-05,1,21,20000,5,73,0,label_count
icews14_continuous_complex,icews14,continuous_tcomplex,0.3,history_policy,label_margin_rolling-minus-label_margin_static,mean_set_size,label_margin_rolling,label_margin_static,1158.304652,991.9534369,1327.023529,4.999750012e-05,1,3,20000,5,73,0,query_count
icews14_continuous_complex,icews14,continuous_tcomplex,0.3,history_policy,label_margin_rolling-minus-label_margin_static,mean_set_size,label_margin_rolling,label_margin_static,1158.304652,947.0331599,1382.386025,4.999750012e-05,1,7,20000,5,73,0,query_count
icews14_continuous_complex,icews14,continuous_tcomplex,0.3,history_policy,label_margin_rolling-minus-label_margin_static,mean_set_size,label_margin_rolling,label_margin_static,1158.304652,903.5753829,1427.649074,4.999750012e-05,1,14,20000,5,73,0,query_count
icews14_continuous_complex,icews14,continuous_tcomplex,0.3,history_policy,label_margin_rolling-minus-label_margin_static,mean_set_size,label_margin_rolling,label_margin_static,1158.304652,889.158012,1445.573542,4.999750012e-05,1,21,20000,5,73,0,query_count
icews14_distmult,icews14,temporal_distmult,0.3,history_policy,label_margin_rolling-minus-label_margin_static,absolute_target_error_reduction,label_margin_rolling,label_margin_static,0.06461913152,0.05063756675,0.08012522055,4.999750012e-05,1,3,20000,5,73,0,label_count
icews14_distmult,icews14,temporal_distmult,0.3,history_policy,label_margin_rolling-minus-label_margin_static,absolute_target_error_reduction,label_margin_rolling,label_margin_static,0.06461913152,0.04719805748,0.08484123626,4.999750012e-05,1,7,20000,5,73,0,label_count
icews14_distmult,icews14,temporal_distmult,0.3,history_policy,label_margin_rolling-minus-label_margin_static,absolute_target_error_reduction,label_margin_rolling,label_margin_static,0.06461913152,0.04298957736,0.08972121122,4.999750012e-05,1,14,20000,5,73,0,label_count
icews14_distmult,icews14,temporal_distmult,0.3,history_policy,label_margin_rolling-minus-label_margin_static,absolute_target_error_reduction,label_margin_rolling,label_margin_static,0.06461913152,0.04120166713,0.0910895947,4.999750012e-05,1,21,20000,5,73,0,label_count
icews14_distmult,icews14,temporal_distmult,0.3,history_policy,label_margin_rolling-minus-label_margin_static,full_set_coverage,label_margin_rolling,label_margin_static,0.07924861618,0.06528054326,0.09430132394,4.999750012e-05,1,3,20000,5,73,0,query_count
icews14_distmult,icews14,temporal_distmult,0.3,history_policy,label_margin_rolling-minus-label_margin_static,full_set_coverage,label_margin_rolling,label_margin_static,0.07924861618,0.06151640823,0.09942070765,4.999750012e-05,1,7,20000,5,73,0,query_count
icews14_distmult,icews14,temporal_distmult,0.3,history_policy,label_margin_rolling-minus-label_margin_static,full_set_coverage,label_margin_rolling,label_margin_static,0.07924861618,0.05770002659,0.1043780459,4.999750012e-05,1,14,20000,5,73,0,query_count
icews14_distmult,icews14,temporal_distmult,0.3,history_policy,label_margin_rolling-minus-label_margin_static,full_set_coverage,label_margin_rolling,label_margin_static,0.07924861618,0.05627627032,0.1054787618,4.999750012e-05,1,21,20000,5,73,0,query_count
icews14_distmult,icews14,temporal_distmult,0.3,history_policy,label_margin_rolling-minus-label_margin_static,label_coverage,label_margin_rolling,label_margin_static,0.07980619753,0.06597449,0.09502340527,4.999750012e-05,1,3,20000,5,73,0,label_count
icews14_distmult,icews14,temporal_distmult,0.3,history_policy,label_margin_rolling-minus-label_margin_static,label_coverage,label_margin_rolling,label_margin_static,0.07980619753,0.06208044593,0.1005954232,4.999750012e-05,1,7,20000,5,73,0,label_count
icews14_distmult,icews14,temporal_distmult,0.3,history_policy,label_margin_rolling-minus-label_margin_static,label_coverage,label_margin_rolling,label_margin_static,0.07980619753,0.0582774342,0.104617134,4.999750012e-05,1,14,20000,5,73,0,label_count
icews14_distmult,icews14,temporal_distmult,0.3,history_policy,label_margin_rolling-minus-label_margin_static,label_coverage,label_margin_rolling,label_margin_static,0.07980619753,0.05647257052,0.1056675915,4.999750012e-05,1,21,20000,5,73,0,label_count
icews14_distmult,icews14,temporal_distmult,0.3,history_policy,label_margin_rolling-minus-label_margin_static,mean_set_size,label_margin_rolling,label_margin_static,1175.14347,997.1314017,1364.314161,4.999750012e-05,1,3,20000,5,73,0,query_count
icews14_distmult,icews14,temporal_distmult,0.3,history_policy,label_margin_rolling-minus-label_margin_static,mean_set_size,label_margin_rolling,label_margin_static,1175.14347,959.2684346,1415.679739,4.999750012e-05,1,7,20000,5,73,0,query_count
icews14_distmult,icews14,temporal_distmult,0.3,history_policy,label_margin_rolling-minus-label_margin_static,mean_set_size,label_margin_rolling,label_margin_static,1175.14347,918.7810249,1468.946029,4.999750012e-05,1,14,20000,5,73,0,query_count
icews14_distmult,icews14,temporal_distmult,0.3,history_policy,label_margin_rolling-minus-label_margin_static,mean_set_size,label_margin_rolling,label_margin_static,1175.14347,905.8423801,1479.828829,4.999750012e-05,1,21,20000,5,73,0,query_count
icews05_15_continuous_complex,icews05_15,continuous_tcomplex,0.3,query_objective,query_max_margin_rolling-minus-label_margin_rolling,full_set_coverage,query_max_margin_rolling,label_margin_rolling,-0.001363618026,-0.002317312888,-0.0003648357473,0.996100195,0.00394980251,3,20000,5,804,0,query_count
icews05_15_continuous_complex,icews05_15,continuous_tcomplex,0.3,query_objective,query_max_margin_rolling-minus-label_margin_rolling,full_set_coverage,query_max_margin_rolling,label_margin_rolling,-0.001363618026,-0.002426022739,-0.0002910048325,0.9927503625,0.007299635018,7,20000,5,804,0,query_count
icews05_15_continuous_complex,icews05_15,continuous_tcomplex,0.3,query_objective,query_max_margin_rolling-minus-label_margin_rolling,full_set_coverage,query_max_margin_rolling,label_margin_rolling,-0.001363618026,-0.002521533292,-0.00021819387,0.990100495,0.009949502525,14,20000,5,804,0,query_count
icews05_15_continuous_complex,icews05_15,continuous_tcomplex,0.3,query_objective,query_max_margin_rolling-minus-label_margin_rolling,full_set_coverage,query_max_margin_rolling,label_margin_rolling,-0.001363618026,-0.002564252582,-0.0001838063405,0.988300585,0.01174941253,21,20000,5,804,0,query_count
icews05_15_continuous_complex,icews05_15,continuous_tcomplex,0.3,query_objective,query_max_margin_rolling-minus-label_margin_rolling,mean_set_size,query_max_margin_rolling,label_margin_rolling,-47.58254154,-73.04962179,-20.72039671,0.9996500175,0.000399980001,3,20000,5,804,0,query_count
icews05_15_continuous_complex,icews05_15,continuous_tcomplex,0.3,query_objective,query_max_margin_rolling-minus-label_margin_rolling,mean_set_size,query_max_margin_rolling,label_margin_rolling,-47.58254154,-76.58051254,-17.23190832,0.9988500575,0.001199940003,7,20000,5,804,0,query_count
icews05_15_continuous_complex,icews05_15,continuous_tcomplex,0.3,query_objective,query_max_margin_rolling-minus-label_margin_rolling,mean_set_size,query_max_margin_rolling,label_margin_rolling,-47.58254154,-79.73887363,-15.17734383,0.997900105,0.002149892505,14,20000,5,804,0,query_count
icews05_15_continuous_complex,icews05_15,continuous_tcomplex,0.3,query_objective,query_max_margin_rolling-minus-label_margin_rolling,mean_set_size,query_max_margin_rolling,label_margin_rolling,-47.58254154,-81.93406887,-13.62325508,0.997500125,0.002549872506,21,20000,5,804,0,query_count
icews05_15_continuous_complex,icews05_15,continuous_tcomplex,0.3,query_objective,query_max_margin_rolling-minus-label_margin_rolling,multi_minus_single_full_set_coverage,query_max_margin_rolling,label_margin_rolling,-0.002184104793,-0.003916004771,-0.0005724783127,0.9947502625,0.005299735013,3,20000,5,802,0,timestamp_macro
icews05_15_continuous_complex,icews05_15,continuous_tcomplex,0.3,query_objective,query_max_margin_rolling-minus-label_margin_rolling,multi_minus_single_full_set_coverage,query_max_margin_rolling,label_margin_rolling,-0.002184104793,-0.004100989529,-0.0004418493548,0.9924503775,0.007599620019,7,20000,5,802,0,timestamp_macro
icews05_15_continuous_complex,icews05_15,continuous_tcomplex,0.3,query_objective,query_max_margin_rolling-minus-label_margin_rolling,multi_minus_single_full_set_coverage,query_max_margin_rolling,label_margin_rolling,-0.002184104793,-0.004169654109,-0.0003998224457,0.99060047,0.009449527524,14,20000,5,802,0,timestamp_macro
icews05_15_continuous_complex,icews05_15,continuous_tcomplex,0.3,query_objective,query_max_margin_rolling-minus-label_margin_rolling,multi_minus_single_full_set_coverage,query_max_margin_rolling,label_margin_rolling,-0.002184104793,-0.004161417875,-0.000349287136,0.99060047,0.009449527524,21,20000,5,802,0,timestamp_macro
icews05_15_distmult,icews05_15,temporal_distmult,0.3,query_objective,query_max_margin_rolling-minus-label_margin_rolling,full_set_coverage,query_max_margin_rolling,label_margin_rolling,-0.001089280671,-0.002129909505,-8.641091315e-19,0.9750012499,0.02504874756,3,20000,5,804,0,query_count
icews05_15_distmult,icews05_15,temporal_distmult,0.3,query_objective,query_max_margin_rolling-minus-label_margin_rolling,full_set_coverage,query_max_margin_rolling,label_margin_rolling,-0.001089280671,-0.002233863597,9.941089692e-05,0.9643517824,0.03569821509,7,20000,5,804,0,query_count
icews05_15_distmult,icews05_15,temporal_distmult,0.3,query_objective,query_max_margin_rolling-minus-label_margin_rolling,full_set_coverage,query_max_margin_rolling,label_margin_rolling,-0.001089280671,-0.002328227929,0.0001682895099,0.9569521524,0.04309784511,14,20000,5,804,0,query_count
icews05_15_distmult,icews05_15,temporal_distmult,0.3,query_objective,query_max_margin_rolling-minus-label_margin_rolling,full_set_coverage,query_max_margin_rolling,label_margin_rolling,-0.001089280671,-0.002398043649,0.0002074183285,0.9489525524,0.05109744513,21,20000,5,804,0,query_count
icews05_15_distmult,icews05_15,temporal_distmult,0.3,query_objective,query_max_margin_rolling-minus-label_margin_rolling,mean_set_size,query_max_margin_rolling,label_margin_rolling,-39.4058337,-69.169739,-7.971325604,0.9932503375,0.006799660017,3,20000,5,804,0,query_count
icews05_15_distmult,icews05_15,temporal_distmult,0.3,query_objective,query_max_margin_rolling-minus-label_margin_rolling,mean_set_size,query_max_margin_rolling,label_margin_rolling,-39.4058337,-73.63157108,-5.239733014,0.9882505875,0.01179941003,7,20000,5,804,0,query_count
icews05_15_distmult,icews05_15,temporal_distmult,0.3,query_objective,query_max_margin_rolling-minus-label_margin_rolling,mean_set_size,query_max_margin_rolling,label_margin_rolling,-39.4058337,-77.14714877,-2.209955606,0.9807509625,0.01929903505,14,20000,5,804,0,query_count
icews05_15_distmult,icews05_15,temporal_distmult,0.3,query_objective,query_max_margin_rolling-minus-label_margin_rolling,mean_set_size,query_max_margin_rolling,label_margin_rolling,-39.4058337,-79.67996377,-0.58141603,0.9766011699,0.02344882756,21,20000,5,804,0,query_count
icews05_15_distmult,icews05_15,temporal_distmult,0.3,query_objective,query_max_margin_rolling-minus-label_margin_rolling,multi_minus_single_full_set_coverage,query_max_margin_rolling,label_margin_rolling,-0.001785127773,-0.003866142795,0.0001976842899,0.9625018749,0.03754812259,3,20000,5,802,0,timestamp_macro
icews05_15_distmult,icews05_15,temporal_distmult,0.3,query_objective,query_max_margin_rolling-minus-label_margin_rolling,multi_minus_single_full_set_coverage,query_max_margin_rolling,label_margin_rolling,-0.001785127773,-0.004017348058,0.0003027588265,0.9522023899,0.04784760762,7,20000,5,802,0,timestamp_macro
icews05_15_distmult,icews05_15,temporal_distmult,0.3,query_objective,query_max_margin_rolling-minus-label_margin_rolling,multi_minus_single_full_set_coverage,query_max_margin_rolling,label_margin_rolling,-0.001785127773,-0.004063507633,0.0004130970335,0.9443527824,0.05569721514,14,20000,5,802,0,timestamp_macro
icews05_15_distmult,icews05_15,temporal_distmult,0.3,query_objective,query_max_margin_rolling-minus-label_margin_rolling,multi_minus_single_full_set_coverage,query_max_margin_rolling,label_margin_rolling,-0.001785127773,-0.004148353074,0.0004370250792,0.9408529574,0.05919704015,21,20000,5,802,0,timestamp_macro
icews14_continuous_complex,icews14,continuous_tcomplex,0.3,query_objective,query_max_margin_rolling-minus-label_margin_rolling,full_set_coverage,query_max_margin_rolling,label_margin_rolling,-0.007042751148,-0.009369038871,-0.004828432452,1,4.999750012e-05,3,20000,5,73,0,query_count
icews14_continuous_complex,icews14,continuous_tcomplex,0.3,query_objective,query_max_margin_rolling-minus-label_margin_rolling,full_set_coverage,query_max_margin_rolling,label_margin_rolling,-0.007042751148,-0.009287467535,-0.004881644196,1,4.999750012e-05,7,20000,5,73,0,query_count
icews14_continuous_complex,icews14,continuous_tcomplex,0.3,query_objective,query_max_margin_rolling-minus-label_margin_rolling,full_set_coverage,query_max_margin_rolling,label_margin_rolling,-0.007042751148,-0.009079391476,-0.004921369697,1,4.999750012e-05,14,20000,5,73,0,query_count
icews14_continuous_complex,icews14,continuous_tcomplex,0.3,query_objective,query_max_margin_rolling-minus-label_margin_rolling,full_set_coverage,query_max_margin_rolling,label_margin_rolling,-0.007042751148,-0.008901495189,-0.005030090734,1,4.999750012e-05,21,20000,5,73,0,query_count
icews14_continuous_complex,icews14,continuous_tcomplex,0.3,query_objective,query_max_margin_rolling-minus-label_margin_rolling,mean_set_size,query_max_margin_rolling,label_margin_rolling,-123.2478094,-164.9062417,-83.00355851,1,4.999750012e-05,3,20000,5,73,0,query_count
icews14_continuous_complex,icews14,continuous_tcomplex,0.3,query_objective,query_max_margin_rolling-minus-label_margin_rolling,mean_set_size,query_max_margin_rolling,label_margin_rolling,-123.2478094,-164.5909119,-82.89009899,1,4.999750012e-05,7,20000,5,73,0,query_count
icews14_continuous_complex,icews14,continuous_tcomplex,0.3,query_objective,query_max_margin_rolling-minus-label_margin_rolling,mean_set_size,query_max_margin_rolling,label_margin_rolling,-123.2478094,-159.7561663,-85.64727596,1,4.999750012e-05,14,20000,5,73,0,query_count
icews14_continuous_complex,icews14,continuous_tcomplex,0.3,query_objective,query_max_margin_rolling-minus-label_margin_rolling,mean_set_size,query_max_margin_rolling,label_margin_rolling,-123.2478094,-156.9596696,-86.2979375,1,4.999750012e-05,21,20000,5,73,0,query_count
icews14_continuous_complex,icews14,continuous_tcomplex,0.3,query_objective,query_max_margin_rolling-minus-label_margin_rolling,multi_minus_single_full_set_coverage,query_max_margin_rolling,label_margin_rolling,-0.01124137379,-0.01720847395,-0.005347504179,0.9999500025,9.999500025e-05,3,20000,5,73,0,timestamp_macro
icews14_continuous_complex,icews14,continuous_tcomplex,0.3,query_objective,query_max_margin_rolling-minus-label_margin_rolling,multi_minus_single_full_set_coverage,query_max_margin_rolling,label_margin_rolling,-0.01124137379,-0.01724198213,-0.005103325307,0.9997500125,0.0002999850007,7,20000,5,73,0,timestamp_macro
icews14_continuous_complex,icews14,continuous_tcomplex,0.3,query_objective,query_max_margin_rolling-minus-label_margin_rolling,multi_minus_single_full_set_coverage,query_max_margin_rolling,label_margin_rolling,-0.01124137379,-0.01756989752,-0.004674922475,0.999300035,0.0007499625019,14,20000,5,73,0,timestamp_macro
icews14_continuous_complex,icews14,continuous_tcomplex,0.3,query_objective,query_max_margin_rolling-minus-label_margin_rolling,multi_minus_single_full_set_coverage,query_max_margin_rolling,label_margin_rolling,-0.01124137379,-0.01707521014,-0.004963820582,0.9992500375,0.000799960002,21,20000,5,73,0,timestamp_macro
icews14_distmult,icews14,temporal_distmult,0.3,query_objective,query_max_margin_rolling-minus-label_margin_rolling,full_set_coverage,query_max_margin_rolling,label_margin_rolling,-0.008079142622,-0.01059626936,-0.005596376571,1,4.999750012e-05,3,20000,5,73,0,query_count
icews14_distmult,icews14,temporal_distmult,0.3,query_objective,query_max_margin_rolling-minus-label_margin_rolling,full_set_coverage,query_max_margin_rolling,label_margin_rolling,-0.008079142622,-0.01067763036,-0.005790610327,1,4.999750012e-05,7,20000,5,73,0,query_count
icews14_distmult,icews14,temporal_distmult,0.3,query_objective,query_max_margin_rolling-minus-label_margin_rolling,full_set_coverage,query_max_margin_rolling,label_margin_rolling,-0.008079142622,-0.01074818593,-0.005883197508,1,4.999750012e-05,14,20000,5,73,0,query_count
icews14_distmult,icews14,temporal_distmult,0.3,query_objective,query_max_margin_rolling-minus-label_margin_rolling,full_set_coverage,query_max_margin_rolling,label_margin_rolling,-0.008079142622,-0.01054315223,-0.006032864657,1,4.999750012e-05,21,20000,5,73,0,query_count
icews14_distmult,icews14,temporal_distmult,0.3,query_objective,query_max_margin_rolling-minus-label_margin_rolling,mean_set_size,query_max_margin_rolling,label_margin_rolling,-140.5597279,-182.1723625,-98.52918789,1,4.999750012e-05,3,20000,5,73,0,query_count
icews14_distmult,icews14,temporal_distmult,0.3,query_objective,query_max_margin_rolling-minus-label_margin_rolling,mean_set_size,query_max_margin_rolling,label_margin_rolling,-140.5597279,-184.1320428,-100.0524364,1,4.999750012e-05,7,20000,5,73,0,query_count
icews14_distmult,icews14,temporal_distmult,0.3,query_objective,query_max_margin_rolling-minus-label_margin_rolling,mean_set_size,query_max_margin_rolling,label_margin_rolling,-140.5597279,-184.999855,-101.233277,1,4.999750012e-05,14,20000,5,73,0,query_count
icews14_distmult,icews14,temporal_distmult,0.3,query_objective,query_max_margin_rolling-minus-label_margin_rolling,mean_set_size,query_max_margin_rolling,label_margin_rolling,-140.5597279,-181.6681738,-104.2053662,1,4.999750012e-05,21,20000,5,73,0,query_count
icews14_distmult,icews14,temporal_distmult,0.3,query_objective,query_max_margin_rolling-minus-label_margin_rolling,multi_minus_single_full_set_coverage,query_max_margin_rolling,label_margin_rolling,-0.01368304305,-0.02044600782,-0.008084125865,1,4.999750012e-05,3,20000,5,73,0,timestamp_macro
icews14_distmult,icews14,temporal_distmult,0.3,query_objective,query_max_margin_rolling-minus-label_margin_rolling,multi_minus_single_full_set_coverage,query_max_margin_rolling,label_margin_rolling,-0.01368304305,-0.0217809983,-0.007733629186,1,4.999750012e-05,7,20000,5,73,0,timestamp_macro
icews14_distmult,icews14,temporal_distmult,0.3,query_objective,query_max_margin_rolling-minus-label_margin_rolling,multi_minus_single_full_set_coverage,query_max_margin_rolling,label_margin_rolling,-0.01368304305,-0.0228437423,-0.007766627359,1,4.999750012e-05,14,20000,5,73,0,timestamp_macro
icews14_distmult,icews14,temporal_distmult,0.3,query_objective,query_max_margin_rolling-minus-label_margin_rolling,multi_minus_single_full_set_coverage,query_max_margin_rolling,label_margin_rolling,-0.01368304305,-0.02276232295,-0.008108247083,1,4.999750012e-05,21,20000,5,73,0,timestamp_macro
icews05_15_continuous_complex,icews05_15,continuous_tcomplex,0.3,score_function,label_minmax_rolling-minus-label_margin_rolling,label_coverage,label_minmax_rolling,label_margin_rolling,-0.001049866008,-0.002804141112,0.0006888614036,0.8807059647,0.1193440328,3,20000,5,804,0,label_count
icews05_15_continuous_complex,icews05_15,continuous_tcomplex,0.3,score_function,label_minmax_rolling-minus-label_margin_rolling,label_coverage,label_minmax_rolling,label_margin_rolling,-0.001049866008,-0.002454060353,0.0003143197646,0.9371531423,0.06289685516,7,20000,5,804,0,label_count
icews05_15_continuous_complex,icews05_15,continuous_tcomplex,0.3,score_function,label_minmax_rolling-minus-label_margin_rolling,label_coverage,label_minmax_rolling,label_margin_rolling,-0.001049866008,-0.002028224457,-8.697282435e-05,0.98360082,0.01644917754,14,20000,5,804,0,label_count
icews05_15_continuous_complex,icews05_15,continuous_tcomplex,0.3,score_function,label_minmax_rolling-minus-label_margin_rolling,label_coverage,label_minmax_rolling,label_margin_rolling,-0.001049866008,-0.001965480902,-0.0001368082585,0.9877506125,0.01229938503,21,20000,5,804,0,label_count
icews05_15_continuous_complex,icews05_15,continuous_tcomplex,0.3,score_function,label_minmax_rolling-minus-label_margin_rolling,mean_set_size,label_minmax_rolling,label_margin_rolling,-1090.810607,-1292.414886,-807.4018523,1,4.999750012e-05,3,20000,5,804,0,query_count
icews05_15_continuous_complex,icews05_15,continuous_tcomplex,0.3,score_function,label_minmax_rolling-minus-label_margin_rolling,mean_set_size,label_minmax_rolling,label_margin_rolling,-1090.810607,-1302.052694,-800.7197367,1,4.999750012e-05,7,20000,5,804,0,query_count
icews05_15_continuous_complex,icews05_15,continuous_tcomplex,0.3,score_function,label_minmax_rolling-minus-label_margin_rolling,mean_set_size,label_minmax_rolling,label_margin_rolling,-1090.810607,-1312.587297,-793.0090188,1,4.999750012e-05,14,20000,5,804,0,query_count
icews05_15_continuous_complex,icews05_15,continuous_tcomplex,0.3,score_function,label_minmax_rolling-minus-label_margin_rolling,mean_set_size,label_minmax_rolling,label_margin_rolling,-1090.810607,-1322.826453,-792.6713052,1,4.999750012e-05,21,20000,5,804,0,query_count
icews05_15_continuous_complex,icews05_15,continuous_tcomplex,0.3,score_function,label_negscore_rolling-minus-label_margin_rolling,label_coverage,label_negscore_rolling,label_margin_rolling,-0.00187273396,-0.00412469408,0.0002587866565,0.9560521974,0.04399780011,3,20000,5,804,0,label_count
icews05_15_continuous_complex,icews05_15,continuous_tcomplex,0.3,score_function,label_negscore_rolling-minus-label_margin_rolling,label_coverage,label_negscore_rolling,label_margin_rolling,-0.00187273396,-0.003670483726,-9.085444903e-05,0.9806509675,0.01939903005,7,20000,5,804,0,label_count
icews05_15_continuous_complex,icews05_15,continuous_tcomplex,0.3,score_function,label_negscore_rolling-minus-label_margin_rolling,label_coverage,label_negscore_rolling,label_margin_rolling,-0.00187273396,-0.003238645771,-0.000518867244,0.996700165,0.003349832508,14,20000,5,804,0,label_count
icews05_15_continuous_complex,icews05_15,continuous_tcomplex,0.3,score_function,label_negscore_rolling-minus-label_margin_rolling,label_coverage,label_negscore_rolling,label_margin_rolling,-0.00187273396,-0.00312671833,-0.0006210504572,0.9983500825,0.001699915004,21,20000,5,804,0,label_count
icews05_15_continuous_complex,icews05_15,continuous_tcomplex,0.3,score_function,label_negscore_rolling-minus-label_margin_rolling,mean_set_size,label_negscore_rolling,label_margin_rolling,260.1226219,0.2563618775,653.6714828,0.02484875756,0.9752012399,3,20000,5,804,0,query_count
icews05_15_continuous_complex,icews05_15,continuous_tcomplex,0.3,score_function,label_negscore_rolling-minus-label_margin_rolling,mean_set_size,label_negscore_rolling,label_margin_rolling,260.1226219,-20.2994474,658.6136282,0.04214789261,0.9579021049,7,20000,5,804,0,query_count
icews05_15_continuous_complex,icews05_15,continuous_tcomplex,0.3,score_function,label_negscore_rolling-minus-label_margin_rolling,mean_set_size,label_negscore_rolling,label_margin_rolling,260.1226219,-43.00830121,662.8925535,0.05834708265,0.9417029149,14,20000,5,804,0,query_count
icews05_15_continuous_complex,icews05_15,continuous_tcomplex,0.3,score_function,label_negscore_rolling-minus-label_margin_rolling,mean_set_size,label_negscore_rolling,label_margin_rolling,260.1226219,-65.83678941,675.5838603,0.07259637018,0.9274536273,21,20000,5,804,0,query_count
icews05_15_continuous_complex,icews05_15,continuous_tcomplex,0.3,score_function,label_softmax_rolling-minus-label_margin_rolling,label_coverage,label_softmax_rolling,label_margin_rolling,0.08520729336,0.07848809247,0.09051580675,4.999750012e-05,1,3,20000,5,804,0,label_count
icews05_15_continuous_complex,icews05_15,continuous_tcomplex,0.3,score_function,label_softmax_rolling-minus-label_margin_rolling,label_coverage,label_softmax_rolling,label_margin_rolling,0.08520729336,0.07774677203,0.09150781019,4.999750012e-05,1,7,20000,5,804,0,label_count
icews05_15_continuous_complex,icews05_15,continuous_tcomplex,0.3,score_function,label_softmax_rolling-minus-label_margin_rolling,label_coverage,label_softmax_rolling,label_margin_rolling,0.08520729336,0.07625943733,0.09261569975,4.999750012e-05,1,14,20000,5,804,0,label_count
icews05_15_continuous_complex,icews05_15,continuous_tcomplex,0.3,score_function,label_softmax_rolling-minus-label_margin_rolling,label_coverage,label_softmax_rolling,label_margin_rolling,0.08520729336,0.07477509137,0.09348779128,4.999750012e-05,1,21,20000,5,804,0,label_count
icews05_15_continuous_complex,icews05_15,continuous_tcomplex,0.3,score_function,label_softmax_rolling-minus-label_margin_rolling,mean_set_size,label_softmax_rolling,label_margin_rolling,4990.539394,4675.67772,5251.554091,4.999750012e-05,1,3,20000,5,804,0,query_count
icews05_15_continuous_complex,icews05_15,continuous_tcomplex,0.3,score_function,label_softmax_rolling-minus-label_margin_rolling,mean_set_size,label_softmax_rolling,label_margin_rolling,4990.539394,4605.310941,5325.644352,4.999750012e-05,1,7,20000,5,804,0,query_count
icews05_15_continuous_complex,icews05_15,continuous_tcomplex,0.3,score_function,label_softmax_rolling-minus-label_margin_rolling,mean_set_size,label_softmax_rolling,label_margin_rolling,4990.539394,4495.424731,5403.458734,4.999750012e-05,1,14,20000,5,804,0,query_count
icews05_15_continuous_complex,icews05_15,continuous_tcomplex,0.3,score_function,label_softmax_rolling-minus-label_margin_rolling,mean_set_size,label_softmax_rolling,label_margin_rolling,4990.539394,4431.96118,5453.629347,4.999750012e-05,1,21,20000,5,804,0,query_count
icews05_15_distmult,icews05_15,temporal_distmult,0.3,score_function,label_minmax_rolling-minus-label_margin_rolling,label_coverage,label_minmax_rolling,label_margin_rolling,-0.001420839683,-0.003262627849,0.000438247823,0.9312534373,0.06879656017,3,20000,5,804,0,label_count
icews05_15_distmult,icews05_15,temporal_distmult,0.3,score_function,label_minmax_rolling-minus-label_margin_rolling,label_coverage,label_minmax_rolling,label_margin_rolling,-0.001420839683,-0.002922214376,7.773020619e-05,0.9691515424,0.03089845508,7,20000,5,804,0,label_count
icews05_15_distmult,icews05_15,temporal_distmult,0.3,score_function,label_minmax_rolling-minus-label_margin_rolling,label_coverage,label_minmax_rolling,label_margin_rolling,-0.001420839683,-0.002503077992,-0.0003312592696,0.9950502475,0.004999750012,14,20000,5,804,0,label_count
icews05_15_distmult,icews05_15,temporal_distmult,0.3,score_function,label_minmax_rolling-minus-label_margin_rolling,label_coverage,label_minmax_rolling,label_margin_rolling,-0.001420839683,-0.00242612005,-0.0004220885377,0.9971501425,0.002899855007,21,20000,5,804,0,label_count
icews05_15_distmult,icews05_15,temporal_distmult,0.3,score_function,label_minmax_rolling-minus-label_margin_rolling,mean_set_size,label_minmax_rolling,label_margin_rolling,-1187.35635,-1473.101584,-792.6032463,1,4.999750012e-05,3,20000,5,804,0,query_count
icews05_15_distmult,icews05_15,temporal_distmult,0.3,score_function,label_minmax_rolling-minus-label_margin_rolling,mean_set_size,label_minmax_rolling,label_margin_rolling,-1187.35635,-1481.53509,-790.6584936,1,4.999750012e-05,7,20000,5,804,0,query_count
icews05_15_distmult,icews05_15,temporal_distmult,0.3,score_function,label_minmax_rolling-minus-label_margin_rolling,mean_set_size,label_minmax_rolling,label_margin_rolling,-1187.35635,-1489.694685,-785.0067771,1,4.999750012e-05,14,20000,5,804,0,query_count
icews05_15_distmult,icews05_15,temporal_distmult,0.3,score_function,label_minmax_rolling-minus-label_margin_rolling,mean_set_size,label_minmax_rolling,label_margin_rolling,-1187.35635,-1496.875208,-788.1353148,1,4.999750012e-05,21,20000,5,804,0,query_count
icews05_15_distmult,icews05_15,temporal_distmult,0.3,score_function,label_negscore_rolling-minus-label_margin_rolling,label_coverage,label_negscore_rolling,label_margin_rolling,-0.002048237087,-0.0043097456,0.0001924318862,0.9626518674,0.03739813009,3,20000,5,804,0,label_count
icews05_15_distmult,icews05_15,temporal_distmult,0.3,score_function,label_negscore_rolling-minus-label_margin_rolling,label_coverage,label_negscore_rolling,label_margin_rolling,-0.002048237087,-0.00391006312,-0.0002491122269,0.987500625,0.01254937253,7,20000,5,804,0,label_count
icews05_15_distmult,icews05_15,temporal_distmult,0.3,score_function,label_negscore_rolling-minus-label_margin_rolling,label_coverage,label_negscore_rolling,label_margin_rolling,-0.002048237087,-0.003424722607,-0.0006859065939,0.9981500925,0.001899905005,14,20000,5,804,0,label_count
icews05_15_distmult,icews05_15,temporal_distmult,0.3,score_function,label_negscore_rolling-minus-label_margin_rolling,label_coverage,label_negscore_rolling,label_margin_rolling,-0.002048237087,-0.003327078239,-0.0008100444838,0.9995500225,0.0004999750012,21,20000,5,804,0,label_count
icews05_15_distmult,icews05_15,temporal_distmult,0.3,score_function,label_negscore_rolling-minus-label_margin_rolling,mean_set_size,label_negscore_rolling,label_margin_rolling,340.4070129,58.58904119,722.8609294,0.004749762512,0.995300235,3,20000,5,804,0,query_count
icews05_15_distmult,icews05_15,temporal_distmult,0.3,score_function,label_negscore_rolling-minus-label_margin_rolling,mean_set_size,label_negscore_rolling,label_margin_rolling,340.4070129,41.26638922,742.9309616,0.009099545023,0.9909504525,7,20000,5,804,0,query_count
icews05_15_distmult,icews05_15,temporal_distmult,0.3,score_function,label_negscore_rolling-minus-label_margin_rolling,mean_set_size,label_negscore_rolling,label_margin_rolling,340.4070129,19.52080832,734.4010503,0.01749912504,0.9825508725,14,20000,5,804,0,query_count
icews05_15_distmult,icews05_15,temporal_distmult,0.3,score_function,label_negscore_rolling-minus-label_margin_rolling,mean_set_size,label_negscore_rolling,label_margin_rolling,340.4070129,-4.341054054,756.6620185,0.02664866757,0.9734013299,21,20000,5,804,0,query_count
icews05_15_distmult,icews05_15,temporal_distmult,0.3,score_function,label_softmax_rolling-minus-label_margin_rolling,label_coverage,label_softmax_rolling,label_margin_rolling,0.08452735011,0.07691579357,0.09046025851,4.999750012e-05,1,3,20000,5,804,0,label_count
icews05_15_distmult,icews05_15,temporal_distmult,0.3,score_function,label_softmax_rolling-minus-label_margin_rolling,label_coverage,label_softmax_rolling,label_margin_rolling,0.08452735011,0.07602491589,0.09116469638,4.999750012e-05,1,7,20000,5,804,0,label_count
icews05_15_distmult,icews05_15,temporal_distmult,0.3,score_function,label_softmax_rolling-minus-label_margin_rolling,label_coverage,label_softmax_rolling,label_margin_rolling,0.08452735011,0.07474045896,0.09220882195,4.999750012e-05,1,14,20000,5,804,0,label_count
icews05_15_distmult,icews05_15,temporal_distmult,0.3,score_function,label_softmax_rolling-minus-label_margin_rolling,label_coverage,label_softmax_rolling,label_margin_rolling,0.08452735011,0.07355842328,0.09300849888,4.999750012e-05,1,21,20000,5,804,0,label_count
icews05_15_distmult,icews05_15,temporal_distmult,0.3,score_function,label_softmax_rolling-minus-label_margin_rolling,mean_set_size,label_softmax_rolling,label_margin_rolling,4929.487198,4590.5718,5202.073905,4.999750012e-05,1,3,20000,5,804,0,query_count
icews05_15_distmult,icews05_15,temporal_distmult,0.3,score_function,label_softmax_rolling-minus-label_margin_rolling,mean_set_size,label_softmax_rolling,label_margin_rolling,4929.487198,4529.065121,5271.693903,4.999750012e-05,1,7,20000,5,804,0,query_count
icews05_15_distmult,icews05_15,temporal_distmult,0.3,score_function,label_softmax_rolling-minus-label_margin_rolling,mean_set_size,label_softmax_rolling,label_margin_rolling,4929.487198,4440.407597,5328.984815,4.999750012e-05,1,14,20000,5,804,0,query_count
icews05_15_distmult,icews05_15,temporal_distmult,0.3,score_function,label_softmax_rolling-minus-label_margin_rolling,mean_set_size,label_softmax_rolling,label_margin_rolling,4929.487198,4352.533862,5380.49285,4.999750012e-05,1,21,20000,5,804,0,query_count
icews14_continuous_complex,icews14,continuous_tcomplex,0.3,score_function,label_minmax_rolling-minus-label_margin_rolling,label_coverage,label_minmax_rolling,label_margin_rolling,0.0004819152244,-0.004402722978,0.005804124592,0.4316284186,0.5684215789,3,20000,5,73,0,label_count
icews14_continuous_complex,icews14,continuous_tcomplex,0.3,score_function,label_minmax_rolling-minus-label_margin_rolling,label_coverage,label_minmax_rolling,label_margin_rolling,0.0004819152244,-0.003444385789,0.004149516329,0.391180441,0.6088695565,7,20000,5,73,0,label_count
icews14_continuous_complex,icews14,continuous_tcomplex,0.3,score_function,label_minmax_rolling-minus-label_margin_rolling,label_coverage,label_minmax_rolling,label_margin_rolling,0.0004819152244,-0.002482234553,0.003293895898,0.3639318034,0.6361181941,14,20000,5,73,0,label_count
icews14_continuous_complex,icews14,continuous_tcomplex,0.3,score_function,label_minmax_rolling-minus-label_margin_rolling,label_coverage,label_minmax_rolling,label_margin_rolling,0.0004819152244,-0.002026910157,0.002867035846,0.3445827709,0.6554672266,21,20000,5,73,0,label_count
icews14_continuous_complex,icews14,continuous_tcomplex,0.3,score_function,label_minmax_rolling-minus-label_margin_rolling,mean_set_size,label_minmax_rolling,label_margin_rolling,-1649.872141,-1785.839599,-1513.858965,1,4.999750012e-05,3,20000,5,73,0,query_count
icews14_continuous_complex,icews14,continuous_tcomplex,0.3,score_function,label_minmax_rolling-minus-label_margin_rolling,mean_set_size,label_minmax_rolling,label_margin_rolling,-1649.872141,-1787.256608,-1514.396021,1,4.999750012e-05,7,20000,5,73,0,query_count
icews14_continuous_complex,icews14,continuous_tcomplex,0.3,score_function,label_minmax_rolling-minus-label_margin_rolling,mean_set_size,label_minmax_rolling,label_margin_rolling,-1649.872141,-1785.64559,-1508.999229,1,4.999750012e-05,14,20000,5,73,0,query_count
icews14_continuous_complex,icews14,continuous_tcomplex,0.3,score_function,label_minmax_rolling-minus-label_margin_rolling,mean_set_size,label_minmax_rolling,label_margin_rolling,-1649.872141,-1791.039528,-1505.151199,1,4.999750012e-05,21,20000,5,73,0,query_count
icews14_continuous_complex,icews14,continuous_tcomplex,0.3,score_function,label_negscore_rolling-minus-label_margin_rolling,label_coverage,label_negscore_rolling,label_margin_rolling,0.0003212768163,-0.005244803502,0.006261925181,0.4590770461,0.5409729514,3,20000,5,73,0,label_count
icews14_continuous_complex,icews14,continuous_tcomplex,0.3,score_function,label_negscore_rolling-minus-label_margin_rolling,label_coverage,label_negscore_rolling,label_margin_rolling,0.0003212768163,-0.003757414642,0.004319675638,0.4246787661,0.5753712314,7,20000,5,73,0,label_count
icews14_continuous_complex,icews14,continuous_tcomplex,0.3,score_function,label_negscore_rolling-minus-label_margin_rolling,label_coverage,label_negscore_rolling,label_margin_rolling,0.0003212768163,-0.002798792416,0.003234934,0.4076296185,0.592420379,14,20000,5,73,0,label_count
icews14_continuous_complex,icews14,continuous_tcomplex,0.3,score_function,label_negscore_rolling-minus-label_margin_rolling,label_coverage,label_negscore_rolling,label_margin_rolling,0.0003212768163,-0.002110662255,0.002676444058,0.3822308885,0.617819109,21,20000,5,73,0,label_count
icews14_continuous_complex,icews14,continuous_tcomplex,0.3,score_function,label_negscore_rolling-minus-label_margin_rolling,mean_set_size,label_negscore_rolling,label_margin_rolling,-853.9883759,-1019.899072,-690.9775306,1,4.999750012e-05,3,20000,5,73,0,query_count
icews14_continuous_complex,icews14,continuous_tcomplex,0.3,score_function,label_negscore_rolling-minus-label_margin_rolling,mean_set_size,label_negscore_rolling,label_margin_rolling,-853.9883759,-1037.478988,-673.5261246,1,4.999750012e-05,7,20000,5,73,0,query_count
icews14_continuous_complex,icews14,continuous_tcomplex,0.3,score_function,label_negscore_rolling-minus-label_margin_rolling,mean_set_size,label_negscore_rolling,label_margin_rolling,-853.9883759,-1048.285424,-653.7964146,1,4.999750012e-05,14,20000,5,73,0,query_count
icews14_continuous_complex,icews14,continuous_tcomplex,0.3,score_function,label_negscore_rolling-minus-label_margin_rolling,mean_set_size,label_negscore_rolling,label_margin_rolling,-853.9883759,-1064.24702,-635.5622786,1,4.999750012e-05,21,20000,5,73,0,query_count
icews14_continuous_complex,icews14,continuous_tcomplex,0.3,score_function,label_softmax_rolling-minus-label_margin_rolling,label_coverage,label_softmax_rolling,label_margin_rolling,0.06941133796,0.05340652252,0.08472210666,4.999750012e-05,1,3,20000,5,73,0,label_count
icews14_continuous_complex,icews14,continuous_tcomplex,0.3,score_function,label_softmax_rolling-minus-label_margin_rolling,label_coverage,label_softmax_rolling,label_margin_rolling,0.06941133796,0.04717155633,0.0899911866,4.999750012e-05,1,7,20000,5,73,0,label_count
icews14_continuous_complex,icews14,continuous_tcomplex,0.3,score_function,label_softmax_rolling-minus-label_margin_rolling,label_coverage,label_softmax_rolling,label_margin_rolling,0.06941133796,0.0407102831,0.09500480559,4.999750012e-05,1,14,20000,5,73,0,label_count
icews14_continuous_complex,icews14,continuous_tcomplex,0.3,score_function,label_softmax_rolling-minus-label_margin_rolling,label_coverage,label_softmax_rolling,label_margin_rolling,0.06941133796,0.03812654657,0.09687589434,4.999750012e-05,1,21,20000,5,73,0,label_count
icews14_continuous_complex,icews14,continuous_tcomplex,0.3,score_function,label_softmax_rolling-minus-label_margin_rolling,mean_set_size,label_softmax_rolling,label_margin_rolling,2080.5281,1571.324711,2557.670818,4.999750012e-05,1,3,20000,5,73,0,query_count
icews14_continuous_complex,icews14,continuous_tcomplex,0.3,score_function,label_softmax_rolling-minus-label_margin_rolling,mean_set_size,label_softmax_rolling,label_margin_rolling,2080.5281,1381.731222,2712.429045,4.999750012e-05,1,7,20000,5,73,0,query_count
icews14_continuous_complex,icews14,continuous_tcomplex,0.3,score_function,label_softmax_rolling-minus-label_margin_rolling,mean_set_size,label_softmax_rolling,label_margin_rolling,2080.5281,1188.741766,2861.691291,4.999750012e-05,1,14,20000,5,73,0,query_count
icews14_continuous_complex,icews14,continuous_tcomplex,0.3,score_function,label_softmax_rolling-minus-label_margin_rolling,mean_set_size,label_softmax_rolling,label_margin_rolling,2080.5281,1123.261232,2896.336405,4.999750012e-05,1,21,20000,5,73,0,query_count
icews14_distmult,icews14,temporal_distmult,0.3,score_function,label_minmax_rolling-minus-label_margin_rolling,label_coverage,label_minmax_rolling,label_margin_rolling,8.809203026e-05,-0.005008438217,0.005558965109,0.4870756462,0.5129743513,3,20000,5,73,0,label_count
icews14_distmult,icews14,temporal_distmult,0.3,score_function,label_minmax_rolling-minus-label_margin_rolling,label_coverage,label_minmax_rolling,label_margin_rolling,8.809203026e-05,-0.003337788095,0.003570888732,0.4756262187,0.5244237788,7,20000,5,73,0,label_count
icews14_distmult,icews14,temporal_distmult,0.3,score_function,label_minmax_rolling-minus-label_margin_rolling,label_coverage,label_minmax_rolling,label_margin_rolling,8.809203026e-05,-0.002636850972,0.00280167701,0.4665266737,0.5335233238,14,20000,5,73,0,label_count
icews14_distmult,icews14,temporal_distmult,0.3,score_function,label_minmax_rolling-minus-label_margin_rolling,label_coverage,label_minmax_rolling,label_margin_rolling,8.809203026e-05,-0.00224353153,0.002418679528,0.4636768162,0.5363731813,21,20000,5,73,0,label_count
icews14_distmult,icews14,temporal_distmult,0.3,score_function,label_minmax_rolling-minus-label_margin_rolling,mean_set_size,label_minmax_rolling,label_margin_rolling,-1772.688264,-1941.731041,-1596.341466,1,4.999750012e-05,3,20000,5,73,0,query_count
icews14_distmult,icews14,temporal_distmult,0.3,score_function,label_minmax_rolling-minus-label_margin_rolling,mean_set_size,label_minmax_rolling,label_margin_rolling,-1772.688264,-1937.66211,-1601.4808,1,4.999750012e-05,7,20000,5,73,0,query_count
icews14_distmult,icews14,temporal_distmult,0.3,score_function,label_minmax_rolling-minus-label_margin_rolling,mean_set_size,label_minmax_rolling,label_margin_rolling,-1772.688264,-1934.558142,-1599.907111,1,4.999750012e-05,14,20000,5,73,0,query_count
icews14_distmult,icews14,temporal_distmult,0.3,score_function,label_minmax_rolling-minus-label_margin_rolling,mean_set_size,label_minmax_rolling,label_margin_rolling,-1772.688264,-1931.19404,-1597.494908,1,4.999750012e-05,21,20000,5,73,0,query_count
icews14_distmult,icews14,temporal_distmult,0.3,score_function,label_negscore_rolling-minus-label_margin_rolling,label_coverage,label_negscore_rolling,label_margin_rolling,-0.0002383666701,-0.005893390481,0.005722841082,0.5292235388,0.4708764562,3,20000,5,73,0,label_count
icews14_distmult,icews14,temporal_distmult,0.3,score_function,label_negscore_rolling-minus-label_margin_rolling,label_coverage,label_negscore_rolling,label_margin_rolling,-0.0002383666701,-0.004449786133,0.003833037448,0.5391230438,0.4609269537,7,20000,5,73,0,label_count
icews14_distmult,icews14,temporal_distmult,0.3,score_function,label_negscore_rolling-minus-label_margin_rolling,label_coverage,label_negscore_rolling,label_margin_rolling,-0.0002383666701,-0.003761853723,0.00325946491,0.5397730113,0.4602769862,14,20000,5,73,0,label_count
icews14_distmult,icews14,temporal_distmult,0.3,score_function,label_negscore_rolling-minus-label_margin_rolling,label_coverage,label_negscore_rolling,label_margin_rolling,-0.0002383666701,-0.003308963776,0.002905332203,0.5449227539,0.4551272436,21,20000,5,73,0,label_count
icews14_distmult,icews14,temporal_distmult,0.3,score_function,label_negscore_rolling-minus-label_margin_rolling,mean_set_size,label_negscore_rolling,label_margin_rolling,-1015.691732,-1212.203643,-812.4253291,1,4.999750012e-05,3,20000,5,73,0,query_count
icews14_distmult,icews14,temporal_distmult,0.3,score_function,label_negscore_rolling-minus-label_margin_rolling,mean_set_size,label_negscore_rolling,label_margin_rolling,-1015.691732,-1215.648315,-815.0615515,1,4.999750012e-05,7,20000,5,73,0,query_count
icews14_distmult,icews14,temporal_distmult,0.3,score_function,label_negscore_rolling-minus-label_margin_rolling,mean_set_size,label_negscore_rolling,label_margin_rolling,-1015.691732,-1225.965674,-818.1076006,1,4.999750012e-05,14,20000,5,73,0,query_count
icews14_distmult,icews14,temporal_distmult,0.3,score_function,label_negscore_rolling-minus-label_margin_rolling,mean_set_size,label_negscore_rolling,label_margin_rolling,-1015.691732,-1226.066582,-817.9186844,1,4.999750012e-05,21,20000,5,73,0,query_count
icews14_distmult,icews14,temporal_distmult,0.3,score_function,label_softmax_rolling-minus-label_margin_rolling,label_coverage,label_softmax_rolling,label_margin_rolling,0.07215773655,0.05565966024,0.08729201008,4.999750012e-05,1,3,20000,5,73,0,label_count
icews14_distmult,icews14,temporal_distmult,0.3,score_function,label_softmax_rolling-minus-label_margin_rolling,label_coverage,label_softmax_rolling,label_margin_rolling,0.07215773655,0.05172008439,0.09020897923,4.999750012e-05,1,7,20000,5,73,0,label_count
icews14_distmult,icews14,temporal_distmult,0.3,score_function,label_softmax_rolling-minus-label_margin_rolling,label_coverage,label_softmax_rolling,label_margin_rolling,0.07215773655,0.04714020347,0.09456798379,4.999750012e-05,1,14,20000,5,73,0,label_count
icews14_distmult,icews14,temporal_distmult,0.3,score_function,label_softmax_rolling-minus-label_margin_rolling,label_coverage,label_softmax_rolling,label_margin_rolling,0.07215773655,0.04527076805,0.09631071216,4.999750012e-05,1,21,20000,5,73,0,label_count
icews14_distmult,icews14,temporal_distmult,0.3,score_function,label_softmax_rolling-minus-label_margin_rolling,mean_set_size,label_softmax_rolling,label_margin_rolling,2158.813927,1659.186557,2602.209245,4.999750012e-05,1,3,20000,5,73,0,query_count
icews14_distmult,icews14,temporal_distmult,0.3,score_function,label_softmax_rolling-minus-label_margin_rolling,mean_set_size,label_softmax_rolling,label_margin_rolling,2158.813927,1546.777654,2704.123251,4.999750012e-05,1,7,20000,5,73,0,query_count
icews14_distmult,icews14,temporal_distmult,0.3,score_function,label_softmax_rolling-minus-label_margin_rolling,mean_set_size,label_softmax_rolling,label_margin_rolling,2158.813927,1405.913989,2808.368503,4.999750012e-05,1,14,20000,5,73,0,query_count
icews14_distmult,icews14,temporal_distmult,0.3,score_function,label_softmax_rolling-minus-label_margin_rolling,mean_set_size,label_softmax_rolling,label_margin_rolling,2158.813927,1342.008788,2865.442282,4.999750012e-05,1,21,20000,5,73,0,query_count
