deletion_rate,method,timestamp_id,timestamp_raw,timestamp_plot,coverage_mean,coverage_sd,coverage_min,coverage_max,seed_count
0,rolling,292,293,293,0.9082191781,0.01034223895,0.897260274,0.9178082192,3
0,rolling,293,294,294,0.8956433637,0.007798786382,0.8890577508,0.9042553191,3
0,rolling,294,295,295,0.8969795038,0.002471723676,0.8948220065,0.8996763754,3
0,rolling,295,296,296,0.9194194194,0.008537898954,0.9099099099,0.9264264264,3
0,rolling,296,297,297,0.8830749354,0.002960320216,0.8798449612,0.8856589147,3
0,rolling,297,298,298,0.8493150685,0.009060792161,0.8390410959,0.8561643836,3
0,rolling,298,299,299,0.9325396825,0.01729721803,0.9206349206,0.9523809524,3
0,rolling,299,300,300,0.9069325736,0.0008224362809,0.905982906,0.9074074074,3
0,rolling,300,301,301,0.8780120482,0.003012048193,0.875,0.8810240964,3
0,rolling,301,302,302,0.9388528139,0.0009372569305,0.9383116883,0.9399350649,3
0,rolling,302,303,303,0.8877192982,0.003038685627,0.8859649123,0.8912280702,3
0,rolling,303,304,304,0.9157441574,0.008719217023,0.905904059,0.9225092251,3
0,rolling,304,305,305,0.918699187,0.006346542681,0.9115853659,0.9237804878,3
0,rolling,305,306,306,0.9390243902,0.01397126736,0.9268292683,0.9542682927,3
0,rolling,306,307,307,0.8940435281,0.003968043087,0.8917525773,0.8986254296,3
0,rolling,307,308,308,0.880952381,0.008836993916,0.8707482993,0.8860544218,3
0,rolling,308,309,309,0.8985765125,0.007756047942,0.8896797153,0.9039145907,3
0,rolling,309,310,310,0.9089456869,0.007987220447,0.9009584665,0.9169329073,3
0,rolling,310,311,311,0.9123655914,0.003724840446,0.9080645161,0.914516129,3
0,rolling,311,312,312,0.8873668189,0.01126228964,0.8744292237,0.8949771689,3
0,rolling,312,313,313,0.8695652174,0.01506131137,0.8608695652,0.8869565217,3
0,rolling,313,314,314,0.9114189757,0.001923835304,0.9093198992,0.9130982368,3
0,rolling,314,315,315,0.9134709931,0.004741224563,0.9100294985,0.918879056,3
0,rolling,315,316,316,0.9078380706,0.001973546811,0.9056847545,0.9095607235,3
0,rolling,316,317,317,0.9186455585,0.004633093119,0.9142480211,0.9234828496,3
0,rolling,317,318,318,0.8962962963,0.00510246072,0.8904761905,0.9,3
0,rolling,318,319,319,0.8859649123,0.01274531855,0.8713450292,0.8947368421,3
0,rolling,319,320,320,0.9074074074,0.0134533918,0.8981481481,0.9228395062,3
0,rolling,320,321,321,0.8976449275,0.008301767563,0.8885869565,0.9048913043,3
0,rolling,321,322,322,0.912745098,0.005164536153,0.9073529412,0.9176470588,3
0,rolling,322,323,323,0.9071856287,0.005185780861,0.9011976048,0.9101796407,3
0,rolling,323,324,324,0.8877245509,0.003960705555,0.8832335329,0.8907185629,3
0,rolling,324,325,325,0.8965661642,0.004411915307,0.891959799,0.9007537688,3
0,rolling,325,326,326,0.877721943,0.02030880344,0.8592964824,0.8994974874,3
0,rolling,326,327,327,0.8854660348,0.009865715637,0.8744075829,0.8933649289,3
0,rolling,327,328,328,0.9295392954,0.005906367132,0.9227642276,0.933604336,3
0,rolling,328,329,329,0.9161111111,0.005091750772,0.9116666667,0.9216666667,3
0,rolling,329,330,330,0.9000974659,0.005908555386,0.8932748538,0.9035087719,3
0,rolling,330,331,331,0.8895833333,0.01108531076,0.8796875,0.9015625,3
0,rolling,331,332,332,0.9235836627,0.00798705906,0.918972332,0.9328063241,3
0,rolling,332,333,333,0.8815513627,0.003631133768,0.8773584906,0.8836477987,3
0,rolling,333,334,334,0.910331384,0.01181711077,0.9035087719,0.9239766082,3
0,rolling,334,335,335,0.8947619048,0.007867957925,0.8857142857,0.9,3
0,rolling,335,336,336,0.887703252,0.01102771058,0.875,0.8948170732,3
0,rolling,336,337,337,0.9103375527,0.004833940606,0.9050632911,0.914556962,3
0,rolling,337,338,338,0.8973429952,0.005823460604,0.893115942,0.9039855072,3
0,rolling,338,339,339,0.8944892473,0.0161709804,0.8790322581,0.9112903226,3
0,rolling,339,340,340,0.8932926829,0,0.8932926829,0.8932926829,3
0,rolling,340,341,341,0.9207317073,0.008066314973,0.9115853659,0.9268292683,3
0,rolling,341,342,342,0.8975694444,0.01483333984,0.8819444444,0.9114583333,3
0,rolling,342,343,343,0.8752620545,0.003956936287,0.8710691824,0.8789308176,3
0,rolling,343,344,344,0.9023883697,0.004758645581,0.8971962617,0.9065420561,3
0,rolling,344,345,345,0.9169230769,0.00266469355,0.9138461538,0.9184615385,3
0,rolling,345,346,346,0.9237770193,0.01303349174,0.909556314,0.9351535836,3
0,rolling,346,347,347,0.9047619048,0.01030982624,0.8928571429,0.9107142857,3
0,rolling,347,348,348,0.9215686275,0.003267973856,0.9183006536,0.9248366013,3
0,rolling,348,349,349,0.8688141923,0.01987282601,0.8473389356,0.8865546218,3
0,rolling,349,350,350,0.8894444444,0.005091750772,0.885,0.895,3
0,rolling,350,351,351,0.8841463415,0.005496267188,0.8795731707,0.8902439024,3
0,rolling,351,352,352,0.8869731801,0.006907186351,0.8812260536,0.8946360153,3
0,rolling,352,353,353,0.9018759019,0.004505770562,0.8982683983,0.9069264069,3
0,rolling,353,354,354,0.9077134986,0.01720385124,0.8884297521,0.9214876033,3
0,rolling,354,355,355,0.9285714286,0.01111660215,0.9201680672,0.9411764706,3
0,rolling,355,356,356,0.8944636678,0.005190311419,0.8892733564,0.8996539792,3
0,rolling,356,357,357,0.8868613139,0.01196612869,0.8740875912,0.897810219,3
0,rolling,357,358,358,0.9105090312,0.003762377418,0.9064039409,0.9137931034,3
0,rolling,358,359,359,0.8822222222,0.02219442706,0.8633333333,0.9066666667,3
0,rolling,359,360,360,0.9454545455,0.00303030303,0.9424242424,0.9484848485,3
0,rolling,360,361,361,0.899122807,0.004385964912,0.8947368421,0.9035087719,3
0,rolling,361,362,362,0.9105691057,0.008130081301,0.9024390244,0.918699187,3
0,rolling,362,363,363,0.8602150538,0.008276776515,0.8532258065,0.8693548387,3
0,rolling,363,364,364,0.9274611399,0.007772020725,0.9196891192,0.9352331606,3
0,rolling,364,365,365,0.9190207156,0.007109071973,0.9124293785,0.9265536723,3
0,static,292,293,293,0.8899543379,0.002092500317,0.8876712329,0.8917808219,3
0,static,293,294,294,0.8804457953,0.0043871601,0.8753799392,0.8829787234,3
0,static,294,295,295,0.877562028,0.006539566156,0.8705501618,0.8834951456,3
0,static,295,296,296,0.8848848849,0.006068246073,0.8783783784,0.8903903904,3
0,static,296,297,297,0.8572351421,0.005920640433,0.8507751938,0.8624031008,3
0,static,297,298,298,0.8299086758,0.01296554417,0.8150684932,0.8390410959,3
0,static,298,299,299,0.8941798942,0.009986553486,0.8849206349,0.9047619048,3
0,static,299,300,300,0.8717948718,0.007537753023,0.8632478632,0.8774928775,3
0,static,300,301,301,0.8428714859,0.007117192208,0.8373493976,0.8509036145,3
0,static,301,302,302,0.8701298701,0.01136363636,0.8571428571,0.8782467532,3
0,static,302,303,303,0.8461988304,0.004415107857,0.8421052632,0.850877193,3
0,static,303,304,304,0.8714637146,0.007456553292,0.8671586716,0.8800738007,3
0,static,304,305,305,0.8770325203,0.007672595971,0.868902439,0.8841463415,3
0,static,305,306,306,0.9146341463,0.01613262995,0.8963414634,0.9268292683,3
0,static,306,307,307,0.873997709,0.00847574375,0.8642611684,0.8797250859,3
0,static,307,308,308,0.8662131519,0.009965077002,0.8588435374,0.8775510204,3
0,static,308,309,309,0.8612099644,0.001779359431,0.859430605,0.8629893238,3
0,static,309,310,310,0.8711395101,0.003325345047,0.8674121406,0.8738019169,3
0,static,310,311,311,0.8833333333,0.005184758474,0.8774193548,0.8870967742,3
0,static,311,312,312,0.8523592085,0.009227059097,0.8424657534,0.8607305936,3
0,static,312,313,313,0.8391304348,0.007838154947,0.8304347826,0.8456521739,3
0,static,313,314,314,0.8614609572,0.007660909988,0.8564231738,0.8702770781,3
0,static,314,315,315,0.8667649951,0.00742363268,0.8598820059,0.8746312684,3
0,static,315,316,316,0.8479758829,0.01052264576,0.8359173127,0.8552971576,3
0,static,316,317,317,0.8579595427,0.007952128989,0.8496042216,0.8654353562,3
0,static,317,318,318,0.8576719577,0.01697250257,0.8380952381,0.8682539683,3
0,static,318,319,319,0.8411306043,0.01713293941,0.8216374269,0.8538011696,3
0,static,319,320,320,0.8590534979,0.0099214514,0.8518518519,0.8703703704,3
0,static,320,321,321,0.8564311594,0.01333553611,0.8410326087,0.8641304348,3
0,static,321,322,322,0.8647058824,0.01203728349,0.8514705882,0.875,3
0,static,322,323,323,0.8612774451,0.005257312252,0.8562874251,0.8667664671,3
0,static,323,324,324,0.8363273453,0.006232532933,0.8293413174,0.8413173653,3
0,static,324,325,325,0.8438023451,0.004038379716,0.8391959799,0.8467336683,3
0,static,325,326,326,0.8015075377,0.006647616359,0.7939698492,0.8065326633,3
0,static,326,327,327,0.8167456556,0.006840643,0.8127962085,0.8246445498,3
0,static,327,328,328,0.8536585366,0.007040856941,0.8455284553,0.8577235772,3
0,static,328,329,329,0.855,0.01092906421,0.8433333333,0.865,3
0,static,329,330,330,0.8445419103,0.004466448046,0.8406432749,0.8494152047,3
0,static,330,331,331,0.8307291667,0.006314768569,0.8234375,0.834375,3
0,static,331,332,332,0.8642951252,0.006940483368,0.8577075099,0.871541502,3
0,static,332,333,333,0.8343815514,0.001815566884,0.8333333333,0.8364779874,3
0,static,333,334,334,0.8460038986,0.02233224023,0.8216374269,0.865497076,3
0,static,334,335,335,0.8480952381,0.006598288791,0.8442857143,0.8557142857,3
0,static,335,336,336,0.8318089431,0.005353482598,0.8262195122,0.8368902439,3
0,static,336,337,337,0.8143459916,0.007805194402,0.8053797468,0.8196202532,3
0,static,337,338,338,0.8260869565,0.007896556057,0.8206521739,0.8351449275,3
0,static,338,339,339,0.8205645161,0.01411290323,0.810483871,0.8366935484,3
0,static,339,340,340,0.843495935,0.01269308536,0.8292682927,0.8536585366,3
0,static,340,341,341,0.862804878,0.003048780488,0.8597560976,0.8658536585,3
0,static,341,342,342,0.8252314815,0.01060781411,0.8159722222,0.8368055556,3
0,static,342,343,343,0.8107966457,0.01280586134,0.8018867925,0.8254716981,3
0,static,343,344,344,0.8219106957,0.007683618166,0.8130841121,0.8271028037,3
0,static,344,345,345,0.8215384615,0.00266469355,0.82,0.8246153846,3
0,static,345,346,346,0.8452787258,0.007104662114,0.8395904437,0.8532423208,3
0,static,346,347,347,0.8511904762,0.02202179849,0.8258928571,0.8660714286,3
0,static,347,348,348,0.8311546841,0.01147674701,0.8202614379,0.8431372549,3
0,static,348,349,349,0.8118580766,0.004278782161,0.8081232493,0.8165266106,3
0,static,349,350,350,0.8105555556,0.006309898162,0.8033333333,0.815,3
0,static,350,351,351,0.8018292683,0.003048780488,0.7987804878,0.8048780488,3
0,static,351,352,352,0.7937420179,0.00905328664,0.7835249042,0.8007662835,3
0,static,352,353,353,0.7763347763,0.01230788031,0.7662337662,0.79004329,3
0,static,353,354,354,0.8071625344,0.002385744914,0.805785124,0.8099173554,3
0,static,354,355,355,0.7983193277,0.01111660215,0.7899159664,0.8109243697,3
0,static,355,356,356,0.7820069204,0.01351254269,0.7733564014,0.7975778547,3
0,static,356,357,357,0.7937956204,0.007299270073,0.7864963504,0.8010948905,3
0,static,357,358,358,0.7996715928,0.009954314986,0.7906403941,0.8103448276,3
0,static,358,359,359,0.7688888889,0.006938886665,0.7633333333,0.7766666667,3
0,static,359,360,360,0.8575757576,0.009090909091,0.8484848485,0.8666666667,3
0,static,360,361,361,0.7909356725,0.006699672069,0.7850877193,0.798245614,3
0,static,361,362,362,0.8143631436,0.01692411382,0.8008130081,0.8333333333,3
0,static,362,363,363,0.7946236559,0.006518470781,0.7870967742,0.7983870968,3
0,static,363,364,364,0.8195164076,0.01078583419,0.810880829,0.8316062176,3
0,static,364,365,365,0.8258003766,0.008630086055,0.8163841808,0.8333333333,3
0,weighted,292,293,293,0.9077625571,0.01028158014,0.897260274,0.9178082192,3
0,weighted,293,294,294,0.8931104357,0.005753706531,0.8890577508,0.8996960486,3
0,weighted,294,295,295,0.8953613808,0.003736894946,0.8932038835,0.8996763754,3
0,weighted,295,296,296,0.9189189189,0.009376873871,0.9084084084,0.9264264264,3
0,weighted,296,297,297,0.8804909561,0.001118895871,0.8798449612,0.8817829457,3
0,weighted,297,298,298,0.8493150685,0.009060792161,0.8390410959,0.8561643836,3
0,weighted,298,299,299,0.9325396825,0.01729721803,0.9206349206,0.9523809524,3
0,weighted,299,300,300,0.9055080722,0.002175961868,0.9031339031,0.9074074074,3
0,weighted,300,301,301,0.8770080321,0.003135039156,0.8734939759,0.8795180723,3
0,weighted,301,302,302,0.9383116883,0,0.9383116883,0.9383116883,3
0,weighted,302,303,303,0.885380117,0.004415107857,0.8807017544,0.8894736842,3
0,weighted,303,304,304,0.9151291513,0.009762919967,0.9040590406,0.9225092251,3
0,weighted,304,305,305,0.9176829268,0.006097560976,0.9115853659,0.9237804878,3
0,weighted,305,306,306,0.9390243902,0.01397126736,0.9268292683,0.9542682927,3
0,weighted,306,307,307,0.8928980527,0.003576745704,0.8900343643,0.8969072165,3
0,weighted,307,308,308,0.8803854875,0.008389256569,0.8707482993,0.8860544218,3
0,weighted,308,309,309,0.8985765125,0.007756047942,0.8896797153,0.9039145907,3
0,weighted,309,310,310,0.9089456869,0.007987220447,0.9009584665,0.9169329073,3
0,weighted,310,311,311,0.9123655914,0.003724840446,0.9080645161,0.914516129,3
0,weighted,311,312,312,0.8866057839,0.0105452104,0.8744292237,0.8926940639,3
0,weighted,312,313,313,0.8688405797,0.01572647421,0.8586956522,0.8869565217,3
0,weighted,313,314,314,0.9109991604,0.001923835304,0.9093198992,0.9130982368,3
0,weighted,314,315,315,0.9119960669,0.004741224563,0.9085545723,0.9174041298,3
0,weighted,315,316,316,0.9074074074,0.001491861161,0.9056847545,0.9082687339,3
0,weighted,316,317,317,0.9173262973,0.005492522426,0.9129287599,0.9234828496,3
0,weighted,317,318,318,0.8941798942,0.004582144994,0.8888888889,0.8968253968,3
0,weighted,318,319,319,0.8859649123,0.01274531855,0.8713450292,0.8947368421,3
0,weighted,319,320,320,0.9043209877,0.01112824468,0.8950617284,0.9166666667,3
0,weighted,320,321,321,0.8976449275,0.008301767563,0.8885869565,0.9048913043,3
0,weighted,321,322,322,0.912745098,0.005164536153,0.9073529412,0.9176470588,3
0,weighted,322,323,323,0.9071856287,0.005185780861,0.9011976048,0.9101796407,3
0,weighted,323,324,324,0.8867265469,0.005667573199,0.880239521,0.8907185629,3
0,weighted,324,325,325,0.8961474037,0.003838003095,0.891959799,0.8994974874,3
0,weighted,325,326,326,0.877721943,0.02030880344,0.8592964824,0.8994974874,3
0,weighted,326,327,327,0.8846761453,0.0095769002,0.8744075829,0.8933649289,3
0,weighted,327,328,328,0.928635953,0.006403544209,0.9214092141,0.933604336,3
0,weighted,328,329,329,0.9161111111,0.005091750772,0.9116666667,0.9216666667,3
0,weighted,329,330,330,0.9000974659,0.005908555386,0.8932748538,0.9035087719,3
0,weighted,330,331,331,0.8895833333,0.01108531076,0.8796875,0.9015625,3
0,weighted,331,332,332,0.9222661397,0.007482092682,0.9169960474,0.9308300395,3
0,weighted,332,333,333,0.8805031447,0.003144654088,0.8773584906,0.8836477987,3
0,weighted,333,334,334,0.910331384,0.01181711077,0.9035087719,0.9239766082,3
0,weighted,334,335,335,0.8923809524,0.005947617141,0.8857142857,0.8971428571,3
0,weighted,335,336,336,0.887195122,0.01056128541,0.875,0.8932926829,3
0,weighted,336,337,337,0.9077004219,0.002416970303,0.9050632911,0.9098101266,3
0,weighted,337,338,338,0.8961352657,0.006858584959,0.8913043478,0.9039855072,3
0,weighted,338,339,339,0.8944892473,0.0161709804,0.8790322581,0.9112903226,3
0,weighted,339,340,340,0.8922764228,0.001760214235,0.8902439024,0.8932926829,3
0,weighted,340,341,341,0.9207317073,0.008066314973,0.9115853659,0.9268292683,3
0,weighted,341,342,342,0.8958333333,0.0142106819,0.8802083333,0.9079861111,3
0,weighted,342,343,343,0.8736897275,0.003631133768,0.8694968553,0.8757861635,3
0,weighted,343,344,344,0.9018691589,0.004672897196,0.8971962617,0.9065420561,3
0,weighted,344,345,345,0.9158974359,0.002350038818,0.9138461538,0.9184615385,3
0,weighted,345,346,346,0.9237770193,0.01303349174,0.909556314,0.9351535836,3
0,weighted,346,347,347,0.9047619048,0.01030982624,0.8928571429,0.9107142857,3
0,weighted,347,348,348,0.9215686275,0.003267973856,0.9183006536,0.9248366013,3
0,weighted,348,349,349,0.8688141923,0.01987282601,0.8473389356,0.8865546218,3
0,weighted,349,350,350,0.8894444444,0.005091750772,0.885,0.895,3
0,weighted,350,351,351,0.8836382114,0.004657089121,0.8795731707,0.8887195122,3
0,weighted,351,352,352,0.8869731801,0.006907186351,0.8812260536,0.8946360153,3
0,weighted,352,353,353,0.8982683983,0.00780422354,0.8917748918,0.9069264069,3
0,weighted,353,354,354,0.9063360882,0.01564437561,0.8884297521,0.9173553719,3
0,weighted,354,355,355,0.9257703081,0.009703365869,0.9201680672,0.9369747899,3
0,weighted,355,356,356,0.8938869666,0.005285554435,0.8892733564,0.8996539792,3
0,weighted,356,357,357,0.8862530414,0.01114981921,0.8740875912,0.8959854015,3
0,weighted,357,358,358,0.9105090312,0.003762377418,0.9064039409,0.9137931034,3
0,weighted,358,359,359,0.8822222222,0.02219442706,0.8633333333,0.9066666667,3
0,weighted,359,360,360,0.9454545455,0.00303030303,0.9424242424,0.9484848485,3
0,weighted,360,361,361,0.8947368421,0.004385964912,0.8903508772,0.899122807,3
0,weighted,361,362,362,0.9105691057,0.008130081301,0.9024390244,0.918699187,3
0,weighted,362,363,363,0.8591397849,0.006518470781,0.8532258065,0.8661290323,3
0,weighted,363,364,364,0.9257340242,0.007914638506,0.9170984456,0.932642487,3
0,weighted,364,365,365,0.918079096,0.005649717514,0.9124293785,0.9237288136,3
0.3,rolling,292,293,293,0.9118721461,0.005186217667,0.9082191781,0.9178082192,3
0.3,rolling,293,294,294,0.8910840932,0.005753706531,0.8844984802,0.8951367781,3
0.3,rolling,294,295,295,0.9012944984,0.01121068484,0.8948220065,0.9142394822,3
0.3,rolling,295,296,296,0.9094094094,0.003125624624,0.9069069069,0.9129129129,3
0.3,rolling,296,297,297,0.8798449612,0.001937984496,0.8779069767,0.8817829457,3
0.3,rolling,297,298,298,0.8470319635,0.012027002,0.8356164384,0.8595890411,3
0.3,rolling,298,299,299,0.9338624339,0.002291072497,0.9325396825,0.9365079365,3
0.3,rolling,299,300,300,0.9140550807,0.006579490247,0.9102564103,0.9216524217,3
0.3,rolling,300,301,301,0.8795180723,0.003984565228,0.8765060241,0.8840361446,3
0.3,rolling,301,302,302,0.9296536797,0.008330521817,0.9204545455,0.9366883117,3
0.3,rolling,302,303,303,0.8923976608,0.003652045613,0.8894736842,0.8964912281,3
0.3,rolling,303,304,304,0.9169741697,0.003195665697,0.9132841328,0.9188191882,3
0.3,rolling,304,305,305,0.8922764228,0.01154249664,0.8841463415,0.9054878049,3
0.3,rolling,305,306,306,0.9390243902,0,0.9390243902,0.9390243902,3
0.3,rolling,306,307,307,0.8934707904,0.008591065292,0.8848797251,0.9020618557,3
0.3,rolling,307,308,308,0.880952381,0.01791777849,0.8639455782,0.8996598639,3
0.3,rolling,308,309,309,0.8997627521,0.01262384143,0.8861209964,0.9110320285,3
0.3,rolling,309,310,310,0.9057507987,0.003194888179,0.9025559105,0.9089456869,3
0.3,rolling,310,311,311,0.9053763441,0.004656050558,0.9,0.9080645161,3
0.3,rolling,311,312,312,0.8797564688,0.01298228471,0.8652968037,0.8904109589,3
0.3,rolling,312,313,313,0.8579710145,0.01572647421,0.847826087,0.8760869565,3
0.3,rolling,313,314,314,0.9214945424,0.005243491183,0.9156171285,0.9256926952,3
0.3,rolling,314,315,315,0.918879056,0.006758961202,0.912979351,0.9262536873,3
0.3,rolling,315,316,316,0.8970714901,0.009697097545,0.8914728682,0.9082687339,3
0.3,rolling,316,317,317,0.9186455585,0.01024730009,0.9102902375,0.9300791557,3
0.3,rolling,317,318,318,0.9031746032,0.007273929675,0.8968253968,0.9111111111,3
0.3,rolling,318,319,319,0.8762183236,0.01762489407,0.8596491228,0.8947368421,3
0.3,rolling,319,320,320,0.9115226337,0.004714584048,0.9074074074,0.9166666667,3
0.3,rolling,320,321,321,0.8994565217,0.01160870074,0.8885869565,0.9116847826,3
0.3,rolling,321,322,322,0.9049019608,0.003396178054,0.9029411765,0.9088235294,3
0.3,rolling,322,323,323,0.9116766467,0.001497005988,0.9101796407,0.9131736527,3
0.3,rolling,323,324,324,0.8937125749,0.0119760479,0.8817365269,0.9056886228,3
0.3,rolling,324,325,325,0.8860971524,0.007253144085,0.8819095477,0.8944723618,3
0.3,rolling,325,326,326,0.8752093802,0.01160503054,0.8618090452,0.8819095477,3
0.3,rolling,326,327,327,0.8917851501,0.0054725144,0.8886255924,0.8981042654,3
0.3,rolling,327,328,328,0.9390243902,0.01023012796,0.9281842818,0.9485094851,3
0.3,rolling,328,329,329,0.9105555556,0.006735753141,0.9033333333,0.9166666667,3
0.3,rolling,329,330,330,0.8888888889,0.01409890462,0.8786549708,0.9049707602,3
0.3,rolling,330,331,331,0.9078125,0.009757809372,0.896875,0.915625,3
0.3,rolling,331,332,332,0.9262187088,0.005705042186,0.9229249012,0.9328063241,3
0.3,rolling,332,333,333,0.8878406709,0.003631133768,0.8836477987,0.8899371069,3
0.3,rolling,333,334,334,0.8996101365,0.008932896092,0.8918128655,0.9093567251,3
0.3,rolling,334,335,335,0.8980952381,0.01091089451,0.8885714286,0.91,3
0.3,rolling,335,336,336,0.893800813,0.004900229045,0.8902439024,0.8993902439,3
0.3,rolling,336,337,337,0.8918776371,0.003981980187,0.8876582278,0.8955696203,3
0.3,rolling,337,338,338,0.904589372,0.004559078765,0.9003623188,0.9094202899,3
0.3,rolling,338,339,339,0.8971774194,0.007269256604,0.8891129032,0.9032258065,3
0.3,rolling,339,340,340,0.8902439024,0.006097560976,0.8841463415,0.8963414634,3
0.3,rolling,340,341,341,0.9207317073,0.009146341463,0.9115853659,0.9298780488,3
0.3,rolling,341,342,342,0.9016203704,0.0087382343,0.8923611111,0.9097222222,3
0.3,rolling,342,343,343,0.8805031447,0.01750869296,0.8647798742,0.8993710692,3
0.3,rolling,343,344,344,0.8935617861,0.01179420217,0.8800623053,0.9018691589,3
0.3,rolling,344,345,345,0.92,0.008140773265,0.9107692308,0.9261538462,3
0.3,rolling,345,346,346,0.925483504,0.002606698348,0.9232081911,0.9283276451,3
0.3,rolling,346,347,347,0.8913690476,0.01288728279,0.8839285714,0.90625,3
0.3,rolling,347,348,348,0.9139433551,0.008224220518,0.9052287582,0.9215686275,3
0.3,rolling,348,349,349,0.8767507003,0.006418173242,0.8711484594,0.8837535014,3
0.3,rolling,349,350,350,0.8927777778,0.008552669066,0.8833333333,0.9,3
0.3,rolling,350,351,351,0.8846544715,0.006873856331,0.8780487805,0.8917682927,3
0.3,rolling,351,352,352,0.8927203065,0.006907186351,0.8869731801,0.9003831418,3
0.3,rolling,352,353,353,0.8975468975,0.01408313225,0.8831168831,0.9112554113,3
0.3,rolling,353,354,354,0.91184573,0.004771489828,0.9090909091,0.9173553719,3
0.3,rolling,354,355,355,0.9257703081,0.006418173242,0.9201680672,0.9327731092,3
0.3,rolling,355,356,356,0.8996539792,0.006237977985,0.892733564,0.9048442907,3
0.3,rolling,356,357,357,0.8959854015,0.01315894626,0.8850364964,0.9105839416,3
0.3,rolling,357,358,358,0.9014778325,0.006516628845,0.89408867,0.9064039409,3
0.3,rolling,358,359,359,0.87,0.003333333333,0.8666666667,0.8733333333,3
0.3,rolling,359,360,360,0.9404040404,0.004628864338,0.9363636364,0.9454545455,3
0.3,rolling,360,361,361,0.8903508772,0.004385964912,0.8859649123,0.8947368421,3
0.3,rolling,361,362,362,0.9308943089,0.02112257082,0.918699187,0.9552845528,3
0.3,rolling,362,363,363,0.8709677419,0.0228668498,0.8532258065,0.8967741935,3
0.3,rolling,363,364,364,0.9283246978,0.0104700826,0.9222797927,0.9404145078,3
0.3,rolling,364,365,365,0.9086629002,0.01555810889,0.8926553672,0.9237288136,3
0.3,static,292,293,293,0.896347032,0.005703194519,0.8917808219,0.902739726,3
0.3,static,293,294,294,0.8865248227,0.01237770185,0.8723404255,0.8951367781,3
0.3,static,294,295,295,0.877562028,0.0102764611,0.8656957929,0.8834951456,3
0.3,static,295,296,296,0.8728728729,0.009997489667,0.8618618619,0.8813813814,3
0.3,static,296,297,297,0.8604651163,0.005813953488,0.8546511628,0.8662790698,3
0.3,static,297,298,298,0.8242009132,0.012027002,0.8116438356,0.8356164384,3
0.3,static,298,299,299,0.8981481481,0.008260579363,0.8888888889,0.9047619048,3
0.3,static,299,300,300,0.8722697056,0.01000536919,0.8618233618,0.8817663818,3
0.3,static,300,301,301,0.8509036145,0.003012048193,0.8478915663,0.8539156627,3
0.3,static,301,302,302,0.882034632,0.005218425736,0.8782467532,0.887987013,3
0.3,static,302,303,303,0.8608187135,0.004051580836,0.8561403509,0.8631578947,3
0.3,static,303,304,304,0.8831488315,0.01228473823,0.86900369,0.8911439114,3
0.3,static,304,305,305,0.8800813008,0.007672595971,0.8719512195,0.887195122,3
0.3,static,305,306,306,0.9176829268,0.005280642706,0.9146341463,0.9237804878,3
0.3,static,306,307,307,0.8848797251,0.005154639175,0.8797250859,0.8900343643,3
0.3,static,307,308,308,0.8684807256,0.01873323315,0.8503401361,0.887755102,3
0.3,static,308,309,309,0.8677342823,0.00673654608,0.8629893238,0.8754448399,3
0.3,static,309,310,310,0.875399361,0.003194888179,0.8722044728,0.8785942492,3
0.3,static,310,311,311,0.8790322581,0.004838709677,0.8741935484,0.8838709677,3
0.3,static,311,312,312,0.8546423135,0.01298228471,0.8401826484,0.8652968037,3
0.3,static,312,313,313,0.8239130435,0.01567630989,0.8108695652,0.8413043478,3
0.3,static,313,314,314,0.8618807725,0.002908565588,0.8602015113,0.8652392947,3
0.3,static,314,315,315,0.8741396264,0.007568733686,0.8657817109,0.8805309735,3
0.3,static,315,316,316,0.8617571059,0.009043927649,0.8514211886,0.8682170543,3
0.3,static,316,317,317,0.8667546174,0.01142513725,0.8601583113,0.8799472296,3
0.3,static,317,318,318,0.8740740741,0.00510246072,0.8682539683,0.8777777778,3
0.3,static,318,319,319,0.8411306043,0.01762489407,0.8245614035,0.8596491228,3
0.3,static,319,320,320,0.8672839506,0.008165899108,0.8611111111,0.8765432099,3
0.3,static,320,321,321,0.8718297101,0.006126698034,0.8654891304,0.8777173913,3
0.3,static,321,322,322,0.8764705882,0.007352941176,0.8691176471,0.8838235294,3
0.3,static,322,323,323,0.869261477,0.009740130387,0.8592814371,0.878742515,3
0.3,static,323,324,324,0.8423153693,0.004812200979,0.8368263473,0.8458083832,3
0.3,static,324,325,325,0.8467336683,0.00332380818,0.8442211055,0.8505025126,3
0.3,static,325,326,326,0.8082077052,0.005230316582,0.8040201005,0.8140703518,3
0.3,static,326,327,327,0.8246445498,0.01253910574,0.8151658768,0.8388625592,3
0.3,static,327,328,328,0.8685636856,0.009771141668,0.8577235772,0.8766937669,3
0.3,static,328,329,329,0.8733333333,0.007637626158,0.865,0.88,3
0.3,static,329,330,330,0.8523391813,0.008892927676,0.8421052632,0.8581871345,3
0.3,static,330,331,331,0.8484375,0.004133986424,0.8453125,0.853125,3
0.3,static,331,332,332,0.8722002635,0.007482092682,0.8636363636,0.8774703557,3
0.3,static,332,333,333,0.8438155136,0.006546119495,0.8364779874,0.8490566038,3
0.3,static,333,334,334,0.8538011696,0.01054254759,0.8421052632,0.8625730994,3
0.3,static,334,335,335,0.8604761905,0.008611019676,0.8514285714,0.8685714286,3
0.3,static,335,336,336,0.844004065,0.007040856941,0.8399390244,0.8521341463,3
0.3,static,336,337,337,0.8264767932,0.003981980187,0.8227848101,0.8306962025,3
0.3,static,337,338,338,0.8357487923,0.005823460604,0.8315217391,0.8423913043,3
0.3,static,338,339,339,0.8299731183,0.008148088476,0.8205645161,0.8346774194,3
0.3,static,339,340,340,0.8404471545,0.02141393039,0.8201219512,0.862804878,3
0.3,static,340,341,341,0.8607723577,0.01786422341,0.8475609756,0.881097561,3
0.3,static,341,342,342,0.8443287037,0.002651953527,0.8420138889,0.8472222222,3
0.3,static,342,343,343,0.8312368973,0.01731940424,0.8144654088,0.8490566038,3
0.3,static,343,344,344,0.8317757009,0.005395796908,0.8255451713,0.8348909657,3
0.3,static,344,345,345,0.8451282051,0.01024358172,0.8384615385,0.8569230769,3
0.3,static,345,346,346,0.8606370876,0.005213396695,0.8549488055,0.8651877133,3
0.3,static,346,347,347,0.837797619,0.02013057925,0.8169642857,0.8571428571,3
0.3,static,347,348,348,0.8474945534,0.01969841102,0.8267973856,0.8660130719,3
0.3,static,348,349,349,0.8235294118,0.002425841467,0.8207282913,0.824929972,3
0.3,static,349,350,350,0.8244444444,0.004194352464,0.82,0.8283333333,3
0.3,static,350,351,351,0.8038617886,0.008932111703,0.7972560976,0.8140243902,3
0.3,static,351,352,352,0.8148148148,0.007742244989,0.80651341,0.8218390805,3
0.3,static,352,353,353,0.7994227994,0.00330633167,0.7965367965,0.803030303,3
0.3,static,353,354,354,0.8209366391,0.006312087734,0.8140495868,0.826446281,3
0.3,static,354,355,355,0.8193277311,0.02555782576,0.8025210084,0.8487394958,3
0.3,static,355,356,356,0.806805075,0.015698567,0.7923875433,0.8235294118,3
0.3,static,356,357,357,0.8083941606,0.01016015395,0.7974452555,0.8175182482,3
0.3,static,357,358,358,0.8218390805,0.01848658497,0.802955665,0.8399014778,3
0.3,static,358,359,359,0.7811111111,0.008388704928,0.7733333333,0.79,3
0.3,static,359,360,360,0.8494949495,0.01261615757,0.8393939394,0.8636363636,3
0.3,static,360,361,361,0.7953216374,0.02250702386,0.7763157895,0.8201754386,3
0.3,static,361,362,362,0.8387533875,0.006209452161,0.8333333333,0.8455284553,3
0.3,static,362,363,363,0.8043010753,0.007622283268,0.7983870968,0.8129032258,3
0.3,static,363,364,364,0.8376511226,0.01277948928,0.829015544,0.8523316062,3
0.3,static,364,365,365,0.8493408663,0.01334976166,0.8389830508,0.8644067797,3
0.3,weighted,292,293,293,0.9105022831,0.005186217667,0.9068493151,0.9164383562,3
0.3,weighted,293,294,294,0.8910840932,0.005753706531,0.8844984802,0.8951367781,3
0.3,weighted,294,295,295,0.9002157497,0.01077399372,0.8932038835,0.9126213592,3
0.3,weighted,295,296,296,0.9084084084,0.003972599566,0.9054054054,0.9129129129,3
0.3,weighted,296,297,297,0.8798449612,0.001937984496,0.8779069767,0.8817829457,3
0.3,weighted,297,298,298,0.8470319635,0.012027002,0.8356164384,0.8595890411,3
0.3,weighted,298,299,299,0.9325396825,0.003968253968,0.9285714286,0.9365079365,3
0.3,weighted,299,300,300,0.9131054131,0.007537753023,0.9074074074,0.9216524217,3
0.3,weighted,300,301,301,0.8770080321,0.003790077528,0.8734939759,0.8810240964,3
0.3,weighted,301,302,302,0.9291125541,0.007671778614,0.9204545455,0.9350649351,3
0.3,weighted,302,303,303,0.8906432749,0.003652045613,0.8877192982,0.8947368421,3
0.3,weighted,303,304,304,0.9157441574,0.002818312236,0.9132841328,0.9188191882,3
0.3,weighted,304,305,305,0.8912601626,0.00980045809,0.8841463415,0.9024390244,3
0.3,weighted,305,306,306,0.9390243902,0,0.9390243902,0.9390243902,3
0.3,weighted,306,307,307,0.8911798396,0.00864814941,0.883161512,0.9003436426,3
0.3,weighted,307,308,308,0.8803854875,0.01873323315,0.862244898,0.8996598639,3
0.3,weighted,308,309,309,0.8991696323,0.01359008213,0.884341637,0.9110320285,3
0.3,weighted,309,310,310,0.904685836,0.0036891391,0.9025559105,0.9089456869,3
0.3,weighted,310,311,311,0.902688172,0.007956262681,0.8935483871,0.9080645161,3
0.3,weighted,311,312,312,0.8789954338,0.01271179078,0.8652968037,0.8904109589,3
0.3,weighted,312,313,313,0.8565217391,0.01697880364,0.8456521739,0.8760869565,3
0.3,weighted,313,314,314,0.9214945424,0.005243491183,0.9156171285,0.9256926952,3
0.3,weighted,314,315,315,0.918879056,0.006758961202,0.912979351,0.9262536873,3
0.3,weighted,315,316,316,0.8944875108,0.007459305803,0.8901808786,0.9031007752,3
0.3,weighted,316,317,317,0.917766051,0.009724425852,0.9102902375,0.9287598945,3
0.3,weighted,317,318,318,0.9026455026,0.006415002991,0.8968253968,0.9095238095,3
0.3,weighted,318,319,319,0.8762183236,0.01762489407,0.8596491228,0.8947368421,3
0.3,weighted,319,320,320,0.908436214,0.001781945275,0.9074074074,0.9104938272,3
0.3,weighted,320,321,321,0.8994565217,0.01160870074,0.8885869565,0.9116847826,3
0.3,weighted,321,322,322,0.9044117647,0.002547133541,0.9029411765,0.9073529412,3
0.3,weighted,322,323,323,0.9106786427,0.00172859362,0.9086826347,0.9116766467,3
0.3,weighted,323,324,324,0.8912175649,0.009023523613,0.8817365269,0.8997005988,3
0.3,weighted,324,325,325,0.885678392,0.00764166147,0.8806532663,0.8944723618,3
0.3,weighted,325,326,326,0.8743718593,0.01305565935,0.8592964824,0.8819095477,3
0.3,weighted,326,327,327,0.8909952607,0.00626955287,0.8862559242,0.8981042654,3
0.3,weighted,327,328,328,0.9385727191,0.01095244413,0.9268292683,0.9485094851,3
0.3,weighted,328,329,329,0.9094444444,0.006938886665,0.9016666667,0.915,3
0.3,weighted,329,330,330,0.88791423,0.01243406513,0.8786549708,0.9020467836,3
0.3,weighted,330,331,331,0.9078125,0.009757809372,0.896875,0.915625,3
0.3,weighted,331,332,332,0.9242424242,0.005705042186,0.9209486166,0.9308300395,3
0.3,weighted,332,333,333,0.8867924528,0.003144654088,0.8836477987,0.8899371069,3
0.3,weighted,333,334,334,0.8996101365,0.008932896092,0.8918128655,0.9093567251,3
0.3,weighted,334,335,335,0.8976190476,0.01013514126,0.8885714286,0.9085714286,3
0.3,weighted,335,336,336,0.893800813,0.004900229045,0.8902439024,0.8993902439,3
0.3,weighted,336,337,337,0.8902953586,0.003293775316,0.8876582278,0.8939873418,3
0.3,weighted,337,338,338,0.9039855072,0.005434782609,0.8985507246,0.9094202899,3
0.3,weighted,338,339,339,0.8971774194,0.007269256604,0.8891129032,0.9032258065,3
0.3,weighted,339,340,340,0.8902439024,0.006097560976,0.8841463415,0.8963414634,3
0.3,weighted,340,341,341,0.9197154472,0.009314178242,0.9115853659,0.9298780488,3
0.3,weighted,341,342,342,0.8975694444,0.005208333333,0.8923611111,0.9027777778,3
0.3,weighted,342,343,343,0.8799790356,0.01666468878,0.8647798742,0.8977987421,3
0.3,weighted,343,344,344,0.8920041537,0.0103712276,0.8800623053,0.8987538941,3
0.3,weighted,344,345,345,0.9194871795,0.007894771445,0.9107692308,0.9261538462,3
0.3,weighted,345,346,346,0.9243458476,0.003552331057,0.9215017065,0.9283276451,3
0.3,weighted,346,347,347,0.8913690476,0.01288728279,0.8839285714,0.90625,3
0.3,weighted,347,348,348,0.9128540305,0.009983825043,0.9019607843,0.9215686275,3
0.3,weighted,348,349,349,0.8753501401,0.004201680672,0.8711484594,0.8795518207,3
0.3,weighted,349,350,350,0.8922222222,0.008388704928,0.8833333333,0.9,3
0.3,weighted,350,351,351,0.881097561,0.004033157486,0.8780487805,0.8856707317,3
0.3,weighted,351,352,352,0.8914431673,0.004821094786,0.8869731801,0.8965517241,3
0.3,weighted,352,353,353,0.8953823954,0.01441196562,0.8831168831,0.9112554113,3
0.3,weighted,353,354,354,0.91184573,0.004771489828,0.9090909091,0.9173553719,3
0.3,weighted,354,355,355,0.9229691877,0.002425841467,0.9201680672,0.9243697479,3
0.3,weighted,355,356,356,0.8979238754,0.007928331652,0.8892733564,0.9048442907,3
0.3,weighted,356,357,357,0.895377129,0.01215023379,0.8850364964,0.9087591241,3
0.3,weighted,357,358,358,0.9014778325,0.006516628845,0.89408867,0.9064039409,3
0.3,weighted,358,359,359,0.87,0.003333333333,0.8666666667,0.8733333333,3
0.3,weighted,359,360,360,0.9404040404,0.004628864338,0.9363636364,0.9454545455,3
0.3,weighted,360,361,361,0.8903508772,0.004385964912,0.8859649123,0.8947368421,3
0.3,weighted,361,362,362,0.9295392954,0.02238849816,0.9146341463,0.9552845528,3
0.3,weighted,362,363,363,0.8698924731,0.02105029242,0.8532258065,0.8935483871,3
0.3,weighted,363,364,364,0.926597582,0.009808131858,0.9196891192,0.9378238342,3
0.3,weighted,364,365,365,0.9077212806,0.01555810889,0.8926553672,0.9237288136,3
